ISO-10303-21;
HEADER;
FILE_DESCRIPTION (( 'STEP AP203' ),
    '1' );
FILE_NAME ('songliaotulun.STEP',
    '2025-06-23T05:59:22',
    ( '' ),
    ( '' ),
    'SwSTEP 2.0',
    'SolidWorks 2024',
    '' );
FILE_SCHEMA (( 'CONFIG_CONTROL_DESIGN' ));
ENDSEC;

DATA;
#1 = CARTESIAN_POINT ( 'NONE',  ( -126.0603109557135753, 7.632783294297951215E-14, 23.59448828656127617 ) ) ;
#2 = CARTESIAN_POINT ( 'NONE',  ( -129.4999999999997726, 0.000000000000000000, 0.3131212143296822625 ) ) ;
#3 = CARTESIAN_POINT ( 'NONE',  ( 50.20134151889784135, 0.000000000000000000, -13.50011076918494979 ) ) ;
#4 = CARTESIAN_POINT ( 'NONE',  ( 49.49989625310188046, 5.551115123125782702E-14, -0.3658254723889683979 ) ) ;
#5 = CARTESIAN_POINT ( 'NONE',  ( -129.2598283783068780, -20.00000000000006750, 6.570587247454588109 ) ) ;
#6 = CALENDAR_DATE ( 2025, 23, 6 ) ;
#7 = CARTESIAN_POINT ( 'NONE',  ( 8.340899792126313272, -20.00000000000012790, -116.2458920374993170 ) ) ;
#8 = CARTESIAN_POINT ( 'NONE',  ( 45.07481546528706673, -20.00000000000012790, -76.21812071197938110 ) ) ;
#9 = CARTESIAN_POINT ( 'NONE',  ( -42.93215923663036904, 0.000000000000000000, 77.03785291521705858 ) ) ;
#10 = FACE_OUTER_BOUND ( 'NONE', #2028, .T. ) ;
#11 = CARTESIAN_POINT ( 'NONE',  ( 5.057820633891095596, 7.632783294297951215E-14, 56.05786293753121896 ) ) ;
#12 = CARTESIAN_POINT ( 'NONE',  ( -105.5794034487033741, -19.99999999999996092, 57.74650836856939407 ) ) ;
#13 = CARTESIAN_POINT ( 'NONE',  ( 51.56021606764876708, -19.99999999999994671, -32.71391870664295709 ) ) ;
#14 = CARTESIAN_POINT ( 'NONE',  ( -55.58326045101522084, 7.632783294297951215E-14, 78.46171173131298815 ) ) ;
#15 = CARTESIAN_POINT ( 'NONE',  ( 20.68894613626922663, -19.99999999999996092, -109.0623157083288675 ) ) ;
#16 = CARTESIAN_POINT ( 'NONE',  ( -8.918862450379556606, 0.000000000000000000, -121.7555252007575035 ) ) ;
#17 = CARTESIAN_POINT ( 'NONE',  ( 49.54646314728117318, -20.00000000000012790, -59.25950730359811303 ) ) ;
#18 = CARTESIAN_POINT ( 'NONE',  ( -126.3650522573549182, 7.632783294297951215E-14, 22.54763282941418012 ) ) ;
#19 = CARTESIAN_POINT ( 'NONE',  ( -63.93535156719103441, 5.551115123125782702E-14, -112.6180045988345455 ) ) ;
#20 = FACE_BOUND ( 'NONE', #2062, .T. ) ;
#21 = CARTESIAN_POINT ( 'NONE',  ( 51.50584349341072254, 0.000000000000000000, -31.09819820871665996 ) ) ;
#22 = CARTESIAN_POINT ( 'NONE',  ( 49.52745485144710358, -20.00000000000011013, -2.567840970618994412 ) ) ;
#23 = CARTESIAN_POINT ( 'NONE',  ( -128.5569710679015998, -20.00000000000001776, 12.46274780849702779 ) ) ;
#24 = CARTESIAN_POINT ( 'NONE',  ( 17.75292958639460750, 5.551115123125782702E-14, -111.0749599269824870 ) ) ;
#25 = CARTESIAN_POINT ( 'NONE',  ( 42.97374300944745329, -20.00000000000013145, -81.75564295957148886 ) ) ;
#26 = CARTESIAN_POINT ( 'NONE',  ( -47.33717511649421539, 0.000000000000000000, 77.81727633936685606 ) ) ;
#27 = CARTESIAN_POINT ( 'NONE',  ( 9.484185590923500442, -19.99999999999996092, 52.98469153336755255 ) ) ;
#28 = CARTESIAN_POINT ( 'NONE',  ( -85.91370299552444578, -19.99999999999996092, 71.60633161112411926 ) ) ;
#29 = CARTESIAN_POINT ( 'NONE',  ( 48.41106004809751795, -19.99999999999996447, -64.68463125227637533 ) ) ;
#30 = CARTESIAN_POINT ( 'NONE',  ( -44.81507147097113375, -20.00000000000001776, 77.40020197676730618 ) ) ;
#31 = CARTESIAN_POINT ( 'NONE',  ( 33.48283189665496451, -19.99999999999996092, -97.09970239047501650 ) ) ;
#32 = CARTESIAN_POINT ( 'NONE',  ( -21.46918146116993853, 0.000000000000000000, -123.1384148528315308 ) ) ;
#33 = CARTESIAN_POINT ( 'NONE',  ( 50.97703082561967847, -20.00000000000012790, -49.29413594754481664 ) ) ;
#34 = CARTESIAN_POINT ( 'NONE',  ( -100.1660112179642255, -20.00000000000002132, 62.59392271035593325 ) ) ;
#35 = CARTESIAN_POINT ( 'NONE',  ( -76.45722790407356229, 5.315913002220349012E-14, -105.0821285558930924 ) ) ;
#36 = CARTESIAN_POINT ( 'NONE',  ( 20.02967353960259800, -19.99999999999996092, 45.75049248394338974 ) ) ;
#37 = CARTESIAN_POINT ( 'NONE',  ( 51.60730743718889357, 0.000000000000000000, -36.68171445823583099 ) ) ;
#38 = CARTESIAN_POINT ( 'NONE',  ( 49.84512783099553701, 5.551115123125782702E-14, -9.041093252998193108 ) ) ;
#39 = CARTESIAN_POINT ( 'NONE',  ( -46.29613354169254080, -19.99999999999996092, -119.9968429281379230 ) ) ;
#40 = CARTESIAN_POINT ( 'NONE',  ( 21.14100974632476948, -20.00000000000012790, -108.7314013359610385 ) ) ;
#41 = CARTESIAN_POINT ( 'NONE',  ( 51.43191855534384871, 0.000000000000000000, -43.34387173567770901 ) ) ;
#42 = CARTESIAN_POINT ( 'NONE',  ( 47.03760586891066708, -20.00000000000012790, -69.94460621013507762 ) ) ;
#43 = CARTESIAN_POINT ( 'NONE',  ( -45.92699257212385788, 0.000000000000000000, 77.60054074431145921 ) ) ;
#44 = DIRECTION ( 'NONE',  ( 0.000000000000000000, 1.000000000000000000, 0.000000000000000000 ) ) ;
#45 = CARTESIAN_POINT ( 'NONE',  ( -106.8860885959012137, -20.00000000000000355, 56.46695503076981737 ) ) ;
#46 = CARTESIAN_POINT ( 'NONE',  ( 51.42147048789126984, -19.99999999999996092, -43.53962622368017321 ) ) ;
#47 = CARTESIAN_POINT ( 'NONE',  ( -31.81300387485141457, 6.939729014310409667E-14, 74.26752345192460325 ) ) ;
#48 = CARTESIAN_POINT ( 'NONE',  ( 40.71007645442282552, -19.99999999999996092, -86.36526296796421320 ) ) ;
#49 = CARTESIAN_POINT ( 'NONE',  ( 51.43191855534384871, 5.551115123125782702E-14, -43.34387173567770901 ) ) ;
#50 = CARTESIAN_POINT ( 'NONE',  ( -103.2198959699369993, -20.00000000000001776, 59.96261069509812813 ) ) ;
#51 = CARTESIAN_POINT ( 'NONE',  ( -129.4977286896949238, 0.000000000000000000, 0.9393636428174244601 ) ) ;
#52 = CARTESIAN_POINT ( 'NONE',  ( 25.49029846729136040, -19.99999999999996092, 42.43294320460533697 ) ) ;
#53 = CARTESIAN_POINT ( 'NONE',  ( 51.11050652135115513, 0.000000000000000000, -24.10208743479802251 ) ) ;
#54 = CARTESIAN_POINT ( 'NONE',  ( 49.76831680214849740, 5.551115123125782702E-14, -7.908635213554092047 ) ) ;
#55 = CARTESIAN_POINT ( 'NONE',  ( 5.806216155932554024, 5.206442828893666338E-14, -117.3713502677025815 ) ) ;
#56 = CARTESIAN_POINT ( 'NONE',  ( 51.58137804748420052, 0.000000000000000000, -39.42609392346017216 ) ) ;
#57 = CARTESIAN_POINT ( 'NONE',  ( 40.29801143434923461, -20.00000000000012790, -87.11545506444522857 ) ) ;
#58 = CARTESIAN_POINT ( 'NONE',  ( -5.327846296278016425, 0.000000000000000000, 62.66552467598075538 ) ) ;
#59 = CARTESIAN_POINT ( 'NONE',  ( 0.000000000000000000, -291.0347536423743122, 0.000000000000000000 ) ) ;
#60 = APPLICATION_CONTEXT ( 'configuration controlled 3d designs of mechanical parts and assemblies' ) ;
#61 = CARTESIAN_POINT ( 'NONE',  ( -97.02217272581705743, -19.99999999999996092, 64.97115982847300586 ) ) ;
#62 = CARTESIAN_POINT ( 'NONE',  ( 51.60309703354861455, -19.99999999999996092, -37.66188467640114368 ) ) ;
#63 = CARTESIAN_POINT ( 'NONE',  ( -43.46942103264829882, 7.632783294297951215E-14, 77.14499561982570697 ) ) ;
#64 = CARTESIAN_POINT ( 'NONE',  ( 29.36371972654129081, -19.99999999999996092, -101.6449902250432160 ) ) ;
#65 = CARTESIAN_POINT ( 'NONE',  ( -103.4255272144312698, -20.00000000000001776, 59.77615962320127352 ) ) ;
#66 = CARTESIAN_POINT ( 'NONE',  ( -124.4564739653316821, 0.000000000000000000, 28.47328801694882117 ) ) ;
#67 = CARTESIAN_POINT ( 'NONE',  ( 50.62818167504023847, -20.00000000000012790, -18.27880011073679256 ) ) ;
#68 = CARTESIAN_POINT ( 'NONE',  ( -8.111050854786261866, -20.00000000000012790, -121.5938092314922443 ) ) ;
#69 = CARTESIAN_POINT ( 'NONE',  ( 44.62300543444951728, 0.000000000000000000, -77.51109135463727284 ) ) ;
#70 = CARTESIAN_POINT ( 'NONE',  ( 41.49800814767645818, -20.00000000000012790, -84.84539904336486416 ) ) ;
#71 = CARTESIAN_POINT ( 'NONE',  ( -2.550976623467477111, 0.000000000000000000, 61.00941629251994414 ) ) ;
#72 = CARTESIAN_POINT ( 'NONE',  ( -67.34939302101429348, 0.000000000000000000, 77.54683420850896880 ) ) ;
#73 = CARTESIAN_POINT ( 'NONE',  ( -34.00081559821660449, -19.99999999999996092, 74.89447852776694958 ) ) ;
#74 = CARTESIAN_POINT ( 'NONE',  ( 51.50360533813308450, -19.99999999999996092, -41.77724108331201336 ) ) ;
#75 = CARTESIAN_POINT ( 'NONE',  ( -28.68143359144950821, 7.632783294297951215E-14, 73.26776639316233286 ) ) ;
#76 = CARTESIAN_POINT ( 'NONE',  ( 47.54017579123219406, -19.99999999999996092, -68.11600439720524491 ) ) ;
#77 = CARTESIAN_POINT ( 'NONE',  ( -112.2422989938534954, 7.632783294297951215E-14, 50.32247296271139447 ) ) ;
#78 = CARTESIAN_POINT ( 'NONE',  ( -112.2422989938534954, 0.000000000000000000, 50.32247296271139447 ) ) ;
#79 = CARTESIAN_POINT ( 'NONE',  ( 50.57593982971102520, -20.00000000000012790, -17.69728476121133909 ) ) ;
#80 = CARTESIAN_POINT ( 'NONE',  ( -8.918862450379556606, 5.551115123125782702E-14, -121.7555252007575035 ) ) ;
#81 = CARTESIAN_POINT ( 'NONE',  ( 51.38624037564420632, 0.000000000000000000, -44.18000575749566394 ) ) ;
#82 = CARTESIAN_POINT ( 'NONE',  ( 8.050365266391439789, -20.00000000000001776, 53.99075554980895220 ) ) ;
#83 = CARTESIAN_POINT ( 'NONE',  ( -4.399035330093670204, 0.000000000000000000, 62.11885607241923424 ) ) ;
#84 = CARTESIAN_POINT ( 'NONE',  ( -101.5471042339753325, 0.000000000000000000, 61.42310594634543719 ) ) ;
#85 = CARTESIAN_POINT ( 'NONE',  ( -37.58662798476806444, -19.99999999999996092, 75.84036954721234736 ) ) ;
#86 = CARTESIAN_POINT ( 'NONE',  ( -46.77261666362249315, 7.632783294297951215E-14, 77.73435343406451636 ) ) ;
#87 = CARTESIAN_POINT ( 'NONE',  ( 10.33127914490979826, -19.99999999999996092, -115.2976308006951598 ) ) ;
#88 = CARTESIAN_POINT ( 'NONE',  ( -46.67105423220181848, -19.99999999999996092, -119.8870579116000101 ) ) ;
#89 = CARTESIAN_POINT ( 'NONE',  ( -105.3444564052637418, -20.00000000000001776, 57.97657700773928013 ) ) ;
#90 = CARTESIAN_POINT ( 'NONE',  ( -116.0721812216613529, 0.000000000000000000, 45.01585746635308993 ) ) ;
#91 = CARTESIAN_POINT ( 'NONE',  ( 51.21509251654160266, -20.00000000000012790, -25.58086702696008885 ) ) ;
#92 = CARTESIAN_POINT ( 'NONE',  ( -8.918862450379556606, -20.00000000000012790, -121.7555252007575035 ) ) ;
#93 = CARTESIAN_POINT ( 'NONE',  ( 47.40328839015885620, 0.000000000000000000, -68.62468890959810608 ) ) ;
#94 = CARTESIAN_POINT ( 'NONE',  ( 15.57028483676377562, -20.00000000000002487, 48.72443881651166464 ) ) ;
#95 = CARTESIAN_POINT ( 'NONE',  ( 0.5637247653766245259, 0.000000000000000000, 59.04459495799539326 ) ) ;
#96 = CARTESIAN_POINT ( 'NONE',  ( -95.18286773664799227, 0.000000000000000000, 66.26096822787626195 ) ) ;
#97 = CARTESIAN_POINT ( 'NONE',  ( -37.85265994069385442, -19.99999999999996092, 75.90562749205517434 ) ) ;
#98 = CARTESIAN_POINT ( 'NONE',  ( -17.39640560672453873, -20.00000000000001776, 68.88221302896101861 ) ) ;
#99 = CARTESIAN_POINT ( 'NONE',  ( 24.43313397411058219, -19.99999999999996092, 43.05108037607488569 ) ) ;
#100 = SECURITY_CLASSIFICATION ( '', '', #2741 ) ;
#101 = CARTESIAN_POINT ( 'NONE',  ( 4.124921580705903423, -19.99999999999996447, -118.0432716656920462 ) ) ;
#102 = CARTESIAN_POINT ( 'NONE',  ( -26.46010300103632673, -20.00000000000000711, -123.1530756718361062 ) ) ;
#103 = CARTESIAN_POINT ( 'NONE',  ( -93.04521254587753276, 7.632783294297951215E-14, 67.65867275877339182 ) ) ;
#104 = CARTESIAN_POINT ( 'NONE',  ( -128.9522483117305001, 0.000000000000000000, 9.522968386197320001 ) ) ;
#105 = CARTESIAN_POINT ( 'NONE',  ( 50.31240049552030058, 5.551115123125782702E-14, -14.74982270330691847 ) ) ;
#106 = CARTESIAN_POINT ( 'NONE',  ( -22.51315545083975778, 5.551115123125782702E-14, -123.1648849447235818 ) ) ;
#107 = ORIENTED_EDGE ( 'NONE', *, *, #302, .F. ) ;
#108 = CARTESIAN_POINT ( 'NONE',  ( 13.18665676102053652, 7.632783294297951215E-14, 50.38195317046943700 ) ) ;
#109 = CARTESIAN_POINT ( 'NONE',  ( -85.37826836450481949, 0.000000000000000000, 71.86181726706877271 ) ) ;
#110 = CARTESIAN_POINT ( 'NONE',  ( -33.51431560956927314, -19.99999999999996092, 74.75635934435723584 ) ) ;
#111 = CARTESIAN_POINT ( 'NONE',  ( -19.60383248577016246, 7.632783294297951215E-14, 69.84562531224278814 ) ) ;
#112 = CARTESIAN_POINT ( 'NONE',  ( 49.55265548644680251, -19.99999999999996092, -3.423486364665495607 ) ) ;
#113 = CARTESIAN_POINT ( 'NONE',  ( -8.380125966729714548, -19.99999999999996092, -121.6486729768819544 ) ) ;
#114 = CARTESIAN_POINT ( 'NONE',  ( -22.51315545083975778, -19.99999999999996092, -123.1648849447235818 ) ) ;
#115 = CARTESIAN_POINT ( 'NONE',  ( -91.28905843082894478, 9.024658946459571344E-14, 68.75420203449246515 ) ) ;
#116 = CARTESIAN_POINT ( 'NONE',  ( 50.75750202414033652, 5.551115123125782702E-14, -19.73270474737402935 ) ) ;
#117 = CARTESIAN_POINT ( 'NONE',  ( -52.75018560783173172, -20.00000000000012790, -117.8480569688450004 ) ) ;
#118 = ORIENTED_EDGE ( 'NONE', *, *, #1953, .T. ) ;
#119 = CARTESIAN_POINT ( 'NONE',  ( 9.484185590923500442, 7.632783294297951215E-14, 52.98469153336755255 ) ) ;
#120 = CARTESIAN_POINT ( 'NONE',  ( 18.76638974813169725, 0.000000000000000000, 46.56895594186020304 ) ) ;
#121 = CARTESIAN_POINT ( 'NONE',  ( -71.65388179840903149, 0.000000000000000000, 76.69771247719907592 ) ) ;
#122 = CARTESIAN_POINT ( 'NONE',  ( -52.72926689194367356, -19.99999999999996092, 78.36102878402387262 ) ) ;
#123 = CARTESIAN_POINT ( 'NONE',  ( -18.76583624293882480, -20.00000000000001776, 69.48565393021263503 ) ) ;
#124 = CARTESIAN_POINT ( 'NONE',  ( -52.01191719506145716, 0.000000000000000000, -118.1229046015597248 ) ) ;
#125 = CARTESIAN_POINT ( 'NONE',  ( 10.83142123908771204, -19.99999999999996092, -115.0495483197614135 ) ) ;
#126 = CARTESIAN_POINT ( 'NONE',  ( -35.36212523994198165, -19.99999999999996092, -122.3473815124500419 ) ) ;
#127 = CARTESIAN_POINT ( 'NONE',  ( -74.97161444849950840, -20.00000000000001776, 75.80414773897172154 ) ) ;
#128 = CARTESIAN_POINT ( 'NONE',  ( 51.46990184618029218, -20.00000000000012790, -30.20079357857337499 ) ) ;
#129 = CARTESIAN_POINT ( 'NONE',  ( -32.47914282259673513, 5.551115123125782702E-14, -122.7098531783965427 ) ) ;
#130 = ORIENTED_EDGE ( 'NONE', *, *, #302, .T. ) ;
#131 = CARTESIAN_POINT ( 'NONE',  ( 5.807865519963151257, 7.632783294297951215E-14, 55.54385358363959568 ) ) ;
#132 = CARTESIAN_POINT ( 'NONE',  ( 39.44085560190718098, 5.551115123125782702E-14, -88.61680816732391008 ) ) ;
#133 = CARTESIAN_POINT ( 'NONE',  ( -0.4197035304408086032, -19.99999999999996092, 59.67463931839357372 ) ) ;
#134 = CARTESIAN_POINT ( 'NONE',  ( -22.18493113863153710, -20.00000000000002842, 70.91310450693258360 ) ) ;
#135 = CARTESIAN_POINT ( 'NONE',  ( -35.36212523994198165, 0.000000000000000000, -122.3473815124500419 ) ) ;
#136 = CARTESIAN_POINT ( 'NONE',  ( -126.1917675709070323, -19.99999999999996092, 23.14696292378046039 ) ) ;
#137 = CARTESIAN_POINT ( 'NONE',  ( -87.87353636463416251, -20.00000000000001776, 70.62414649187977034 ) ) ;
#138 = EDGE_CURVE ( 'NONE', #1193, #1381, #142, .T. ) ;
#139 = CARTESIAN_POINT ( 'NONE',  ( 28.76741398491165924, 0.000000000000000000, -102.2414406384184247 ) ) ;
#140 = CARTESIAN_POINT ( 'NONE',  ( 51.59895698255707686, 5.551115123125782702E-14, -38.05393003776695338 ) ) ;
#141 = CARTESIAN_POINT ( 'NONE',  ( -32.22284460518721971, 5.551115123125782702E-14, -122.7375199821938168 ) ) ;
#142 = LINE ( 'NONE', #528, #187 ) ;
#143 = CARTESIAN_POINT ( 'NONE',  ( 23.79971334286688744, 5.551115123125782702E-14, 43.42343161258244066 ) ) ;
#144 = CARTESIAN_POINT ( 'NONE',  ( 37.14047082972140856, 6.942529984292635949E-14, -92.27565682143159620 ) ) ;
#145 = CARTESIAN_POINT ( 'NONE',  ( -20.24750900356831096, -19.99999999999996092, 70.11633915912553050 ) ) ;
#146 = CARTESIAN_POINT ( 'NONE',  ( -12.56788713749394581, -20.00000000000001776, 66.59179244902037453 ) ) ;
#147 = CARTESIAN_POINT ( 'NONE',  ( -46.67105423220181848, 0.000000000000000000, -119.8870579116000101 ) ) ;
#148 = CARTESIAN_POINT ( 'NONE',  ( -117.5585055560666490, -19.99999999999996092, 42.68018531140014460 ) ) ;
#149 = CARTESIAN_POINT ( 'NONE',  ( -85.91370299552444578, 7.632783294297951215E-14, 71.60633161112411926 ) ) ;
#150 = CARTESIAN_POINT ( 'NONE',  ( 42.97374300944744618, 0.000000000000000000, -81.75564295957148886 ) ) ;
#151 = CARTESIAN_POINT ( 'NONE',  ( 51.60713445721283676, 5.551115123125782702E-14, -36.48568142080739563 ) ) ;
#152 = CARTESIAN_POINT ( 'NONE',  ( -43.65570330393752840, 5.551115123125782702E-14, -120.7091618199384584 ) ) ;
#153 = EDGE_LOOP ( 'NONE', ( #1010, #2649 ) ) ;
#154 = CARTESIAN_POINT ( 'NONE',  ( 18.13955117993316790, 7.632783294297951215E-14, 46.98551810541323448 ) ) ;
#155 = CARTESIAN_POINT ( 'NONE',  ( 12.38247908537872632, 0.000000000000000000, 50.94672830615156300 ) ) ;
#156 = CARTESIAN_POINT ( 'NONE',  ( 34.59749925276162941, 5.551115123125782702E-14, -95.71145274398466540 ) ) ;
#157 = CARTESIAN_POINT ( 'NONE',  ( -26.54700716717497144, -19.99999999999996092, 72.53824940506697772 ) ) ;
#158 = CARTESIAN_POINT ( 'NONE',  ( -0.7228372298186391820, 7.632783294297951215E-14, 59.86742984984006455 ) ) ;
#159 = CARTESIAN_POINT ( 'NONE',  ( -76.45722790407347702, 0.000000000000000000, -105.0821285558931493 ) ) ;
#160 = CARTESIAN_POINT ( 'NONE',  ( -124.4564739653316821, -19.99999999999998579, 28.47328801694882117 ) ) ;
#161 = CARTESIAN_POINT ( 'NONE',  ( 50.04460689261402706, -19.99999999999996803, -11.66485396771595795 ) ) ;
#162 = CARTESIAN_POINT ( 'NONE',  ( -47.61972254090697731, 7.632783294297951215E-14, 77.85682153795127647 ) ) ;
#163 = CARTESIAN_POINT ( 'NONE',  ( 44.43463219732166181, 0.000000000000000000, -78.03762996286312159 ) ) ;
#164 = CARTESIAN_POINT ( 'NONE',  ( 51.46195878226208720, 5.551115123125782702E-14, -30.02134608093238199 ) ) ;
#165 = CARTESIAN_POINT ( 'NONE',  ( -30.16909703282262711, 5.551115123125782702E-14, -122.9254475656117052 ) ) ;
#166 = CARTESIAN_POINT ( 'NONE',  ( 49.55265548644680251, 0.000000000000000000, -3.423486364665495607 ) ) ;
#167 = CARTESIAN_POINT ( 'NONE',  ( 21.29222178689738953, 5.551115123125782702E-14, 44.94840558092926130 ) ) ;
#168 = CARTESIAN_POINT ( 'NONE',  ( -129.4803471162713322, 7.632783294297951215E-14, 1.878741283067044909 ) ) ;
#169 =( BOUNDED_CURVE ( )  B_SPLINE_CURVE ( 3, ( #1808, #2478, #2252, #343, #566, #2663, #354, #998, #752, #1600, #1394, #1453, #629, #1705, #1291, #377, #405, #1243, #2561, #2531, #2138, #1867, #1880, #1259, #1894, #1483, #1691, #2321, #227, #1677, #166, #2738, #2352, #797, #2104, #2754, #1036, #1050, #2119, #195, #2306, #1854, #1910, #1661, #1023, #1064, #842, #210, #1498, #1230, #390, #2546, #2075, #2088, #856, #2336, #419, #1274, #647, #3, #2723, #615, #435, #827, #180, #1646, #1468, #2709, #2503, #590, #1441, #2292, #813, #602, #2516, #1945, #1515, #2389, #1116, #1962, #1738, #53, #874, #908, #1548, #1754, #2370, #1327, #265, #892, #2610, #2594, #470, #1098, #683, #2174, #1081, #21, #700, #1533, #1928, #1722, #2578, #665, #452, #1310, #2156, #247, #37, #1367, #1102, #2161, #1742, #56, #714, #252, #911, #687, #2419, #41, #1991, #2213, #81, #2598, #293, #1563, #2636, #2624, #2202, #1770, #1314, #896, #1537, #1978, #726, #1949, #2394, #488, #474, #2408, #1966, #1782, #1574, #281, #500, #1143, #703, #1794, #1331, #2178, #269, #936, #1355, #2430, #512, #305, #1154, #2003, #1120, #2375, #93, #669, #1757, #948, #1519, #2613, #456, #1551, #1343, #2190, #1131, #69, #924, #163, #2302, #782, #363, #191, #150, #822, #612, #1840, #1673, #2719, #2099, #1046, #1643, #2527, #1202, #1864, #2289, #1007, #2706, #2047, #598, #374, #1464, #2488, #563, #2059, #1239, #1631, #837, #576, #351, #1214, #2500, #1255, #139, #1426, #587, #809, #2512, #2084, #386, #1020, #1227, #1851, #1890, #2274, #2072, #2317, #401, #794, #1655, #1449, #2750, #2475, #1438, #1414, #176, #1032, #1876, #995, #2695, #2734, #2262, #2573, #464, #1322, #1287, #1479, #1717, #1076, #1494, #2348, #2332, #2365, #1923, #2589, #1060, #2542, #2557, #241, #1528, #260, #1270, #660, #431, #2383, #16, #415, #1905, #2133, #1510, #447, #2150, #1304, #869, #1111, #1093, #206, #222, #2169, #625, #1940, #32, #887, #1733, #678, #1687, #2115, #2764, #852, #1701, #643, #1399, #371, #585, #2245, #1199, #1848, #2681, #135, #2068, #360, #2056, #1211, #1016, #2497, #2472, #2485, #1860, #779, #1837, #1187, #2044, #147, #2715, #2033, #124, #983, #1223, #348, #337, #2271, #992, #1435, #804, #1826, #2703, #768, #2259, #1616, #560, #1411, #791, #2692, #1628, #573, #1423, #1004, #1640, #2284, #159, #2154, #699 ),
 .UNSPECIFIED., .F., .F. ) 
 B_SPLINE_CURVE_WITH_KNOTS ( ( 4, 1, 1, 3, 1, 1, 3, 3, 1, 1, 3, 3, 1, 1, 3, 3, 1, 1, 3, 1, 1, 3, 3, 1, 1, 3, 1, 1, 3, 3, 1, 1, 3, 1, 1, 3, 3, 1, 1, 3, 3, 1, 1, 3, 1, 1, 3, 3, 1, 1, 3, 1, 1, 3, 3, 1, 1, 3, 1, 1, 3, 3, 1, 1, 3, 1, 1, 3, 3, 1, 1, 3, 1, 1, 3, 3, 1, 1, 3, 1, 1, 3, 3, 1, 1, 3, 1, 1, 3, 3, 1, 1, 3, 1, 1, 3, 3, 1, 1, 3, 1, 1, 3, 3, 1, 1, 3, 1, 1, 3, 3, 1, 1, 3, 1, 1, 3, 3, 1, 1, 3, 1, 1, 3, 3, 1, 1, 3, 1, 1, 3, 3, 1, 1, 3, 1, 1, 3, 3, 1, 1, 3, 1, 1, 3, 3, 1, 1, 3, 1, 1, 3, 3, 1, 1, 3, 1, 1, 3, 3, 1, 1, 3, 1, 1, 3, 3, 1, 1, 3, 1, 1, 3, 3, 1, 1, 3, 1, 1, 3, 4 ),
 ( 0.000000000000000000, 0.0006294536109973103422, 0.001258907221994620684, 0.001888360832991931026, 0.002502004313981398553, 0.003115647794970755058, 0.003729291275960111562, 0.007411108649578501684, 0.008640133253045911843, 0.009869157856513433025, 0.01109818245998084318, 0.09067882345508959663, 0.09190784805855700679, 0.09313687266202430592, 0.09436589726549171608, 0.09804771463911043927, 0.09866135812020793150, 0.09927500160130542373, 0.09988864508240291595, 0.1005180986932920906, 0.1011475523041812652, 0.1017770059150704398, 0.1055536991303038796, 0.1061831527415256771, 0.1068126063527474745, 0.1074420599639691609, 0.1081022752654681174, 0.1087624905669670738, 0.1094227058684660303, 0.1133839881644003178, 0.1140442034750164257, 0.1147044187856324227, 0.1153646340962485306, 0.1160690940892453726, 0.1167735540822422147, 0.1174780140752390567, 0.1217047740303162096, 0.1231697014085184616, 0.1246346287867207137, 0.1260995561649229657, 0.1306623560726092315, 0.1314228240790974445, 0.1321832920855855464, 0.1329437600920737594, 0.1337703380023070876, 0.1345969159125404158, 0.1354234938227737439, 0.1403829260875085749, 0.1412095039976027921, 0.1420360819076968983, 0.1428626598177911156, 0.1437640272220267468, 0.1446653946262622670, 0.1455667620304978982, 0.1509748878106337289, 0.1518762552148297251, 0.1527776226190257214, 0.1536789900232217176, 0.1546627039950299043, 0.1556464179668382020, 0.1566301319386463886, 0.1625322812263706451, 0.1635159951981931536, 0.1644997091700155512, 0.1654834231418380597, 0.1665562045331669960, 0.1676289859244959324, 0.1687017673158248687, 0.1751382565031321947, 0.1762110378944490297, 0.1772838192857657535, 0.1783566006770825885, 0.1795245750103442450, 0.1806925493436059016, 0.1818605236768675582, 0.1888681001280022587, 0.1900360744611319097, 0.1912040487942616718, 0.1923720231273913228, 0.1936409097430965565, 0.1949097963588017901, 0.1961786829745070238, 0.2037916590974824249, 0.2050605457131470244, 0.2063294323288117349, 0.2075983189444763344, 0.2089728720015234797, 0.2103474250585706251, 0.2117219781156177705, 0.2199688768934265903, 0.2213434299505240288, 0.2227179830076214673, 0.2240925360647189057, 0.2255242071488551270, 0.2269558782329914592, 0.2283875493171276805, 0.2369757976433839453, 0.2384074687274179150, 0.2398391398114518847, 0.2412708108954858544, 0.2427165779695454884, 0.2441623450436051224, 0.2456081121176647564, 0.2542810106802846359, 0.2557002813221967985, 0.2571195519641088501, 0.2585388226060210126, 0.2600277124857817146, 0.2615166023655425276, 0.2630054922453033406, 0.2717782146267323506, 0.2731889679868002574, 0.2745997213468682752, 0.2760104747069361819, 0.2775419462683107463, 0.2790734178296853107, 0.2806048893910598752, 0.2894823002261355249, 0.2908879388400087418, 0.2922935774538819587, 0.2936992160677551755, 0.2952706403390742418, 0.2968420646103933080, 0.2984134888817123743, 0.3073953505387493346, 0.3087961049884391240, 0.3101968594381289135, 0.3115976138878187029, 0.3132079625265484779, 0.3148183111652782529, 0.3164286598040080278, 0.3255104090409146611, 0.3269033114226203018, 0.3282962138043259426, 0.3296891161860315833, 0.3313392376019714813, 0.3329893590179113794, 0.3346394804338512774, 0.3438129503878315507, 0.3451909783717560520, 0.3465690063556805534, 0.3479470343396050547, 0.3496407395847853650, 0.3513344448299655642, 0.3530281500751458745, 0.3622822291253099403, 0.3636317770585618669, 0.3649813249918139046, 0.3663308729250658313, 0.3680776734307468212, 0.3698244739364278111, 0.3715712744421088010, 0.3808925026524244695, 0.3821861047498464892, 0.3834797068472685089, 0.3847733089446905286, 0.3865958816131700448, 0.3884184542816495611, 0.3902410269501290774, 0.3996141364070608937, 0.4007844299318369385, 0.4019547234566130944, 0.4031250169813891393, 0.4050854078478459686, 0.4070457987143027978, 0.4090061895807596271, 0.4184145980752570493, 0.4197322944143276890, 0.4210499907533982178, 0.4223676870924688576, 0.4241895502495418580, 0.4260114134066149694, 0.4278332765636879698, 0.4372595539106117757, 0.4388308278015952135, 0.4404021016925786514, 0.4419733755835620892, 0.4435491144156298304, 0.4451248532476975717, 0.4467005920797653129, 0.5000000000000000000 ),
 .UNSPECIFIED. ) 
 CURVE ( )  GEOMETRIC_REPRESENTATION_ITEM ( )  RATIONAL_B_SPLINE_CURVE ( ( 1.000000000000000000, 1.000000000000000000, 1.000000000000000000, 1.000000000000000000, 1.000000000000000000, 1.000000000000000000, 1.000000000000000000, 1.000000000000000000, 1.000000000000000000, 1.000000000000000000, 1.000000000000000000, 0.9999684852781937083, 0.9999684852781937083, 1.000000000000000000, 1.000000000000000000, 1.000000000000000000, 1.000000000000000000, 1.000000000000000000, 1.000000000000000000, 0.9179719501805744253, 0.9179719501805744253, 1.000000000000000000, 1.000000000000000000, 1.000000000000000000, 1.000000000000000000, 1.000000000000000000, 1.000000000000000000, 0.9999684852781937083, 0.9999684852781937083, 1.000000000000000000, 1.000000000000000000, 1.000000000000000000, 1.000000000000000000, 1.000000000000000000, 1.000000000000000000, 1.000000000000000000, 1.000000000000000000, 1.000000000000000000, 1.000000000000000000, 1.000000000000000000, 0.9999799117517673697, 0.9999799117517673697, 1.000000000000000000, 1.000000000000000000, 1.000000000000000000, 1.000000000000000000, 1.000000000000000000, 1.000000000000000000, 1.000000000000000000, 1.000000000000000000, 1.000000000000000000, 1.000000000000000000, 1.000000000000000000, 0.9999935949233750287, 0.9999935949233750287, 1.000000000000000000, 1.000000000000000000, 1.000000000000000000, 1.000000000000000000, 1.000000000000000000, 1.000000000000000000, 1.000000000000000000, 1.000000000000000000, 1.000000000000000000, 1.000000000000000000, 1.000000000000000000, 0.9999999646649723184, 0.9999999646649723184, 1.000000000000000000, 1.000000000000000000, 1.000000000000000000, 1.000000000000000000, 1.000000000000000000, 1.000000000000000000, 0.9999952472409283644, 0.9999952472409283644, 1.000000000000000000, 1.000000000000000000, 1.000000000000000000, 1.000000000000000000, 1.000000000000000000, 1.000000000000000000, 1.000000000000000000, 1.000000000000000000, 1.000000000000000000, 1.000000000000000000, 1.000000000000000000, 0.9999810756281709567, 0.9999810756281709567, 1.000000000000000000, 1.000000000000000000, 1.000000000000000000, 1.000000000000000000, 1.000000000000000000, 1.000000000000000000, 1.000000000000000000, 1.000000000000000000, 1.000000000000000000, 1.000000000000000000, 1.000000000000000000, 0.9999612219496050169, 0.9999612219496050169, 1.000000000000000000, 1.000000000000000000, 1.000000000000000000, 1.000000000000000000, 1.000000000000000000, 1.000000000000000000, 1.000000000000000000, 1.000000000000000000, 1.000000000000000000, 1.000000000000000000, 1.000000000000000000, 0.9999392139473748387, 0.9999392139473748387, 1.000000000000000000, 1.000000000000000000, 1.000000000000000000, 1.000000000000000000, 1.000000000000000000, 1.000000000000000000, 1.000000000000000000, 1.000000000000000000, 1.000000000000000000, 1.000000000000000000, 1.000000000000000000, 0.9999174904647635254, 0.9999174904647635254, 1.000000000000000000, 1.000000000000000000, 1.000000000000000000, 1.000000000000000000, 1.000000000000000000, 1.000000000000000000, 1.000000000000000000, 1.000000000000000000, 1.000000000000000000, 1.000000000000000000, 1.000000000000000000, 0.9998974320300959562, 0.9998974320300959562, 1.000000000000000000, 1.000000000000000000, 1.000000000000000000, 1.000000000000000000, 1.000000000000000000, 1.000000000000000000, 1.000000000000000000, 1.000000000000000000, 1.000000000000000000, 1.000000000000000000, 1.000000000000000000, 0.9998796623900645386, 0.9998796623900645386, 1.000000000000000000, 1.000000000000000000, 1.000000000000000000, 1.000000000000000000, 1.000000000000000000, 1.000000000000000000, 1.000000000000000000, 1.000000000000000000, 1.000000000000000000, 1.000000000000000000, 1.000000000000000000, 0.9998643425550017838, 0.9998643425550017838, 1.000000000000000000, 1.000000000000000000, 1.000000000000000000, 1.000000000000000000, 1.000000000000000000, 1.000000000000000000, 1.000000000000000000, 1.000000000000000000, 1.000000000000000000, 1.000000000000000000, 1.000000000000000000, 0.9994480436684125557, 0.9994480436684125557, 1.000000000000000000, 1.000000000000000000, 1.000000000000000000, 1.000000000000000000, 1.000000000000000000, 1.000000000000000000, 1.000000000000000000, 1.000000000000000000, 1.000000000000000000, 1.000000000000000000, 1.000000000000000000, 0.9994762600386840612, 0.9994762600386840612, 1.000000000000000000, 1.000000000000000000, 1.000000000000000000, 1.000000000000000000, 1.000000000000000000, 1.000000000000000000, 1.000000000000000000, 1.000000000000000000, 1.000000000000000000, 1.000000000000000000, 1.000000000000000000, 0.9995022737163351545, 0.9995022737163351545, 1.000000000000000000, 1.000000000000000000, 1.000000000000000000, 1.000000000000000000, 1.000000000000000000, 1.000000000000000000, 1.000000000000000000, 1.000000000000000000, 1.000000000000000000, 1.000000000000000000, 1.000000000000000000, 0.9995256028155401484, 0.9995256028155401484, 1.000000000000000000, 1.000000000000000000, 1.000000000000000000, 1.000000000000000000, 1.000000000000000000, 1.000000000000000000, 1.000000000000000000, 1.000000000000000000, 1.000000000000000000, 1.000000000000000000, 1.000000000000000000, 0.9995460358774241882, 0.9995460358774241882, 1.000000000000000000, 1.000000000000000000, 1.000000000000000000, 1.000000000000000000, 1.000000000000000000, 1.000000000000000000, 1.000000000000000000, 1.000000000000000000, 1.000000000000000000, 1.000000000000000000, 1.000000000000000000, 0.9995635405903940951, 0.9995635405903940951, 1.000000000000000000, 1.000000000000000000, 1.000000000000000000, 1.000000000000000000, 1.000000000000000000, 1.000000000000000000, 1.000000000000000000, 1.000000000000000000, 1.000000000000000000, 1.000000000000000000, 1.000000000000000000, 0.9995781902139979636, 0.9995781902139979636, 1.000000000000000000, 1.000000000000000000, 1.000000000000000000, 1.000000000000000000, 1.000000000000000000, 1.000000000000000000, 1.000000000000000000, 1.000000000000000000, 1.000000000000000000, 1.000000000000000000, 1.000000000000000000, 0.9995901096559622889, 0.9995901096559622889, 1.000000000000000000, 1.000000000000000000, 1.000000000000000000, 1.000000000000000000, 1.000000000000000000, 1.000000000000000000, 1.000000000000000000, 1.000000000000000000, 1.000000000000000000, 1.000000000000000000, 1.000000000000000000, 0.9995994386224307249, 0.9995994386224307249, 1.000000000000000000, 1.000000000000000000, 1.000000000000000000, 1.000000000000000000, 1.000000000000000000, 1.000000000000000000, 1.000000000000000000, 1.000000000000000000, 1.000000000000000000, 1.000000000000000000, 1.000000000000000000, 0.9996063078272394709, 0.9996063078272394709, 1.000000000000000000, 1.000000000000000000, 1.000000000000000000, 1.000000000000000000, 1.000000000000000000, 1.000000000000000000, 1.000000000000000000, 1.000000000000000000, 1.000000000000000000, 1.000000000000000000, 1.000000000000000000, 0.9996108244030065260, 0.9996108244030065260, 1.000000000000000000, 1.000000000000000000, 1.000000000000000000, 1.000000000000000000, 1.000000000000000000, 1.000000000000000000, 1.000000000000000000, 1.000000000000000000, 1.000000000000000000, 1.000000000000000000, 1.000000000000000000, 0.9996136474098020752, 0.9996136474098020752, 1.000000000000000000, 1.000000000000000000, 1.000000000000000000, 1.000000000000000000, 1.000000000000000000, 1.000000000000000000, 1.000000000000000000, 1.000000000000000000, 1.000000000000000000, 1.000000000000000000, 1.000000000000000000, 0.9789796081607702316, 0.9633359170819417727, 0.9530689267635147344 ) ) 
 REPRESENTATION_ITEM ( '' )  );
#170 = CARTESIAN_POINT ( 'NONE',  ( 24.16908639259605707, 1.388437451599282919E-14, -106.4038288145628712 ) ) ;
#171 = CARTESIAN_POINT ( 'NONE',  ( -26.10810351150714581, -19.99999999999996092, 72.38313695804109216 ) ) ;
#172 = CARTESIAN_POINT ( 'NONE',  ( -4.399035330093670204, 7.632783294297951215E-14, 62.11885607241923424 ) ) ;
#173 = CARTESIAN_POINT ( 'NONE',  ( -129.2598283783068496, -20.00000000000001421, 6.570587247454587221 ) ) ;
#174 = CARTESIAN_POINT ( 'NONE',  ( 51.18167503062554857, -19.99999999999996092, -25.08784028690395829 ) ) ;
#175 = CARTESIAN_POINT ( 'NONE',  ( -64.74922165851184275, 7.632783294297951215E-14, 77.93369936062418901 ) ) ;
#176 = CARTESIAN_POINT ( 'NONE',  ( 15.44668269742147082, 0.000000000000000000, -112.5361272185190984 ) ) ;
#177 = CARTESIAN_POINT ( 'NONE',  ( 51.56021606764876708, -20.00000000000011369, -32.71391870664295709 ) ) ;
#178 = CARTESIAN_POINT ( 'NONE',  ( -122.9453616487184746, -20.00000000000001776, 32.22856187268961037 ) ) ;
#179 = CARTESIAN_POINT ( 'NONE',  ( -66.37537232518388919, -20.00000000000012790, -111.1973730022443902 ) ) ;
#180 = CARTESIAN_POINT ( 'NONE',  ( 50.31240049552030058, 0.000000000000000000, -14.74982270330691847 ) ) ;
#181 = CARTESIAN_POINT ( 'NONE',  ( 24.43313397411058219, -20.00000000000012790, 43.05108037607488569 ) ) ;
#182 = CARTESIAN_POINT ( 'NONE',  ( -129.0681167673192817, -20.00000000000001776, 8.439963682974193304 ) ) ;
#183 = CARTESIAN_POINT ( 'NONE',  ( 37.14047082972140856, -20.00000000000011369, -92.27565682143159620 ) ) ;
#184 = CARTESIAN_POINT ( 'NONE',  ( -55.00993103614651147, 0.000000000000000000, 78.45199418571671401 ) ) ;
#185 = CARTESIAN_POINT ( 'NONE',  ( -4.862863974609586748, -19.99999999999996092, 62.39316224379291498 ) ) ;
#186 = CARTESIAN_POINT ( 'NONE',  ( -4.862863974609586748, -20.00000000000001776, 62.39316224379291498 ) ) ;
#187 = VECTOR ( 'NONE', #1622, 1000.000000000000000 ) ;
#188 = CARTESIAN_POINT ( 'NONE',  ( -118.9696084491365866, -19.99999999999996092, 40.27928763494469422 ) ) ;
#189 = CARTESIAN_POINT ( 'NONE',  ( 51.51842810245634752, -19.99999999999996092, -31.45722471381438723 ) ) ;
#190 = CARTESIAN_POINT ( 'NONE',  ( -69.94653127023264005, -19.99999999999999645, 77.07752360735038621 ) ) ;
#191 = CARTESIAN_POINT ( 'NONE',  ( 43.61612403932378612, 0.000000000000000000, -80.16830021056745181 ) ) ;
#192 = CARTESIAN_POINT ( 'NONE',  ( 49.50323625164307373, 5.551115123125782702E-14, -59.48821027197034539 ) ) ;
#193 = CARTESIAN_POINT ( 'NONE',  ( -122.4052326049210109, 7.632783294297951215E-14, 33.46295798025181512 ) ) ;
#194 = CARTESIAN_POINT ( 'NONE',  ( -65.56468234292636055, -20.00000000000012790, -111.6772951104127571 ) ) ;
#195 = CARTESIAN_POINT ( 'NONE',  ( 49.63592549654524788, 0.000000000000000000, -5.529040127166795493 ) ) ;
#196 = CARTESIAN_POINT ( 'NONE',  ( 20.13521060592572454, -20.00000000000012790, 45.68269667168101478 ) ) ;
#197 = CARTESIAN_POINT ( 'NONE',  ( -129.5000000000002274, -20.00000000000001776, -0.3140109813921551640 ) ) ;
#198 = CARTESIAN_POINT ( 'NONE',  ( 1.635442794401139821, 5.551115123125782702E-14, -118.9318768875595111 ) ) ;
#199 = CARTESIAN_POINT ( 'NONE',  ( -36.25887736227033287, 0.000000000000000000, 75.50423910929383453 ) ) ;
#200 = CARTESIAN_POINT ( 'NONE',  ( -92.72927147329460240, 0.000000000000000000, -90.39652765472814622 ) ) ;
#201 = CARTESIAN_POINT ( 'NONE',  ( -5.327846296278016425, -20.00000000000001776, 62.66552467598075538 ) ) ;
#202 = CARTESIAN_POINT ( 'NONE',  ( -104.8716184396033242, -19.99999999999996092, 58.43370798492313867 ) ) ;
#203 = CARTESIAN_POINT ( 'NONE',  ( 50.21297094262821759, -19.99999999999996092, -13.63116255152852574 ) ) ;
#204 = CARTESIAN_POINT ( 'NONE',  ( -73.34528383903773374, -20.00000000000001776, 76.25222234531258891 ) ) ;
#205 = EDGE_CURVE ( 'NONE', #2277, #1587, #963, .T. ) ;
#206 = CARTESIAN_POINT ( 'NONE',  ( -19.05121447182947492, 0.000000000000000000, -123.0293863438063653 ) ) ;
#207 = CARTESIAN_POINT ( 'NONE',  ( 51.34674632723962873, -20.00000000000012790, -44.82015892852106020 ) ) ;
#208 = CARTESIAN_POINT ( 'NONE',  ( -122.4052326049210109, -20.00000000000001776, 33.46295798025181512 ) ) ;
#209 = CARTESIAN_POINT ( 'NONE',  ( 6.123233995736766282E-16, -20.00000000000001776, -5.000000000000000000 ) ) ;
#210 = CARTESIAN_POINT ( 'NONE',  ( 49.83580093688390633, 0.000000000000000000, -8.909857504362820535 ) ) ;
#211 = CARTESIAN_POINT ( 'NONE',  ( 49.50044265339554528, 5.551115123125782702E-14, 0.3689785969205332528 ) ) ;
#212 = CARTESIAN_POINT ( 'NONE',  ( -129.4760151037038156, -20.00000000000001776, -2.511994379362889163 ) ) ;
#213 = CARTESIAN_POINT ( 'NONE',  ( 10.83142123908771204, 5.551115123125782702E-14, -115.0495483197614135 ) ) ;
#214 = CARTESIAN_POINT ( 'NONE',  ( 45.25065805927280849, -20.00000000000012790, -75.69926699584635799 ) ) ;
#215 = CARTESIAN_POINT ( 'NONE',  ( -57.02397927425486301, 0.000000000000000000, 78.46518698190715213 ) ) ;
#216 = CARTESIAN_POINT ( 'NONE',  ( 4.807464854519189146, -19.99999999999996092, 56.22870069804061899 ) ) ;
#217 = CARTESIAN_POINT ( 'NONE',  ( 0.1481171039682234736, 7.632783294297951215E-14, 59.31192629988225207 ) ) ;
#218 = CARTESIAN_POINT ( 'NONE',  ( -112.6564796893077300, -19.99999999999996092, 49.78941588558322451 ) ) ;
#219 = CARTESIAN_POINT ( 'NONE',  ( 51.43969347507100309, -19.99999999999996092, -29.52768997513725324 ) ) ;
#220 = CARTESIAN_POINT ( 'NONE',  ( -61.34282754339395893, 9.025288979580427996E-14, 78.30241965776941981 ) ) ;
#221 = CARTESIAN_POINT ( 'NONE',  ( 43.93361648885007753, -19.99999999999996092, -79.37345094919223243 ) ) ;
#222 = CARTESIAN_POINT ( 'NONE',  ( -19.31966003766020279, 0.000000000000000000, -123.0456202856809682 ) ) ;
#223 = CARTESIAN_POINT ( 'NONE',  ( 49.63158365553966433, -20.00000000000012790, -58.80184936450197597 ) ) ;
#224 = CARTESIAN_POINT ( 'NONE',  ( -119.8837435865156067, 9.024176811774550438E-14, 38.66141645026768003 ) ) ;
#225 = CARTESIAN_POINT ( 'NONE',  ( -62.56210371022137906, -20.00000000000012790, -113.3702237230749290 ) ) ;
#226 = CARTESIAN_POINT ( 'NONE',  ( 0.000000000000000000, -20.00000000000001776, 5.000000000000000000 ) ) ;
#227 = CARTESIAN_POINT ( 'NONE',  ( 49.52745485144710358, 0.000000000000000000, -2.567840970618994412 ) ) ;
#228 = CARTESIAN_POINT ( 'NONE',  ( 49.91242943906904372, 5.551115123125782702E-14, -9.959598821137969793 ) ) ;
#229 = CARTESIAN_POINT ( 'NONE',  ( -128.7219415320301437, -20.00000000000001776, 11.32380647641311278 ) ) ;
#230 = COORDINATED_UNIVERSAL_TIME_OFFSET ( 8, 0, .AHEAD. ) ;
#231 = CARTESIAN_POINT ( 'NONE',  ( 17.22553680019732170, 5.551115123125782702E-14, -111.4127880581185224 ) ) ;
#232 = PRODUCT_DEFINITION_SHAPE ( 'NONE', 'NONE',  #2001 ) ;
#233 = CARTESIAN_POINT ( 'NONE',  ( 47.67007564144812193, 5.551115123125782702E-14, -67.62724568802136105 ) ) ;
#234 = CARTESIAN_POINT ( 'NONE',  ( -20.67762688974612928, 0.000000000000000000, 70.29436978891735066 ) ) ;
#235 = CARTESIAN_POINT ( 'NONE',  ( 8.050365266391439789, -19.99999999999996092, 53.99075554980895220 ) ) ;
#236 = CARTESIAN_POINT ( 'NONE',  ( -98.74346293034568589, -19.99999999999996447, 63.71400582475243368 ) ) ;
#237 = CARTESIAN_POINT ( 'NONE',  ( 49.11103017930160064, -19.99999999999996092, -61.47273330371334765 ) ) ;
#238 = CARTESIAN_POINT ( 'NONE',  ( -30.36294514356157492, -20.00000000000002132, 73.82088577318062050 ) ) ;
#239 = LOCAL_TIME ( 13, 59, 22.00000000000000000, #1624 ) ;
#240 = CARTESIAN_POINT ( 'NONE',  ( 42.97374300944744618, -19.99999999999995737, -81.75564295957148886 ) ) ;
#241 = CARTESIAN_POINT ( 'NONE',  ( -1.830733667611416315, 0.000000000000000000, -120.0383396971682401 ) ) ;
#242 = CARTESIAN_POINT ( 'NONE',  ( 50.74155815899545985, -20.00000000000012790, -51.43803015732397199 ) ) ;
#243 =( GEOMETRIC_REPRESENTATION_CONTEXT ( 3 ) GLOBAL_UNCERTAINTY_ASSIGNED_CONTEXT ( ( #522 ) ) GLOBAL_UNIT_ASSIGNED_CONTEXT ( ( #2493, #367, #2294 ) ) REPRESENTATION_CONTEXT ( 'NONE', 'WORKASPACE' ) );
#244 = CARTESIAN_POINT ( 'NONE',  ( -126.2565438054511446, -20.00000000000001776, 22.92292496891065312 ) ) ;
#245 = CARTESIAN_POINT ( 'NONE',  ( -66.91345849861176021, 5.551115123125782702E-14, -110.8735210708625658 ) ) ;
#246 = DIRECTION ( 'NONE',  ( 0.000000000000000000, 1.000000000000000000, 0.000000000000000000 ) ) ;
#247 = CARTESIAN_POINT ( 'NONE',  ( 51.60713445721283676, 0.000000000000000000, -36.48568142080739563 ) ) ;
#248 = CARTESIAN_POINT ( 'NONE',  ( 49.83580093688390633, 5.551115123125782702E-14, -8.909857504362820535 ) ) ;
#249 = CARTESIAN_POINT ( 'NONE',  ( -30.42608774114449588, -19.99999999999996092, -122.9051990072463383 ) ) ;
#250 = CC_DESIGN_SECURITY_CLASSIFICATION ( #100, ( #1657 ) ) ;
#251 = CARTESIAN_POINT ( 'NONE',  ( 7.462100287057490178, 5.551115123125782702E-14, -116.6390405258233187 ) ) ;
#252 = CARTESIAN_POINT ( 'NONE',  ( 51.50360533813308450, 0.000000000000000000, -41.77724108331201336 ) ) ;
#253 = CARTESIAN_POINT ( 'NONE',  ( 47.67007564144812193, -20.00000000000012790, -67.62724568802136105 ) ) ;
#254 = CARTESIAN_POINT ( 'NONE',  ( -53.01409402611336219, 0.000000000000000000, 78.37747181922769357 ) ) ;
#255 = CARTESIAN_POINT ( 'NONE',  ( 9.961671733638270965, -19.99999999999996092, 52.64869109340931885 ) ) ;
#256 = CARTESIAN_POINT ( 'NONE',  ( -87.87353636463416251, -19.99999999999996092, 70.62414649187977034 ) ) ;
#257 = CARTESIAN_POINT ( 'NONE',  ( 49.63158365553966433, -19.99999999999996092, -58.80184936450197597 ) ) ;
#258 = CARTESIAN_POINT ( 'NONE',  ( -39.44898702700189830, 1.040975301635810459E-13, 76.29720836280768026 ) ) ;
#259 = CARTESIAN_POINT ( 'NONE',  ( 41.36983466679547661, -19.99999999999996092, -85.10028809484080625 ) ) ;
#260 = CARTESIAN_POINT ( 'NONE',  ( -2.779758497319880117, 0.000000000000000000, -120.3076996872682258 ) ) ;
#261 = CARTESIAN_POINT ( 'NONE',  ( 51.30351024987134423, -20.00000000000012790, -45.46004790749576330 ) ) ;
#262 = CARTESIAN_POINT ( 'NONE',  ( -111.1829728514031927, 7.632783294297951215E-14, 51.63641580393029074 ) ) ;
#263 = CARTESIAN_POINT ( 'NONE',  ( -126.2565438054511446, 0.000000000000000000, 22.92292496891065312 ) ) ;
#264 = CARTESIAN_POINT ( 'NONE',  ( -92.72927147329460240, 0.000000000000000000, -90.39652765472814622 ) ) ;
#265 = CARTESIAN_POINT ( 'NONE',  ( 51.33968084773972862, 0.000000000000000000, -27.55357721710938179 ) ) ;
#266 = CARTESIAN_POINT ( 'NONE',  ( 49.58195702961020146, -20.00000000000012790, -4.278989871772089337 ) ) ;
#267 = CARTESIAN_POINT ( 'NONE',  ( -41.91531366363294353, -19.99999999999996092, -121.1276235419878020 ) ) ;
#268 = CARTESIAN_POINT ( 'NONE',  ( 18.53755701006575407, -20.00000000000012790, -110.5579486497398847 ) ) ;
#269 = CARTESIAN_POINT ( 'NONE',  ( 49.11103017930160064, 0.000000000000000000, -61.47273330371334765 ) ) ;
#270 = CARTESIAN_POINT ( 'NONE',  ( 40.43645442432390524, 5.551115123125782702E-14, -86.86599483055951509 ) ) ;
#271 = CARTESIAN_POINT ( 'NONE',  ( 10.88933467041642267, 0.000000000000000000, 51.99606392884955142 ) ) ;
#272 = DIRECTION ( 'NONE',  ( 0.000000000000000000, 1.000000000000000000, 0.000000000000000000 ) ) ;
#273 = CARTESIAN_POINT ( 'NONE',  ( -85.37826836450481949, -19.99999999999996092, 71.86181726706877271 ) ) ;
#274 = CARTESIAN_POINT ( 'NONE',  ( 51.59895698255707686, -19.99999999999996092, -38.05393003776695338 ) ) ;
#275 = CARTESIAN_POINT ( 'NONE',  ( -41.05288845932073372, 1.040975301635810459E-13, 76.65650759774368339 ) ) ;
#276 = CARTESIAN_POINT ( 'NONE',  ( 39.14474852173184871, -19.99999999999996092, -89.11114154477184002 ) ) ;
#277 = CARTESIAN_POINT ( 'NONE',  ( -97.02217272581705743, -20.00000000000001776, 64.97115982847300586 ) ) ;
#278 = CARTESIAN_POINT ( 'NONE',  ( -129.4803471162713322, 0.000000000000000000, 1.878741283067044909 ) ) ;
#279 = CARTESIAN_POINT ( 'NONE',  ( 49.67159211951238262, -20.00000000000015632, -6.280823685573901471 ) ) ;
#280 = CARTESIAN_POINT ( 'NONE',  ( -12.54060952988803379, -20.00000000000012790, -122.3659187891908715 ) ) ;
#281 = CARTESIAN_POINT ( 'NONE',  ( 49.75510737549914353, 0.000000000000000000, -58.11457446047672448 ) ) ;
#282 = CARTESIAN_POINT ( 'NONE',  ( 43.72315060495949979, 5.551115123125782702E-14, -79.90383436395714511 ) ) ;
#283 = CARTESIAN_POINT ( 'NONE',  ( 3.453865562091568364, 0.000000000000000000, 57.14400468997541083 ) ) ;
#284 = CARTESIAN_POINT ( 'NONE',  ( -102.1803053071303253, 0.000000000000000000, 60.88227345021810777 ) ) ;
#285 = CARTESIAN_POINT ( 'NONE',  ( -51.01971425229723422, -19.99999999999995737, 78.26233652172082600 ) ) ;
#286 = CARTESIAN_POINT ( 'NONE',  ( 51.10596113655772399, -19.99999999999994316, -48.01787158979779946 ) ) ;
#287 = CARTESIAN_POINT ( 'NONE',  ( -34.73187493297466233, -20.00000000000001776, 75.09711934980325054 ) ) ;
#288 = CARTESIAN_POINT ( 'NONE',  ( 46.35082716652500068, -19.99999999999993605, -72.31242910035031457 ) ) ;
#289 = CARTESIAN_POINT ( 'NONE',  ( -116.2204630106661369, 7.632783294297951215E-14, 44.79149375771373798 ) ) ;
#290 = CARTESIAN_POINT ( 'NONE',  ( -112.8618512654651624, 0.000000000000000000, 49.52156947672241927 ) ) ;
#291 = CARTESIAN_POINT ( 'NONE',  ( 51.12277894026831859, 5.551115123125782702E-14, -24.26634888399338408 ) ) ;
#292 = CARTESIAN_POINT ( 'NONE',  ( -21.46918146116993853, -20.00000000000012790, -123.1384148528315308 ) ) ;
#293 = CARTESIAN_POINT ( 'NONE',  ( 51.31829509714933124, 0.000000000000000000, -45.24677742679540415 ) ) ;
#294 = CARTESIAN_POINT ( 'NONE',  ( 6.557318504557803962, 8.673658603693650039E-14, 55.02897804736888787 ) ) ;
#295 = CARTESIAN_POINT ( 'NONE',  ( -12.18626195950498570, 0.000000000000000000, 66.39898455646060427 ) ) ;
#296 = CARTESIAN_POINT ( 'NONE',  ( -77.52538958140971204, 0.000000000000000000, 75.00927806677137255 ) ) ;
#297 = CARTESIAN_POINT ( 'NONE',  ( -65.58979988085833668, -19.99999999999996092, 77.81803963260414037 ) ) ;
#298 = CARTESIAN_POINT ( 'NONE',  ( -27.48318014371006157, 7.632783294297951215E-14, 72.86433793012173510 ) ) ;
#299 = CARTESIAN_POINT ( 'NONE',  ( -10.54033026498034076, -19.99999999999996092, -122.0487034034466234 ) ) ;
#300 = CARTESIAN_POINT ( 'NONE',  ( -116.0721812216613529, -20.00000000000001776, 45.01585746635308993 ) ) ;
#301 = CARTESIAN_POINT ( 'NONE',  ( -121.6520684680621969, 0.000000000000000000, 35.10283458194920314 ) ) ;
#302 = EDGE_CURVE ( 'NONE', #1381, #1587, #169, .T. ) ;
#303 = CARTESIAN_POINT ( 'NONE',  ( 51.20409094949378215, -20.00000000000012790, -25.41651556977052806 ) ) ;
#304 = CARTESIAN_POINT ( 'NONE',  ( -2.779758497319880117, 5.551115123125782702E-14, -120.3076996872682258 ) ) ;
#305 = CARTESIAN_POINT ( 'NONE',  ( 47.98374848186276154, 0.000000000000000000, -66.40242838053158891 ) ) ;
#306 = CARTESIAN_POINT ( 'NONE',  ( 12.26760969666340628, 7.632783294297951215E-14, 51.02742916898561987 ) ) ;
#307 = CARTESIAN_POINT ( 'NONE',  ( 1.807742588716865439, 0.000000000000000000, 58.23825644488273667 ) ) ;
#308 = CARTESIAN_POINT ( 'NONE',  ( -87.87353636463416251, 0.000000000000000000, 70.62414649187977034 ) ) ;
#309 = CARTESIAN_POINT ( 'NONE',  ( 48.41106004809751795, -20.00000000000013145, -64.68463125227637533 ) ) ;
#310 = CARTESIAN_POINT ( 'NONE',  ( -63.90678189668969367, -19.99999999999996092, 78.03636024072366695 ) ) ;
#311 = CARTESIAN_POINT ( 'NONE',  ( -26.10810351150714581, -20.00000000000001776, 72.38313695804109216 ) ) ;
#312 = CARTESIAN_POINT ( 'NONE',  ( 22.53991191228896085, -19.99999999999994316, 44.17595457144953741 ) ) ;
#313 = CARTESIAN_POINT ( 'NONE',  ( -8.111050854786261866, -19.99999999999996092, -121.5938092314922443 ) ) ;
#314 = CARTESIAN_POINT ( 'NONE',  ( -48.47109339016709129, -19.99999999999996803, -119.3599668928096520 ) ) ;
#315 = CARTESIAN_POINT ( 'NONE',  ( -103.4255272144312698, 7.632783294297951215E-14, 59.77615962320127352 ) ) ;
#316 = CARTESIAN_POINT ( 'NONE',  ( -122.4052326049210109, 0.000000000000000000, 33.46295798025181512 ) ) ;
#317 = CARTESIAN_POINT ( 'NONE',  ( 50.12197019273168053, 5.551115123125782702E-14, -12.58256937321439572 ) ) ;
#318 = CC_DESIGN_PERSON_AND_ORGANIZATION_ASSIGNMENT ( #356, #581, ( #2001 ) ) ;
#319 = CARTESIAN_POINT ( 'NONE',  ( -13.20934084812522080, -20.00000000000012790, -122.4580812546544450 ) ) ;
#320 = CARTESIAN_POINT ( 'NONE',  ( 16.54838941662214680, -20.00000000000001776, 48.05704554464010414 ) ) ;
#321 = CARTESIAN_POINT ( 'NONE',  ( -10.60188634929150986, 0.000000000000000000, 65.58323180723385804 ) ) ;
#322 = CARTESIAN_POINT ( 'NONE',  ( -91.28905843082895899, 0.000000000000000000, 68.75420203449246515 ) ) ;
#323 = CARTESIAN_POINT ( 'NONE',  ( -47.33717511649421539, -19.99999999999996092, 77.81727633936685606 ) ) ;
#324 = CARTESIAN_POINT ( 'NONE',  ( -19.17586175756872535, -20.00000000000001776, 69.66249347204070830 ) ) ;
#325 = DIRECTION ( 'NONE',  ( 0.000000000000000000, 0.000000000000000000, -1.000000000000000000 ) ) ;
#326 = CARTESIAN_POINT ( 'NONE',  ( 8.340899792126313272, -19.99999999999996092, -116.2458920374993170 ) ) ;
#327 = CARTESIAN_POINT ( 'NONE',  ( -20.66280894226789400, -19.99999999999996092, -123.1117744659034230 ) ) ;
#328 = CARTESIAN_POINT ( 'NONE',  ( -76.07161900691700396, 7.632783294297951215E-14, 75.47360850646779795 ) ) ;
#329 = CARTESIAN_POINT ( 'NONE',  ( -110.7920837712101871, 0.000000000000000000, 52.10748862797155567 ) ) ;
#330 = CARTESIAN_POINT ( 'NONE',  ( 50.17809600094982869, 5.551115123125782702E-14, -13.23800602164816631 ) ) ;
#331 = CARTESIAN_POINT ( 'NONE',  ( -6.319074132856139059, -20.00000000000011724, -121.2284296395033749 ) ) ;
#332 = ORIENTED_EDGE ( 'NONE', *, *, #205, .F. ) ;
#333 = CARTESIAN_POINT ( 'NONE',  ( 5.807865519963151257, -20.00000000000001776, 55.54385358363959568 ) ) ;
#334 = CARTESIAN_POINT ( 'NONE',  ( -78.10336296875237849, 0.000000000000000000, 74.81300027630393856 ) ) ;
#335 = CARTESIAN_POINT ( 'NONE',  ( -59.61695752531898052, -19.99999999999994671, 78.41014084394873862 ) ) ;
#336 = CARTESIAN_POINT ( 'NONE',  ( -11.99568713701364686, -20.00000000000001776, 66.30211285429210477 ) ) ;
#337 = CARTESIAN_POINT ( 'NONE',  ( -53.97369837112504598, 0.000000000000000000, -117.3715580433952255 ) ) ;
#338 = CARTESIAN_POINT ( 'NONE',  ( -0.2581821330022430194, -19.99999999999996092, -119.5577400436045536 ) ) ;
#339 = CARTESIAN_POINT ( 'NONE',  ( -28.31657301337418886, -20.00000000000000711, -123.0714098106126499 ) ) ;
#340 = CARTESIAN_POINT ( 'NONE',  ( -75.51059716021592294, -20.00000000000001776, 75.64398578034990805 ) ) ;
#341 = CARTESIAN_POINT ( 'NONE',  ( 50.32485479848425314, 5.551115123125782702E-14, -14.88965294346866841 ) ) ;
#342 = CARTESIAN_POINT ( 'NONE',  ( -31.70998576005503011, -20.00000000000012790, -122.7904226875422324 ) ) ;
#343 = CARTESIAN_POINT ( 'NONE',  ( 20.66386109505323887, 0.000000000000000000, 45.34521947871697733 ) ) ;
#344 = CARTESIAN_POINT ( 'NONE',  ( 16.22228317437934919, -20.00000000000001776, 48.27940352159782122 ) ) ;
#345 = CARTESIAN_POINT ( 'NONE',  ( 28.16251043025159717, -20.00000000000012790, -102.8293965443078690 ) ) ;
#346 = CARTESIAN_POINT ( 'NONE',  ( -11.47182980617785653, -19.99999999999996092, 66.03483937871716591 ) ) ;
#347 = CARTESIAN_POINT ( 'NONE',  ( -24.79581652707136996, 7.632783294297951215E-14, 71.90541381624007045 ) ) ;
#348 = CARTESIAN_POINT ( 'NONE',  ( -53.48542933102067565, 0.000000000000000000, -117.5649766825596743 ) ) ;
#349 = CARTESIAN_POINT ( 'NONE',  ( -128.6336001328637622, -19.99999999999996092, 11.94318509636946146 ) ) ;
#350 = CARTESIAN_POINT ( 'NONE',  ( -78.39169886996567982, 7.632783294297951215E-14, 74.71298519571119812 ) ) ;
#351 = CARTESIAN_POINT ( 'NONE',  ( 31.77782786964397488, 0.000000000000000000, -99.11423479029923556 ) ) ;
#352 = CARTESIAN_POINT ( 'NONE',  ( 51.60601316274062356, -20.00000000000012790, -35.94681257796081297 ) ) ;
#353 = CARTESIAN_POINT ( 'NONE',  ( -32.47914282259673513, -20.00000000000012790, -122.7098531783965427 ) ) ;
#354 = CARTESIAN_POINT ( 'NONE',  ( 21.08526458345998833, 0.000000000000000000, 45.07872929278507002 ) ) ;
#355 = CARTESIAN_POINT ( 'NONE',  ( 20.87580815393824096, 5.551115123125782702E-14, 45.21099605415143685 ) ) ;
#356 = PERSON_AND_ORGANIZATION ( #523, #955 ) ;
#357 = CARTESIAN_POINT ( 'NONE',  ( 33.10177136322258207, -20.00000000000012790, -97.55460974277552566 ) ) ;
#358 = CARTESIAN_POINT ( 'NONE',  ( -1.178907913980798305, -19.99999999999996092, 60.15446801300607405 ) ) ;
#359 = CARTESIAN_POINT ( 'NONE',  ( -20.67762688974612928, 7.632783294297951215E-14, 70.29436978891735066 ) ) ;
#360 = CARTESIAN_POINT ( 'NONE',  ( -37.56964623071704779, 0.000000000000000000, -122.0191121278882633 ) ) ;
#361 = CARTESIAN_POINT ( 'NONE',  ( -128.4345039255549636, -19.99999999999996092, 13.24102769379488542 ) ) ;
#362 = CARTESIAN_POINT ( 'NONE',  ( -95.18286773664799227, 7.632783294297951215E-14, 66.26096822787626195 ) ) ;
#363 = CARTESIAN_POINT ( 'NONE',  ( 43.72315060495949979, 0.000000000000000000, -79.90383436395714511 ) ) ;
#364 = CARTESIAN_POINT ( 'NONE',  ( 51.39934733251038068, 5.551115123125782702E-14, -28.70507894506157243 ) ) ;
#365 = CARTESIAN_POINT ( 'NONE',  ( -30.93987436108971778, -20.00000000000012790, -122.8622295692457982 ) ) ;
#366 = CARTESIAN_POINT ( 'NONE',  ( 49.48769540844705261, 5.551115123125782702E-14, 1.103631804891946899 ) ) ;
#367 =( NAMED_UNIT ( * ) PLANE_ANGLE_UNIT ( ) SI_UNIT ( $, .RADIAN. ) );
#368 = CARTESIAN_POINT ( 'NONE',  ( 35.96228319995660883, -20.00000000000012790, -93.90668538692479217 ) ) ;
#369 = CARTESIAN_POINT ( 'NONE',  ( -16.03171606414514372, -19.99999999999994316, 68.26799642397810430 ) ) ;
#370 = CARTESIAN_POINT ( 'NONE',  ( -1.483541683495443575, -20.00000000000001776, 60.34487985667941246 ) ) ;
#371 = CARTESIAN_POINT ( 'NONE',  ( -31.70998576005503011, 0.000000000000000000, -122.7904226875422324 ) ) ;
#372 = CARTESIAN_POINT ( 'NONE',  ( -128.7219415320301437, -19.99999999999996092, 11.32380647641311278 ) ) ;
#373 = CARTESIAN_POINT ( 'NONE',  ( -57.88817428785220187, -20.00000000000001776, 78.44937974168955463 ) ) ;
#374 = CARTESIAN_POINT ( 'NONE',  ( 35.62807943856389414, 0.000000000000000000, -94.36307671759372795 ) ) ;
#375 = CARTESIAN_POINT ( 'NONE',  ( 51.52439768775324325, 5.551115123125782702E-14, -31.63674869751964636 ) ) ;
#376 = CARTESIAN_POINT ( 'NONE',  ( -52.25829640503464191, -20.00000000000012790, -118.0320746506285161 ) ) ;
#377 = CARTESIAN_POINT ( 'NONE',  ( 24.43313397411058219, 0.000000000000000000, 43.05108037607488569 ) ) ;
#378 = CARTESIAN_POINT ( 'NONE',  ( 25.06976616508368139, 5.551115123125782702E-14, 42.68415153795506001 ) ) ;
#379 = CARTESIAN_POINT ( 'NONE',  ( 0.000000000000000000, 0.000000000000000000, 0.000000000000000000 ) ) ;
#380 = CARTESIAN_POINT ( 'NONE',  ( 27.54906536193227140, -20.00000000000012790, -103.4082038842701650 ) ) ;
#381 = CARTESIAN_POINT ( 'NONE',  ( -9.387088208597152317, -19.99999999999997158, 64.94494642785943483 ) ) ;
#382 = CARTESIAN_POINT ( 'NONE',  ( 0.8403460821893833366, 7.632783294297951215E-14, 58.86568000042766613 ) ) ;
#383 = CARTESIAN_POINT ( 'NONE',  ( -129.4977286896949238, -19.99999999999996092, 0.9393636428174244601 ) ) ;
#384 = CARTESIAN_POINT ( 'NONE',  ( 50.28750706509866575, -19.99999999999996092, -14.47016087134193718 ) ) ;
#385 = CARTESIAN_POINT ( 'NONE',  ( -67.93388461167023706, 7.632783294297951215E-14, 77.44427978224626941 ) ) ;
#386 = CARTESIAN_POINT ( 'NONE',  ( 26.19724553481832530, 0.000000000000000000, -104.6435958490237681 ) ) ;
#387 = CARTESIAN_POINT ( 'NONE',  ( 51.33968084773972862, -20.00000000000015277, -27.55357721710938179 ) ) ;
#388 = CARTESIAN_POINT ( 'NONE',  ( -126.1917675709070323, -20.00000000000001776, 23.14696292378046039 ) ) ;
#389 = CARTESIAN_POINT ( 'NONE',  ( -43.65570330393752840, -20.00000000000012790, -120.7091618199384584 ) ) ;
#390 = CARTESIAN_POINT ( 'NONE',  ( 49.89281698080696970, 0.000000000000000000, -9.697197145967182408 ) ) ;
#391 = CARTESIAN_POINT ( 'NONE',  ( 20.02967353960259800, -20.00000000000001776, 45.75049248394338974 ) ) ;
#392 = CARTESIAN_POINT ( 'NONE',  ( -128.3033947512872146, -20.00000000000001776, 14.01781071032383785 ) ) ;
#393 = PERSON_AND_ORGANIZATION ( #523, #955 ) ;
#394 = CARTESIAN_POINT ( 'NONE',  ( 29.16577802237477357, -20.00000000000012790, -101.8446268855277594 ) ) ;
#395 = CARTESIAN_POINT ( 'NONE',  ( -55.58326045101522084, 0.000000000000000000, 78.46171173131298815 ) ) ;
#396 = CARTESIAN_POINT ( 'NONE',  ( -8.353309885965673587, -19.99999999999997158, 64.38383071306036243 ) ) ;
#397 = CARTESIAN_POINT ( 'NONE',  ( 3.864130500561947734, -20.00000000000001776, 56.86855092835146763 ) ) ;
#398 = CARTESIAN_POINT ( 'NONE',  ( -121.5411088798030192, -19.99999999999996092, 35.33551934314368737 ) ) ;
#399 = CARTESIAN_POINT ( 'NONE',  ( 51.46195878226208720, -19.99999999999996092, -30.02134608093238199 ) ) ;
#400 = CARTESIAN_POINT ( 'NONE',  ( -51.01971425229723422, -20.00000000000002132, 78.26233652172082600 ) ) ;
#401 = CARTESIAN_POINT ( 'NONE',  ( 20.00493776790120037, 0.000000000000000000, -109.5507431866233645 ) ) ;
#402 = CARTESIAN_POINT ( 'NONE',  ( 50.79342338069284324, -20.00000000000012790, -50.99451787454055562 ) ) ;
#403 = CARTESIAN_POINT ( 'NONE',  ( -121.6520684680621969, -20.00000000000001776, 35.10283458194920314 ) ) ;
#404 = CARTESIAN_POINT ( 'NONE',  ( -92.72927147329460240, 0.000000000000000000, -90.39652765472814622 ) ) ;
#405 = CARTESIAN_POINT ( 'NONE',  ( 25.06976616508368139, 0.000000000000000000, 42.68415153795506001 ) ) ;
#406 = CARTESIAN_POINT ( 'NONE',  ( 21.91555844371887929, 5.551115123125782702E-14, 44.56136744489663926 ) ) ;
#407 = CARTESIAN_POINT ( 'NONE',  ( -126.8782094281515924, -20.00000000000001776, 20.66264512997127767 ) ) ;
#408 = CARTESIAN_POINT ( 'NONE',  ( 2.159105926112661056, 5.551115123125782702E-14, -118.7475422520810326 ) ) ;
#409 = CARTESIAN_POINT ( 'NONE',  ( -27.48318014371006157, 0.000000000000000000, 72.86433793012173510 ) ) ;
#410 = CARTESIAN_POINT ( 'NONE',  ( 14.27217189126470132, -19.99999999999996092, 49.62306209157688386 ) ) ;
#411 = CARTESIAN_POINT ( 'NONE',  ( -5.638480805956834097, -20.00000000000001776, 62.84598133323770952 ) ) ;
#412 = CARTESIAN_POINT ( 'NONE',  ( -94.22012091887013696, -19.99999999999996092, 66.90506011229875583 ) ) ;
#413 = CARTESIAN_POINT ( 'NONE',  ( 51.07644370267638578, -19.99999999999996092, -23.64873031153743455 ) ) ;
#414 = CARTESIAN_POINT ( 'NONE',  ( -56.15946300404878144, -20.00000000000001776, 78.46767066211108954 ) ) ;
#415 = CARTESIAN_POINT ( 'NONE',  ( -9.728720907734265566, 0.000000000000000000, -121.9072767739475012 ) ) ;
#416 = CARTESIAN_POINT ( 'NONE',  ( 51.21479659127104611, 7.633413123667053596E-14, -46.73973678480606253 ) ) ;
#417 = CARTESIAN_POINT ( 'NONE',  ( -125.8572559191313616, 7.632783294297951215E-14, 24.26408533096678255 ) ) ;
#418 = CARTESIAN_POINT ( 'NONE',  ( -129.4874360166335236, 0.000000000000000000, -1.884072117899359355 ) ) ;
#419 = CARTESIAN_POINT ( 'NONE',  ( 50.12197019273168053, 0.000000000000000000, -12.58256937321439572 ) ) ;
#420 = CARTESIAN_POINT ( 'NONE',  ( 49.54905545651282495, -20.00000000000012790, -3.301253372065207969 ) ) ;
#421 = CARTESIAN_POINT ( 'NONE',  ( -129.5000000000002274, 7.632783294297951215E-14, -0.3140109813921551640 ) ) ;
#422 = CARTESIAN_POINT ( 'NONE',  ( 15.44668269742147082, -20.00000000000017053, -112.5361272185191126 ) ) ;
#423 = CARTESIAN_POINT ( 'NONE',  ( 47.03760586891066708, 5.551115123125782702E-14, -69.94460621013507762 ) ) ;
#424 = CARTESIAN_POINT ( 'NONE',  ( -18.96213954244151267, 0.000000000000000000, 69.57031740676416121 ) ) ;
#425 = CARTESIAN_POINT ( 'NONE',  ( 13.30155241857413628, -19.99999999999996092, 50.30128971157188289 ) ) ;
#426 = CARTESIAN_POINT ( 'NONE',  ( 4.273751219550913305, 7.632783294297951215E-14, 56.59213139650884017 ) ) ;
#427 = CARTESIAN_POINT ( 'NONE',  ( -110.4391590463845318, -19.99999999999996092, 52.52831893443158862 ) ) ;
#428 = CARTESIAN_POINT ( 'NONE',  ( 51.28110269957004874, -19.99999999999998224, -26.56698743352724534 ) ) ;
#429 = CARTESIAN_POINT ( 'NONE',  ( -68.22578163420838848, -20.00000000000001776, 77.39108860981959026 ) ) ;
#430 = CARTESIAN_POINT ( 'NONE',  ( 24.16908639259605707, -20.00000000000000355, -106.4038288145628854 ) ) ;
#431 = CARTESIAN_POINT ( 'NONE',  ( -8.111050854786261866, 0.000000000000000000, -121.5938092314922443 ) ) ;
#432 = CARTESIAN_POINT ( 'NONE',  ( 51.10596113655771688, 7.633413123667053596E-14, -48.01787158979779946 ) ) ;
#433 = CARTESIAN_POINT ( 'NONE',  ( -117.5585055560666490, -20.00000000000001776, 42.68018531140014460 ) ) ;
#434 = CARTESIAN_POINT ( 'NONE',  ( -64.47882907447802836, -20.00000000000012790, -112.3068503969331147 ) ) ;
#435 = CARTESIAN_POINT ( 'NONE',  ( 50.25021244593059322, 0.000000000000000000, -14.05066406785236133 ) ) ;
#436 = CARTESIAN_POINT ( 'NONE',  ( 49.82690861468730503, 5.551115123125782702E-14, -8.784736478369667978 ) ) ;
#437 = CARTESIAN_POINT ( 'NONE',  ( -129.4625456320161163, -20.00000000000001776, 2.504740734368369193 ) ) ;
#438 = DATE_TIME_ROLE ( 'creation_date' ) ;
#439 = CARTESIAN_POINT ( 'NONE',  ( 13.89835636338382763, -20.00000000000017053, -113.4357447059060178 ) ) ;
#440 = CARTESIAN_POINT ( 'NONE',  ( 43.93361648885007753, 5.551115123125782702E-14, -79.37345094919223243 ) ) ;
#441 = CARTESIAN_POINT ( 'NONE',  ( -28.68143359144950821, 0.000000000000000000, 73.26776639316233286 ) ) ;
#442 = CARTESIAN_POINT ( 'NONE',  ( 11.57839334049134017, -19.99999999999992895, 51.51163436276678453 ) ) ;
#443 = CARTESIAN_POINT ( 'NONE',  ( -83.59365087280993123, -19.99999999999996092, 72.67435216997441216 ) ) ;
#444 = CARTESIAN_POINT ( 'NONE',  ( 51.52439768775324325, -19.99999999999996092, -31.63674869751964636 ) ) ;
#445 = CARTESIAN_POINT ( 'NONE',  ( -42.66371149413935626, -20.00000000000001776, 76.98337897201457736 ) ) ;
#446 = CARTESIAN_POINT ( 'NONE',  ( 47.47446799662348127, -19.99999999999996092, -68.36017980852041376 ) ) ;
#447 = CARTESIAN_POINT ( 'NONE',  ( -11.53918396617511455, 0.000000000000000000, -122.2147837902820129 ) ) ;
#448 = CARTESIAN_POINT ( 'NONE',  ( 50.32008439490863339, 4.510743695363289905E-14, -54.66926620072963772 ) ) ;
#449 = CARTESIAN_POINT ( 'NONE',  ( -117.5585055560666490, 7.632783294297951215E-14, 42.68018531140014460 ) ) ;
#450 = CARTESIAN_POINT ( 'NONE',  ( -62.28575225596777187, 5.551115123125782702E-14, -113.5174472558108505 ) ) ;
#451 = CARTESIAN_POINT ( 'NONE',  ( 49.51298643245002040, -19.99999999999994316, -1.834253210643385534 ) ) ;
#452 = CARTESIAN_POINT ( 'NONE',  ( 51.60263153826367244, 0.000000000000000000, -35.40794485902389255 ) ) ;
#453 = CARTESIAN_POINT ( 'NONE',  ( 49.50565156742613482, 5.551115123125782702E-14, -1.100559448580909816 ) ) ;
#454 = CARTESIAN_POINT ( 'NONE',  ( -127.6043102191262903, -20.00000000000002487, 17.70278522131204468 ) ) ;
#455 = CARTESIAN_POINT ( 'NONE',  ( 11.57727768316423678, 5.551115123125782702E-14, -114.6684867550572733 ) ) ;
#456 = CARTESIAN_POINT ( 'NONE',  ( 45.86003871538047605, 0.000000000000000000, -73.88109810337266481 ) ) ;
#457 = CARTESIAN_POINT ( 'NONE',  ( 41.36983466679547661, 5.551115123125782702E-14, -85.10028809484080625 ) ) ;
#458 = CARTESIAN_POINT ( 'NONE',  ( -49.31559220099564556, 0.000000000000000000, 78.09417462167115787 ) ) ;
#459 = CARTESIAN_POINT ( 'NONE',  ( 8.768046514931468138, -19.99999999999996092, 53.48882421083186500 ) ) ;
#460 = CARTESIAN_POINT ( 'NONE',  ( -115.0549709025911369, -19.99999999999994316, 46.55498834132154684 ) ) ;
#461 = CARTESIAN_POINT ( 'NONE',  ( 47.98374848186276154, -19.99999999999996092, -66.40242838053158891 ) ) ;
#462 = CARTESIAN_POINT ( 'NONE',  ( -45.36525390033200011, -20.00000000000001776, 77.50033527213430773 ) ) ;
#463 = CARTESIAN_POINT ( 'NONE',  ( 43.72315060495949979, -19.99999999999996092, -79.90383436395714511 ) ) ;
#464 = CARTESIAN_POINT ( 'NONE',  ( 9.792247895761185816, 0.000000000000000000, -115.5612655792238854 ) ) ;
#465 = CARTESIAN_POINT ( 'NONE',  ( 50.91145352320522477, 5.551115123125782702E-14, -49.93212253141489754 ) ) ;
#466 = CIRCLE ( 'NONE', #556, 5.000000000000000000 ) ;
#467 = CARTESIAN_POINT ( 'NONE',  ( -98.74346293034568589, 7.289019960451133251E-14, 63.71400582475243368 ) ) ;
#468 = CARTESIAN_POINT ( 'NONE',  ( -56.89353884261510785, -20.00000000000012790, -116.1447553068789205 ) ) ;
#469 = CARTESIAN_POINT ( 'NONE',  ( 24.01058400007767446, -19.99999999999996092, 43.29885824951507800 ) ) ;
#470 = CARTESIAN_POINT ( 'NONE',  ( 51.43969347507100309, 0.000000000000000000, -29.52768997513725324 ) ) ;
#471 = CARTESIAN_POINT ( 'NONE',  ( 49.89281698080696970, -20.00000000000012790, -9.697197145967182408 ) ) ;
#472 = CARTESIAN_POINT ( 'NONE',  ( -66.37537232518388919, -19.99999999999996092, -111.1973730022443902 ) ) ;
#473 = CARTESIAN_POINT ( 'NONE',  ( 16.96076102961903942, 5.551115123125782702E-14, -111.5799928847266642 ) ) ;
#474 = CARTESIAN_POINT ( 'NONE',  ( 50.50678222508265947, 0.000000000000000000, -53.28519827119630037 ) ) ;
#475 = CARTESIAN_POINT ( 'NONE',  ( 40.71007645442282552, 5.551115123125782702E-14, -86.36526296796421320 ) ) ;
#476 = CARTESIAN_POINT ( 'NONE',  ( 8.768046514931468138, 0.000000000000000000, 53.48882421083186500 ) ) ;
#477 = DESIGN_CONTEXT ( 'detailed design', #2401, 'design' ) ;
#478 = CARTESIAN_POINT ( 'NONE',  ( 17.20173752596267391, -19.99999999999996092, 47.61399838119800165 ) ) ;
#479 = CARTESIAN_POINT ( 'NONE',  ( -93.04521254587753276, -19.99999999999996092, 67.65867275877339182 ) ) ;
#480 = CARTESIAN_POINT ( 'NONE',  ( 47.67007564144812193, -19.99999999999996092, -67.62724568802136105 ) ) ;
#481 = CC_DESIGN_APPROVAL ( #1306, ( #1657 ) ) ;
#482 = CARTESIAN_POINT ( 'NONE',  ( -45.92699257212385788, -20.00000000000001776, 77.60054074431145921 ) ) ;
#483 = CARTESIAN_POINT ( 'NONE',  ( 40.15820535823866777, -19.99999999999996092, -87.36737144137099165 ) ) ;
#484 = CARTESIAN_POINT ( 'NONE',  ( -104.1535127323550114, -20.00000000000001776, 59.11039688955156635 ) ) ;
#485 = CARTESIAN_POINT ( 'NONE',  ( -125.7181023157574771, 0.000000000000000000, 24.70927758410383746 ) ) ;
#486 = CARTESIAN_POINT ( 'NONE',  ( 50.04460689261402706, -20.00000000000013500, -11.66485396771595795 ) ) ;
#487 = CARTESIAN_POINT ( 'NONE',  ( 0.05490916692789240411, 5.551115123125782702E-14, -119.4572137791683417 ) ) ;
#488 = CARTESIAN_POINT ( 'NONE',  ( 50.53789653535024939, 0.000000000000000000, -53.05453507092891385 ) ) ;
#489 = CARTESIAN_POINT ( 'NONE',  ( 44.80581018794283210, 5.551115123125782702E-14, -76.99464947145492033 ) ) ;
#490 = CARTESIAN_POINT ( 'NONE',  ( -13.52571114240749139, 0.000000000000000000, 67.06633594643399476 ) ) ;
#491 = CARTESIAN_POINT ( 'NONE',  ( -75.77959884317611738, 0.000000000000000000, 75.56229239589087854 ) ) ;
#492 = CARTESIAN_POINT ( 'NONE',  ( -35.22010231652344459, -19.99999999999996092, 75.22900213415194060 ) ) ;
#493 = CARTESIAN_POINT ( 'NONE',  ( 51.59644578789679770, -19.99999999999996092, -38.24994706658554833 ) ) ;
#494 = CARTESIAN_POINT ( 'NONE',  ( -31.81300387485141457, -20.00000000000002132, 74.26752345192460325 ) ) ;
#495 = CARTESIAN_POINT ( 'NONE',  ( 30.59522651820464390, -19.99999999999994316, -100.4029381557891867 ) ) ;
#496 = CARTESIAN_POINT ( 'NONE',  ( -116.2204630106661369, -20.00000000000001776, 44.79149375771373798 ) ) ;
#497 = CARTESIAN_POINT ( 'NONE',  ( -115.0549709025911369, 0.000000000000000000, 46.55498834132154684 ) ) ;
#498 = CARTESIAN_POINT ( 'NONE',  ( 51.07644370267638578, 5.551115123125782702E-14, -23.64873031153743455 ) ) ;
#499 = CARTESIAN_POINT ( 'NONE',  ( -11.53918396617511455, 5.551115123125782702E-14, -122.2147837902820129 ) ) ;
#500 = CARTESIAN_POINT ( 'NONE',  ( 49.63158365553966433, 0.000000000000000000, -58.80184936450197597 ) ) ;
#501 = CARTESIAN_POINT ( 'NONE',  ( 10.88933467041642267, 1.110223063854919182E-13, 51.99606392884955852 ) ) ;
#502 = CARTESIAN_POINT ( 'NONE',  ( 3.864130500561947734, 0.000000000000000000, 56.86855092835146763 ) ) ;
#503 = CARTESIAN_POINT ( 'NONE',  ( -102.8066196075553194, 0.000000000000000000, 60.33329179887377336 ) ) ;
#504 = CARTESIAN_POINT ( 'NONE',  ( -61.34282754339395893, -19.99999999999994671, 78.30241965776941981 ) ) ;
#505 = EDGE_CURVE ( 'NONE', #2265, #1843, #2103, .T. ) ;
#506 = CARTESIAN_POINT ( 'NONE',  ( -45.36525390033200011, 7.632783294297951215E-14, 77.50033527213430773 ) ) ;
#507 = CARTESIAN_POINT ( 'NONE',  ( -6.319074132856138171, -19.99999999999995026, -121.2284296395033607 ) ) ;
#508 = CARTESIAN_POINT ( 'NONE',  ( -109.5409041180269156, 7.632783294297951215E-14, 53.56693451432044384 ) ) ;
#509 = CARTESIAN_POINT ( 'NONE',  ( -127.0683811205223464, 0.000000000000000000, 19.90479372005860981 ) ) ;
#510 = CARTESIAN_POINT ( 'NONE',  ( 51.18167503062554857, -20.00000000000012790, -25.08784028690395829 ) ) ;
#511 = CARTESIAN_POINT ( 'NONE',  ( -17.20968287482271819, 7.288826218588958467E-14, -122.9180218039841179 ) ) ;
#512 = CARTESIAN_POINT ( 'NONE',  ( 48.04478905582770665, 0.000000000000000000, -66.15704461152211024 ) ) ;
#513 = CARTESIAN_POINT ( 'NONE',  ( 7.304821972737784108, 8.673658603693650039E-14, 54.51127624224672985 ) ) ;
#514 = CARTESIAN_POINT ( 'NONE',  ( 3.590697315574320481, 0.000000000000000000, 57.05230132488167527 ) ) ;
#515 = CARTESIAN_POINT ( 'NONE',  ( -94.22012091887013696, 0.000000000000000000, 66.90506011229875583 ) ) ;
#516 = CARTESIAN_POINT ( 'NONE',  ( 48.41106004809751795, 4.857810310017286514E-14, -64.68463125227637533 ) ) ;
#517 = CARTESIAN_POINT ( 'NONE',  ( -45.36525390033200011, -19.99999999999996092, 77.50033527213430773 ) ) ;
#518 = CARTESIAN_POINT ( 'NONE',  ( -20.24750900356831096, -20.00000000000001776, 70.11633915912553050 ) ) ;
#519 = CARTESIAN_POINT ( 'NONE',  ( 49.61841663398499236, -19.99999999999996092, -5.153137685305441806 ) ) ;
#520 = CARTESIAN_POINT ( 'NONE',  ( -1.830733667611416315, -19.99999999999996092, -120.0383396971682401 ) ) ;
#521 = CARTESIAN_POINT ( 'NONE',  ( -21.81712805980776793, -19.99999999999996092, -123.1487448981797570 ) ) ;
#522 = UNCERTAINTY_MEASURE_WITH_UNIT (LENGTH_MEASURE( 1.000000000000000082E-05 ), #2493, 'distance_accuracy_value', 'NONE');
#523 = PERSON ( '未', '未', '未', ('未'), ('未'), ('未') ) ;
#524 = CARTESIAN_POINT ( 'NONE',  ( -101.5471042339753325, 7.632783294297951215E-14, 61.42310594634543719 ) ) ;
#525 = CARTESIAN_POINT ( 'NONE',  ( -127.1607648525227034, 0.000000000000000000, 19.52521036931193876 ) ) ;
#526 = CARTESIAN_POINT ( 'NONE',  ( 50.12197019273168053, -20.00000000000012790, -12.58256937321439572 ) ) ;
#527 = CARTESIAN_POINT ( 'NONE',  ( -23.55762124238911071, 5.551115123125782702E-14, -123.1755312437156249 ) ) ;
#528 = CARTESIAN_POINT ( 'NONE',  ( 20.02967353960259800, -291.0347536423743122, 45.75049248394338974 ) ) ;
#529 = CARTESIAN_POINT ( 'NONE',  ( 14.27217189126470132, 7.632783294297951215E-14, 49.62306209157688386 ) ) ;
#530 = CARTESIAN_POINT ( 'NONE',  ( 5.433032131151517952, 0.000000000000000000, 55.80113336847321648 ) ) ;
#531 = CARTESIAN_POINT ( 'NONE',  ( -93.04521254587753276, 0.000000000000000000, 67.65867275877339182 ) ) ;
#532 = CARTESIAN_POINT ( 'NONE',  ( -55.00993103614651147, -19.99999999999996092, 78.45199418571671401 ) ) ;
#533 = CARTESIAN_POINT ( 'NONE',  ( -26.10810351150714581, 7.632783294297951215E-14, 72.38313695804109216 ) ) ;
#534 = CARTESIAN_POINT ( 'NONE',  ( 20.66386109505323887, -19.99999999999996092, 45.34521947871697733 ) ) ;
#535 = CARTESIAN_POINT ( 'NONE',  ( -13.20934084812522080, -19.99999999999996092, -122.4580812546544450 ) ) ;
#536 = CARTESIAN_POINT ( 'NONE',  ( -57.22483542718588723, -19.99999999999996092, -115.9962497806018717 ) ) ;
#537 = CARTESIAN_POINT ( 'NONE',  ( -95.18286773664799227, -20.00000000000001776, 66.26096822787626195 ) ) ;
#538 = CARTESIAN_POINT ( 'NONE',  ( -109.3588531647842075, 0.000000000000000000, 53.77252852411366035 ) ) ;
#539 = CARTESIAN_POINT ( 'NONE',  ( 50.14426547947343948, 5.551115123125782702E-14, -12.84475672941776381 ) ) ;
#540 = CARTESIAN_POINT ( 'NONE',  ( -20.66280894226789400, -20.00000000000012790, -123.1117744659034230 ) ) ;
#541 = ORIENTED_EDGE ( 'NONE', *, *, #839, .T. ) ;
#542 = CARTESIAN_POINT ( 'NONE',  ( 9.961671733638270965, -20.00000000000001776, 52.64869109340931885 ) ) ;
#543 = CARTESIAN_POINT ( 'NONE',  ( 13.40923187942971850, 0.000000000000000000, 50.22569244401820043 ) ) ;
#544 = CARTESIAN_POINT ( 'NONE',  ( -104.1535127323550114, 0.000000000000000000, 59.11039688955156635 ) ) ;
#545 = CARTESIAN_POINT ( 'NONE',  ( -45.08456346526175196, -19.99999999999996092, 77.44924956539111349 ) ) ;
#546 = CARTESIAN_POINT ( 'NONE',  ( -25.45114412520170433, 7.632783294297951215E-14, 72.14647418546363156 ) ) ;
#547 = CARTESIAN_POINT ( 'NONE',  ( 23.16798333883458838, -19.99999999999994316, 43.79663067305767754 ) ) ;
#548 = CARTESIAN_POINT ( 'NONE',  ( 7.462100287057490178, -19.99999999999996092, -116.6390405258233187 ) ) ;
#549 = CARTESIAN_POINT ( 'NONE',  ( -63.93535156719103441, -19.99999999999996092, -112.6180045988345455 ) ) ;
#550 = CARTESIAN_POINT ( 'NONE',  ( -85.63107712986871434, -20.00000000000001776, 71.74118813793576521 ) ) ;
#551 = CARTESIAN_POINT ( 'NONE',  ( 51.04171512261805788, -20.00000000000012790, -23.19542283883552614 ) ) ;
#552 = CARTESIAN_POINT ( 'NONE',  ( -44.41290313332778084, -20.00000000000012790, -120.5164121113516700 ) ) ;
#553 = ORIENTED_EDGE ( 'NONE', *, *, #1907, .F. ) ;
#554 = CARTESIAN_POINT ( 'NONE',  ( 12.95687420016295732, 7.632783294297951215E-14, 50.54329255766865714 ) ) ;
#555 = PERSON_AND_ORGANIZATION_ROLE ( 'design_owner' ) ;
#556 = AXIS2_PLACEMENT_3D ( 'NONE', #2136, #2118, #2530 ) ;
#557 = CARTESIAN_POINT ( 'NONE',  ( 38.09669512251599599, -20.00000000000011369, -90.83487013523840403 ) ) ;
#558 = CARTESIAN_POINT ( 'NONE',  ( 0.8403460821893833366, -19.99999999999996092, 58.86568000042766613 ) ) ;
#559 = CARTESIAN_POINT ( 'NONE',  ( -19.17586175756872535, 7.632783294297951215E-14, 69.66249347204070830 ) ) ;
#560 = CARTESIAN_POINT ( 'NONE',  ( -62.56210371022137906, 0.000000000000000000, -113.3702237230749290 ) ) ;
#561 = CARTESIAN_POINT ( 'NONE',  ( -32.47914282259673513, -19.99999999999996092, -122.7098531783965427 ) ) ;
#562 = CARTESIAN_POINT ( 'NONE',  ( -91.28905843082894478, -20.00000000000000000, 68.75420203449246515 ) ) ;
#563 = CARTESIAN_POINT ( 'NONE',  ( 34.59749925276162941, 0.000000000000000000, -95.71145274398466540 ) ) ;
#564 = CARTESIAN_POINT ( 'NONE',  ( 51.58441435932609664, 6.939162991119396925E-14, -33.79141238531251901 ) ) ;
#565 = CARTESIAN_POINT ( 'NONE',  ( -44.41290313332778084, 5.551115123125782702E-14, -120.5164121113516700 ) ) ;
#566 = CARTESIAN_POINT ( 'NONE',  ( 20.87580815393824096, 0.000000000000000000, 45.21099605415143685 ) ) ;
#567 = CARTESIAN_POINT ( 'NONE',  ( 20.02967353960259800, -20.00000000000012790, 45.75049248394338974 ) ) ;
#568 = CARTESIAN_POINT ( 'NONE',  ( 13.30155241857413628, 0.000000000000000000, 50.30128971157188289 ) ) ;
#569 = CARTESIAN_POINT ( 'NONE',  ( 35.62807943856389414, 5.551115123125782702E-14, -94.36307671759372795 ) ) ;
#570 = APPROVAL ( #2254, '未' ) ;
#571 = CARTESIAN_POINT ( 'NONE',  ( -18.96213954244151267, -19.99999999999996092, 69.57031740676416121 ) ) ;
#572 = CARTESIAN_POINT ( 'NONE',  ( -17.20145857536769540, -20.00000000000001776, 68.79447167826144494 ) ) ;
#573 = CARTESIAN_POINT ( 'NONE',  ( -65.02194148750272973, 0.000000000000000000, -111.9932842990695434 ) ) ;
#574 = CARTESIAN_POINT ( 'NONE',  ( -123.7703628044701247, -19.99999999999996092, 30.21136184300692307 ) ) ;
#575 = CARTESIAN_POINT ( 'NONE',  ( -93.51718370160276095, -20.00000000000001776, 67.36045995795137742 ) ) ;
#576 = CARTESIAN_POINT ( 'NONE',  ( 32.90975794553216360, 0.000000000000000000, -97.78080439318401318 ) ) ;
#577 = CARTESIAN_POINT ( 'NONE',  ( 51.46195878226208720, -20.00000000000012790, -30.02134608093238199 ) ) ;
#578 = CARTESIAN_POINT ( 'NONE',  ( -43.05002587374138301, -20.00000000000012790, -120.8587579265771836 ) ) ;
#579 = ORIENTED_EDGE ( 'NONE', *, *, #1907, .T. ) ;
#580 = CARTESIAN_POINT ( 'NONE',  ( 49.10252081831276882, 4.535363353450360483E-14, 18.37515543364829185 ) ) ;
#581 = PERSON_AND_ORGANIZATION_ROLE ( 'creator' ) ;
#582 = CARTESIAN_POINT ( 'NONE',  ( 38.99506862350941816, -20.00000000000012790, -89.35731938282587805 ) ) ;
#583 = CARTESIAN_POINT ( 'NONE',  ( -0.1293994474064269484, -19.99999999999996092, 59.48944947772054093 ) ) ;
#584 = CARTESIAN_POINT ( 'NONE',  ( 4.273751219550913305, -20.00000000000001776, 56.59213139650884017 ) ) ;
#585 = CARTESIAN_POINT ( 'NONE',  ( -32.22284460518721971, 0.000000000000000000, -122.7375199821938168 ) ) ;
#586 = CARTESIAN_POINT ( 'NONE',  ( -84.87125771882590186, 7.632783294297951215E-14, 72.10015590158110399 ) ) ;
#587 = CARTESIAN_POINT ( 'NONE',  ( 27.75431474961860445, 0.000000000000000000, -103.2160882854444850 ) ) ;
#588 = CARTESIAN_POINT ( 'NONE',  ( 51.59698974769748503, 5.551115123125782702E-14, -34.86910438421589475 ) ) ;
#589 = CARTESIAN_POINT ( 'NONE',  ( -50.25207415870747241, 4.859116782409714700E-14, -118.7716868452241812 ) ) ;
#590 = CARTESIAN_POINT ( 'NONE',  ( 50.57593982971102520, 0.000000000000000000, -17.69728476121133909 ) ) ;
#591 = CARTESIAN_POINT ( 'NONE',  ( 18.13955117993316790, 0.000000000000000000, 46.98551810541323448 ) ) ;
#592 = CARTESIAN_POINT ( 'NONE',  ( 34.41453161609500455, 5.551115123125782702E-14, -95.94502503767380119 ) ) ;
#593 = CARTESIAN_POINT ( 'NONE',  ( -12.18626195950498570, -19.99999999999996092, 66.39898455646060427 ) ) ;
#594 = CARTESIAN_POINT ( 'NONE',  ( -7.327202959124728743, -20.00000000000001776, 63.80880633059798868 ) ) ;
#595 = CARTESIAN_POINT ( 'NONE',  ( -129.4874360166335236, -19.99999999999996092, -1.884072117899359355 ) ) ;
#596 = CARTESIAN_POINT ( 'NONE',  ( 51.60730743718889357, -19.99999999999996092, -36.68171445823583099 ) ) ;
#597 = CARTESIAN_POINT ( 'NONE',  ( -57.02397927425486301, -20.00000000000001776, 78.46518698190715213 ) ) ;
#598 = CARTESIAN_POINT ( 'NONE',  ( 35.96228319995660883, 0.000000000000000000, -93.90668538692479217 ) ) ;
#599 = CARTESIAN_POINT ( 'NONE',  ( 51.48529649433368149, 5.551115123125782702E-14, -30.55971032871173065 ) ) ;
#600 = CARTESIAN_POINT ( 'NONE',  ( -123.7703628044701247, -20.00000000000001776, 30.21136184300692307 ) ) ;
#601 = CARTESIAN_POINT ( 'NONE',  ( -43.05002587374138301, 5.551115123125782702E-14, -120.8587579265771836 ) ) ;
#602 = CARTESIAN_POINT ( 'NONE',  ( 50.78254850884610505, 0.000000000000000000, -20.02355694446560008 ) ) ;
#603 = CARTESIAN_POINT ( 'NONE',  ( 20.98186833761895542, 5.551115123125782702E-14, 45.14402156672510102 ) ) ;
#604 = CARTESIAN_POINT ( 'NONE',  ( -127.1607648525227034, -20.00000000000001776, 19.52521036931193876 ) ) ;
#605 = CARTESIAN_POINT ( 'NONE',  ( 40.15820535823866777, 5.551115123125782702E-14, -87.36737144137099165 ) ) ;
#606 = CARTESIAN_POINT ( 'NONE',  ( -31.81300387485141457, 0.000000000000000000, 74.26752345192460325 ) ) ;
#607 = CARTESIAN_POINT ( 'NONE',  ( -24.79581652707136996, -19.99999999999996092, 71.90541381624007045 ) ) ;
#608 = CARTESIAN_POINT ( 'NONE',  ( 3.453865562091568364, 7.632783294297951215E-14, 57.14400468997541083 ) ) ;
#609 = CARTESIAN_POINT ( 'NONE',  ( -85.03287892652203084, -19.99999999999997513, -98.29153084069828594 ) ) ;
#610 = CARTESIAN_POINT ( 'NONE',  ( 51.39934733251038068, -19.99999999999996092, -28.70507894506157243 ) ) ;
#611 = CARTESIAN_POINT ( 'NONE',  ( -57.02397927425486301, 7.632783294297951215E-14, 78.46518698190715213 ) ) ;
#612 = CARTESIAN_POINT ( 'NONE',  ( 41.49800814767645818, 0.000000000000000000, -84.84539904336486416 ) ) ;
#613 = CARTESIAN_POINT ( 'NONE',  ( 51.58441435932609664, -20.00000000000011369, -33.79141238531251901 ) ) ;
#614 = CARTESIAN_POINT ( 'NONE',  ( -120.7412538822430434, -20.00000000000000711, 37.01283332760738176 ) ) ;
#615 = CARTESIAN_POINT ( 'NONE',  ( 50.22537971841382642, 0.000000000000000000, -13.77099683920330797 ) ) ;
#616 = CARTESIAN_POINT ( 'NONE',  ( 20.87580815393824096, -20.00000000000012790, 45.21099605415143685 ) ) ;
#617 = CARTESIAN_POINT ( 'NONE',  ( -127.0683811205223464, 7.632783294297951215E-14, 19.90479372005860981 ) ) ;
#618 = CARTESIAN_POINT ( 'NONE',  ( 2.420418011890569154, -20.00000000000012790, -118.6539249205416837 ) ) ;
#619 = CARTESIAN_POINT ( 'NONE',  ( -55.29519143091741284, 0.000000000000000000, 78.45682915636554355 ) ) ;
#620 = CARTESIAN_POINT ( 'NONE',  ( 13.62459849027508696, -19.99999999999996092, 50.07450886118270716 ) ) ;
#621 = CARTESIAN_POINT ( 'NONE',  ( -2.550976623467477111, 9.020911888455215245E-14, 61.00941629251993703 ) ) ;
#622 = CARTESIAN_POINT ( 'NONE',  ( -109.3588531647842075, -19.99999999999996092, 53.77252852411366035 ) ) ;
#623 = CARTESIAN_POINT ( 'NONE',  ( 49.98174421862142225, -19.99999999999996803, -10.87795719545778361 ) ) ;
#624 = CARTESIAN_POINT ( 'NONE',  ( -57.60013807714198464, -20.00000000000001776, 78.45591741695893973 ) ) ;
#625 = CARTESIAN_POINT ( 'NONE',  ( -20.66280894226789400, 0.000000000000000000, -123.1117744659034230 ) ) ;
#626 = CARTESIAN_POINT ( 'NONE',  ( 49.75510737549914353, -20.00000000000012790, -58.11457446047672448 ) ) ;
#627 = CARTESIAN_POINT ( 'NONE',  ( -121.8717491532040214, 7.632783294297951215E-14, 34.63639759781418093 ) ) ;
#628 = CARTESIAN_POINT ( 'NONE',  ( -53.97369837112504598, 5.551115123125782702E-14, -117.3715580433952255 ) ) ;
#629 = CARTESIAN_POINT ( 'NONE',  ( 23.16798333883458838, 0.000000000000000000, 43.79663067305767754 ) ) ;
#630 = CARTESIAN_POINT ( 'NONE',  ( 49.55265548644680251, 5.551115123125782702E-14, -3.423486364665495607 ) ) ;
#631 = CARTESIAN_POINT ( 'NONE',  ( -128.7508621342097399, -20.00000000000003197, -35.73466032044944285 ) ) ;
#632 = COORDINATED_UNIVERSAL_TIME_OFFSET ( 8, 0, .AHEAD. ) ;
#633 = CARTESIAN_POINT ( 'NONE',  ( 20.00493776790120037, 5.551115123125782702E-14, -109.5507431866233645 ) ) ;
#634 = ADVANCED_FACE ( 'NONE', ( #1737, #1097 ), #682, .T. ) ;
#635 = CARTESIAN_POINT ( 'NONE',  ( -18.37367364860659080, 0.000000000000000000, 69.31529749443440380 ) ) ;
#636 = LINE ( 'NONE', #1488, #2160 ) ;
#637 = AXIS2_PLACEMENT_3D ( 'NONE', #379, #1810, #2665 ) ;
#638 = CARTESIAN_POINT ( 'NONE',  ( -6.303394235830309000, 7.632783294297951215E-14, 63.22976334717490943 ) ) ;
#639 =( BOUNDED_SURFACE ( )  B_SPLINE_SURFACE ( 3, 1, ( 
 ( #1517, #1882 ),
 ( #2338, #2740 ),
 ( #631, #844 ),
 ( #1066, #1025 ),
 ( #212, #1707 ),
 ( #1485, #2372 ),
 ( #1693, #2090 ),
 ( #197, #421 ),
 ( #2106, #2121 ),
 ( #2354, #1912 ),
 ( #1245, #2548 ),
 ( #2140, #168 ),
 ( #437, #1312 ),
 ( #2563, #1052 ),
 ( #1930, #1276 ),
 ( #5, #876 ),
 ( #182, #649 ),
 ( #1038, #1293 ),
 ( #2756, #1500 ),
 ( #1869, #2725 ),
 ( #229, #1679 ),
 ( #1896, #1470 ),
 ( #1083, #1724 ),
 ( #23, #2518 ),
 ( #815, #858 ),
 ( #2323, #2580 ),
 ( #392, #2308 ),
 ( #667, #2533 ),
 ( #454, #1663 ),
 ( #604, #1455 ),
 ( #829, #617 ),
 ( #407, #1261 ),
 ( #840, #2367 ),
 ( #824, #18 ),
 ( #244, #2752 ),
 ( #388, #2736 ),
 ( #2117, #1 ),
 ( #2559, #417 ),
 ( #2544, #1481 ),
 ( #1272, #1689 ),
 ( #854, #1892 ),
 ( #1703, #1719 ),
 ( #600, #871 ),
 ( #1878, #1925 ),
 ( #2575, #2135 ),
 ( #178, #1257 ),
 ( #1675, #645 ),
 ( #1289, #2334 ),
 ( #208, #193 ),
 ( #1496, #2152 ),
 ( #1241, #627 ),
 ( #403, #1062 ),
 ( #1451, #2529 ),
 ( #614, #1908 ),
 ( #1095, #224 ),
 ( #2304, #1078 ),
 ( #662, #2721 ),
 ( #811, #2101 ),
 ( #2350, #1512 ),
 ( #433, #449 ),
 ( #1658, #1307 ),
 ( #2514, #1048 ),
 ( #1466, #2086 ),
 ( #1034, #2319 ),
 ( #496, #289 ),
 ( #300, #1127 ),
 ( #1974, #1351 ),
 ( #722, #1778 ),
 ( #1377, #1766 ),
 ( #1113, #2415 ),
 ( #2198, #77 ),
 ( #1546, #932 ),
 ( #1150, #262 ),
 ( #1139, #1942 ),
 ( #1583, #2620 ),
 ( #710, #2171 ),
 ( #1735, #1959 ),
 ( #1324, #508 ),
 ( #1363, #1986 ),
 ( #1558, #2632 ),
 ( #2209, #2386 ),
 ( #1998, #2404 ),
 ( #89, #680 ),
 ( #1570, #905 ),
 ( #484, #2223 ),
 ( #734, #2591 ),
 ( #65, #315 ),
 ( #50, #944 ),
 ( #2426, #1790 ),
 ( #2644, #2439 ),
 ( #1751, #889 ),
 ( #1530, #524 ),
 ( #34, #697 ),
 ( #2607, #467 ),
 ( #1339, #2186 ),
 ( #277, #920 ),
 ( #2058, #2694 ),
 ( #1413, #2452 ),
 ( #537, #362 ),
 ( #761, #781 ),
 ( #1437, #748 ),
 ( #2683, #2011 ),
 ( #575, #1828 ),
 ( #1177, #103 ),
 ( #1608, #1642 ),
 ( #562, #115 ),
 ( #1618, #770 ),
 ( #2046, #958 ),
 ( #137, #1390 ),
 ( #2474, #1425 ),
 ( #1402, #2261 ),
 ( #2273, #149 ),
 ( #550, #1213 ),
 ( #1804, #2659 ),
 ( #2672, #586 ),
 ( #974, #1596 ),
 ( #1006, #1850 ),
 ( #1630, #1190 ),
 ( #2487, #2024 ),
 ( #1164, #994 ),
 ( #2705, #350 ),
 ( #793, #1817 ),
 ( #1201, #2236 ),
 ( #2465, #2499 ),
 ( #1839, #328 ),
 ( #2288, #2249 ),
 ( #340, #2036 ),
 ( #127, #985 ),
 ( #821, #1492 ),
 ( #2718, #2331 ),
 ( #204, #1715 ),
 ( #2346, #1863 ),
 ( #190, #1889 ),
 ( #429, #2556 ),
 ( #1285, #385 ),
 ( #2130, #2733 ),
 ( #1671, #2541 ),
 ( #2114, #836 ),
 ( #2571, #1269 ),
 ( #1238, #1019 ),
 ( #2526, #175 ),
 ( #2316, #658 ),
 ( #1225, #2083 ),
 ( #2098, #1045 ),
 ( #1059, #220 ),
 ( #1448, #2749 ),
 ( #373, #1686 ),
 ( #624, #1031 ),
 ( #597, #611 ),
 ( #414, #807 ),
 ( #1463, #14 ),
 ( #1478, #1654 ),
 ( #1904, #2511 ),
 ( #1074, #2763 ),
 ( #1921, #851 ),
 ( #1700, #2301 ),
 ( #1875, #867 ),
 ( #400, #642 ),
 ( #1508, #1254 ),
 ( #2071, #162 ),
 ( #2424, #1776 ),
 ( #2400, #86 ),
 ( #482, #1996 ),
 ( #462, #506 ),
 ( #2641, #1337 ),
 ( #30, #2381 ),
 ( #1764, #2413 ),
 ( #2196, #63 ),
 ( #1543, #731 ),
 ( #445, #1320 ),
 ( #2184, #275 ),
 ( #930, #258 ),
 ( #675, #1125 ),
 ( #2363, #917 ),
 ( #1972, #1108 ),
 ( #2587, #902 ),
 ( #2167, #1349 ),
 ( #2630, #2618 ),
 ( #708, #2604 ),
 ( #287, #1787 ),
 ( #885, #1556 ),
 ( #1301, #2148 ),
 ( #1361, #1956 ),
 ( #494, #47 ),
 ( #238, #720 ),
 ( #1137, #1984 ),
 ( #1091, #75 ),
 ( #1568, #1938 ),
 ( #2207, #298 ),
 ( #1148, #941 ),
 ( #1731, #1526 ),
 ( #1748, #693 ),
 ( #311, #533 ),
 ( #1386, #546 ),
 ( #1003, #1836 ),
 ( #2471, #347 ),
 ( #2702, #1198 ),
 ( #134, #1579 ),
 ( #2680, #2691 ),
 ( #2258, #359 ),
 ( #518, #1186 ),
 ( #1210, #111 ),
 ( #324, #559 ),
 ( #778, #1627 ),
 ( #123, #767 ),
 ( #2484, #757 ),
 ( #2043, #969 ),
 ( #98, #1799 ),
 ( #572, #991 ),
 ( #1813, #1410 ),
 ( #1160, #2668 ),
 ( #2435, #1422 ),
 ( #2244, #2270 ),
 ( #1373, #2055 ),
 ( #146, #2020 ),
 ( #2232, #1847 ),
 ( #336, #2219 ),
 ( #2008, #2448 ),
 ( #1398, #1173 ),
 ( #2032, #953 ),
 ( #2655, #982 ),
 ( #1825, #744 ),
 ( #1604, #1592 ),
 ( #1615, #2461 ),
 ( #594, #2714 ),
 ( #790, #1697 ),
 ( #1918, #2508 ),
 ( #2729, #638 ),
 ( #2095, #1886 ),
 ( #1489, #2110 ),
 ( #411, #1251 ),
 ( #201, #1222 ),
 ( #186, #2746 ),
 ( #1901, #818 ),
 ( #2328, #172 ),
 ( #2067, #1015 ),
 ( #1683, #621 ),
 ( #1028, #2538 ),
 ( #370, #1872 ),
 ( #1056, #2760 ),
 ( #1668, #158 ),
 ( #1639, #848 ),
 ( #1282, #1235 ),
 ( #1445, #1475 ),
 ( #1460, #217 ),
 ( #2496, #1651 ),
 ( #2523, #382 ),
 ( #1042, #1266 ),
 ( #1071, #833 ),
 ( #2297, #2553 ),
 ( #2343, #608 ),
 ( #2313, #2080 ),
 ( #397, #803 ),
 ( #584, #426 ),
 ( #1434, #2127 ),
 ( #2283, #1859 ),
 ( #2568, #655 ),
 ( #1505, #11 ),
 ( #864, #1712 ),
 ( #1588, #1992 ),
 ( #333, #131 ),
 ( #1612, #294 ),
 ( #1382, #513 ),
 ( #82, #2203 ),
 ( #978, #2457 ),
 ( #2444, #2687 ),
 ( #1575, #119 ),
 ( #542, #2664 ),
 ( #753, #2241 ),
 ( #2431, #501 ),
 ( #1564, #1368 ),
 ( #1194, #306 ),
 ( #727, #764 ),
 ( #2214, #1182 ),
 ( #1406, #554 ),
 ( #1601, #108 ),
 ( #1821, #1155 ),
 ( #1356, #1144 ),
 ( #937, #2228 ),
 ( #988, #1783 ),
 ( #2637, #2468 ),
 ( #2004, #529 ),
 ( #1832, #2676 ),
 ( #94, #2253 ),
 ( #344, #2420 ),
 ( #949, #1795 ),
 ( #320, #2039 ),
 ( #2650, #1169 ),
 ( #740, #964 ),
 ( #2016, #1809 ),
 ( #1395, #2029 ),
 ( #2739, #828 ),
 ( #2076, #1868 ),
 ( #1881, #2710 ),
 ( #2307, #154 ),
 ( #2051, #999 ),
 ( #1678, #1454 ),
 ( #391, #1244 ) ),
 .UNSPECIFIED., .F., .F., .F. ) 
 B_SPLINE_SURFACE_WITH_KNOTS ( ( 4, 3, 1, 1, 3, 1, 1, 3, 3, 1, 1, 3, 1, 1, 3, 3, 1, 1, 3, 1, 1, 3, 3, 1, 1, 3, 1, 1, 3, 3, 1, 1, 3, 1, 1, 3, 3, 1, 1, 3, 1, 1, 3, 3, 1, 1, 3, 1, 1, 3, 3, 1, 1, 3, 1, 1, 3, 3, 1, 1, 3, 1, 1, 3, 3, 1, 1, 3, 1, 1, 3, 3, 1, 1, 3, 1, 1, 3, 3, 1, 1, 3, 1, 1, 3, 3, 1, 1, 3, 1, 1, 3, 3, 1, 1, 3, 1, 1, 3, 3, 1, 1, 3, 1, 1, 3, 3, 1, 1, 3, 1, 1, 3, 3, 1, 1, 3, 1, 1, 3, 3, 1, 1, 3, 1, 1, 3, 3, 1, 1, 3, 1, 1, 3, 3, 1, 1, 3, 1, 1, 3, 3, 1, 1, 3, 3, 1, 1, 3, 1, 1, 3, 3, 1, 1, 3, 1, 1, 3, 4 ),
 ( 2, 2 ),
 ( 0.5000000000000000000, 0.6550764138353046828, 0.6566521526677713272, 0.6582278915002377495, 0.6598036303327043939, 0.6613749042232889286, 0.6629461781138734633, 0.6645174520044579980, 0.6739437293513814708, 0.6757655925086223370, 0.6775874556658632031, 0.6794093188231040692, 0.6807270151620066212, 0.6820447115009091732, 0.6833624078398117252, 0.6927708163343087033, 0.6947312072012420403, 0.6966915980681753773, 0.6986519889351086032, 0.6998222824594080294, 0.7009925759837073445, 0.7021628695080066596, 0.7115359789649384759, 0.7133585516330370746, 0.7151811243011356733, 0.7170036969692343831, 0.7182972990670370983, 0.7195909011648400355, 0.7208845032626427507, 0.7302057314729579751, 0.7319525319784347950, 0.7336993324839115038, 0.7354461329893882127, 0.7367956809228444204, 0.7381452288563006281, 0.7394947767897567248, 0.7487488558399204575, 0.7504425610849740913, 0.7521362663300275031, 0.7538299715750811369, 0.7552079995591323147, 0.7565860275431834925, 0.7579640555272347813, 0.7671375254812151656, 0.7687876468972852928, 0.7704377683133555310, 0.7720878897294256582, 0.7734807921110011808, 0.7748736944925765924, 0.7762665968741521150, 0.7853483461110593034, 0.7869586947502136276, 0.7885690433893678408, 0.7901793920285221651, 0.7915801464777876273, 0.7929809009270532005, 0.7943816553763186628, 0.8033635170333561781, 0.8049349413049555757, 0.8065063655765549733, 0.8080777898481542598, 0.8094834284617473674, 0.8108890670753404750, 0.8122947056889335826, 0.8211721165240093434, 0.8227035880850090965, 0.8242350596460087386, 0.8257665312070083807, 0.8271772845674514318, 0.8285880379278944829, 0.8299987912883375341, 0.8387715136697670992, 0.8402604035507472702, 0.8417492934317275521, 0.8432381833127078341, 0.8446574539534008608, 0.8460767245940939985, 0.8474959952347871361, 0.8561688937974085700, 0.8576146608714457775, 0.8590604279454829850, 0.8605061950195200815, 0.8619378661035769218, 0.8633695371876337621, 0.8648012082716907134, 0.8733894565979478664, 0.8748211276820692106, 0.8762527987661906659, 0.8776844698503120101, 0.8790590229074246587, 0.8804335759645373072, 0.8818081290216499557, 0.8900550277994588866, 0.8914295808565921853, 0.8928041339137255950, 0.8941786869708590046, 0.8954475735864373398, 0.8967164602020157860, 0.8979853468175942321, 0.9055983229405699664, 0.9068672095561753910, 0.9081360961717808156, 0.9094049827873862402, 0.9105729571206157003, 0.9117409314538452714, 0.9129089057870747315, 0.9199164822382096540, 0.9210844565713390830, 0.9222524309044685120, 0.9234204052375978300, 0.9244931866290468925, 0.9255659680204959550, 0.9266387494119450174, 0.9330752385992523434, 0.9341480199905981552, 0.9352208013819438559, 0.9362935827732896676, 0.9372772967450953008, 0.9382610107169009339, 0.9392447246887066781, 0.9451468739764307125, 0.9461305879481843872, 0.9471143019199381730, 0.9480980158916918477, 0.9489993832959422448, 0.9499007507001925310, 0.9508021181044428172, 0.9562102438845780927, 0.9571116112887866345, 0.9580129786929951763, 0.9589143460972037181, 0.9597409240073248027, 0.9605675019174459983, 0.9613940798275670829, 0.9663535120923015809, 0.9671800900021211289, 0.9680066679119405659, 0.9688332458217601140, 0.9695937138286618850, 0.9703541818355635451, 0.9711146498424653162, 0.9756774497501511378, 0.9771423771283525017, 0.9786073045065537546, 0.9800722318847550074, 0.9842989918398307170, 0.9850034518328271149, 0.9857079118258235129, 0.9864123718188200218, 0.9870725871294360187, 0.9877328024400520157, 0.9883930177506680126, 0.9923543000466041875, 0.9930145153483714848, 0.9936747306501387822, 0.9943349459519059685, 0.9949643995628596471, 0.9955938531738132147, 0.9962233067847667822, 1.000000000000000000 ),
 ( 0.000000000000000000, 1.000000000000000000 ),
 .UNSPECIFIED. ) 
 GEOMETRIC_REPRESENTATION_ITEM ( )  RATIONAL_B_SPLINE_SURFACE ( (
 ( 0.9530689267635147344, 0.9530689267635147344),
 ( 0.9231967743027182927, 0.9231967743027182927),
 ( 0.9388404653815467515, 0.9388404653815467515),
 ( 1.000000000000000000, 1.000000000000000000),
 ( 1.000000000000000000, 1.000000000000000000),
 ( 1.000000000000000000, 1.000000000000000000),
 ( 1.000000000000000000, 1.000000000000000000),
 ( 1.000000000000000000, 1.000000000000000000),
 ( 1.000000000000000000, 1.000000000000000000),
 ( 1.000000000000000000, 1.000000000000000000),
 ( 1.000000000000000000, 1.000000000000000000),
 ( 1.000000000000000000, 1.000000000000000000),
 ( 1.000000000000000000, 1.000000000000000000),
 ( 1.000000000000000000, 1.000000000000000000),
 ( 0.9996136474098020752, 0.9996136474098020752),
 ( 0.9996136474098020752, 0.9996136474098020752),
 ( 1.000000000000000000, 1.000000000000000000),
 ( 1.000000000000000000, 1.000000000000000000),
 ( 1.000000000000000000, 1.000000000000000000),
 ( 1.000000000000000000, 1.000000000000000000),
 ( 1.000000000000000000, 1.000000000000000000),
 ( 1.000000000000000000, 1.000000000000000000),
 ( 1.000000000000000000, 1.000000000000000000),
 ( 1.000000000000000000, 1.000000000000000000),
 ( 1.000000000000000000, 1.000000000000000000),
 ( 1.000000000000000000, 1.000000000000000000),
 ( 1.000000000000000000, 1.000000000000000000),
 ( 0.9996108244030065260, 0.9996108244030065260),
 ( 0.9996108244030065260, 0.9996108244030065260),
 ( 1.000000000000000000, 1.000000000000000000),
 ( 1.000000000000000000, 1.000000000000000000),
 ( 1.000000000000000000, 1.000000000000000000),
 ( 1.000000000000000000, 1.000000000000000000),
 ( 1.000000000000000000, 1.000000000000000000),
 ( 1.000000000000000000, 1.000000000000000000),
 ( 1.000000000000000000, 1.000000000000000000),
 ( 1.000000000000000000, 1.000000000000000000),
 ( 1.000000000000000000, 1.000000000000000000),
 ( 1.000000000000000000, 1.000000000000000000),
 ( 1.000000000000000000, 1.000000000000000000),
 ( 0.9996063078272393598, 0.9996063078272393598),
 ( 0.9996063078272393598, 0.9996063078272393598),
 ( 1.000000000000000000, 1.000000000000000000),
 ( 1.000000000000000000, 1.000000000000000000),
 ( 1.000000000000000000, 1.000000000000000000),
 ( 1.000000000000000000, 1.000000000000000000),
 ( 1.000000000000000000, 1.000000000000000000),
 ( 1.000000000000000000, 1.000000000000000000),
 ( 1.000000000000000000, 1.000000000000000000),
 ( 1.000000000000000000, 1.000000000000000000),
 ( 1.000000000000000000, 1.000000000000000000),
 ( 1.000000000000000000, 1.000000000000000000),
 ( 1.000000000000000000, 1.000000000000000000),
 ( 0.9995994386224308359, 0.9995994386224308359),
 ( 0.9995994386224308359, 0.9995994386224308359),
 ( 1.000000000000000000, 1.000000000000000000),
 ( 1.000000000000000000, 1.000000000000000000),
 ( 1.000000000000000000, 1.000000000000000000),
 ( 1.000000000000000000, 1.000000000000000000),
 ( 1.000000000000000000, 1.000000000000000000),
 ( 1.000000000000000000, 1.000000000000000000),
 ( 1.000000000000000000, 1.000000000000000000),
 ( 1.000000000000000000, 1.000000000000000000),
 ( 1.000000000000000000, 1.000000000000000000),
 ( 1.000000000000000000, 1.000000000000000000),
 ( 1.000000000000000000, 1.000000000000000000),
 ( 0.9995901096559622889, 0.9995901096559622889),
 ( 0.9995901096559622889, 0.9995901096559622889),
 ( 1.000000000000000000, 1.000000000000000000),
 ( 1.000000000000000000, 1.000000000000000000),
 ( 1.000000000000000000, 1.000000000000000000),
 ( 1.000000000000000000, 1.000000000000000000),
 ( 1.000000000000000000, 1.000000000000000000),
 ( 1.000000000000000000, 1.000000000000000000),
 ( 1.000000000000000000, 1.000000000000000000),
 ( 1.000000000000000000, 1.000000000000000000),
 ( 1.000000000000000000, 1.000000000000000000),
 ( 1.000000000000000000, 1.000000000000000000),
 ( 1.000000000000000000, 1.000000000000000000),
 ( 0.9995781902139980746, 0.9995781902139980746),
 ( 0.9995781902139980746, 0.9995781902139980746),
 ( 1.000000000000000000, 1.000000000000000000),
 ( 1.000000000000000000, 1.000000000000000000),
 ( 1.000000000000000000, 1.000000000000000000),
 ( 1.000000000000000000, 1.000000000000000000),
 ( 1.000000000000000000, 1.000000000000000000),
 ( 1.000000000000000000, 1.000000000000000000),
 ( 1.000000000000000000, 1.000000000000000000),
 ( 1.000000000000000000, 1.000000000000000000),
 ( 1.000000000000000000, 1.000000000000000000),
 ( 1.000000000000000000, 1.000000000000000000),
 ( 1.000000000000000000, 1.000000000000000000),
 ( 0.9995635405903942061, 0.9995635405903942061),
 ( 0.9995635405903942061, 0.9995635405903942061),
 ( 1.000000000000000000, 1.000000000000000000),
 ( 1.000000000000000000, 1.000000000000000000),
 ( 1.000000000000000000, 1.000000000000000000),
 ( 1.000000000000000000, 1.000000000000000000),
 ( 1.000000000000000000, 1.000000000000000000),
 ( 1.000000000000000000, 1.000000000000000000),
 ( 1.000000000000000000, 1.000000000000000000),
 ( 1.000000000000000000, 1.000000000000000000),
 ( 1.000000000000000000, 1.000000000000000000),
 ( 1.000000000000000000, 1.000000000000000000),
 ( 1.000000000000000000, 1.000000000000000000),
 ( 0.9995460358774242993, 0.9995460358774242993),
 ( 0.9995460358774242993, 0.9995460358774242993),
 ( 1.000000000000000000, 1.000000000000000000),
 ( 1.000000000000000000, 1.000000000000000000),
 ( 1.000000000000000000, 1.000000000000000000),
 ( 1.000000000000000000, 1.000000000000000000),
 ( 1.000000000000000000, 1.000000000000000000),
 ( 1.000000000000000000, 1.000000000000000000),
 ( 1.000000000000000000, 1.000000000000000000),
 ( 1.000000000000000000, 1.000000000000000000),
 ( 1.000000000000000000, 1.000000000000000000),
 ( 1.000000000000000000, 1.000000000000000000),
 ( 1.000000000000000000, 1.000000000000000000),
 ( 0.9995256028155401484, 0.9995256028155401484),
 ( 0.9995256028155401484, 0.9995256028155401484),
 ( 1.000000000000000000, 1.000000000000000000),
 ( 1.000000000000000000, 1.000000000000000000),
 ( 1.000000000000000000, 1.000000000000000000),
 ( 1.000000000000000000, 1.000000000000000000),
 ( 1.000000000000000000, 1.000000000000000000),
 ( 1.000000000000000000, 1.000000000000000000),
 ( 1.000000000000000000, 1.000000000000000000),
 ( 1.000000000000000000, 1.000000000000000000),
 ( 1.000000000000000000, 1.000000000000000000),
 ( 1.000000000000000000, 1.000000000000000000),
 ( 1.000000000000000000, 1.000000000000000000),
 ( 0.9995022737163351545, 0.9995022737163351545),
 ( 0.9995022737163351545, 0.9995022737163351545),
 ( 1.000000000000000000, 1.000000000000000000),
 ( 1.000000000000000000, 1.000000000000000000),
 ( 1.000000000000000000, 1.000000000000000000),
 ( 1.000000000000000000, 1.000000000000000000),
 ( 1.000000000000000000, 1.000000000000000000),
 ( 1.000000000000000000, 1.000000000000000000),
 ( 1.000000000000000000, 1.000000000000000000),
 ( 1.000000000000000000, 1.000000000000000000),
 ( 1.000000000000000000, 1.000000000000000000),
 ( 1.000000000000000000, 1.000000000000000000),
 ( 1.000000000000000000, 1.000000000000000000),
 ( 0.9994762600386840612, 0.9994762600386840612),
 ( 0.9994762600386840612, 0.9994762600386840612),
 ( 1.000000000000000000, 1.000000000000000000),
 ( 1.000000000000000000, 1.000000000000000000),
 ( 1.000000000000000000, 1.000000000000000000),
 ( 1.000000000000000000, 1.000000000000000000),
 ( 1.000000000000000000, 1.000000000000000000),
 ( 1.000000000000000000, 1.000000000000000000),
 ( 1.000000000000000000, 1.000000000000000000),
 ( 1.000000000000000000, 1.000000000000000000),
 ( 1.000000000000000000, 1.000000000000000000),
 ( 1.000000000000000000, 1.000000000000000000),
 ( 1.000000000000000000, 1.000000000000000000),
 ( 0.9994480436684125557, 0.9994480436684125557),
 ( 0.9994480436684125557, 0.9994480436684125557),
 ( 1.000000000000000000, 1.000000000000000000),
 ( 1.000000000000000000, 1.000000000000000000),
 ( 1.000000000000000000, 1.000000000000000000),
 ( 1.000000000000000000, 1.000000000000000000),
 ( 1.000000000000000000, 1.000000000000000000),
 ( 1.000000000000000000, 1.000000000000000000),
 ( 1.000000000000000000, 1.000000000000000000),
 ( 1.000000000000000000, 1.000000000000000000),
 ( 1.000000000000000000, 1.000000000000000000),
 ( 1.000000000000000000, 1.000000000000000000),
 ( 1.000000000000000000, 1.000000000000000000),
 ( 0.9998643425550017838, 0.9998643425550017838),
 ( 0.9998643425550017838, 0.9998643425550017838),
 ( 1.000000000000000000, 1.000000000000000000),
 ( 1.000000000000000000, 1.000000000000000000),
 ( 1.000000000000000000, 1.000000000000000000),
 ( 1.000000000000000000, 1.000000000000000000),
 ( 1.000000000000000000, 1.000000000000000000),
 ( 1.000000000000000000, 1.000000000000000000),
 ( 1.000000000000000000, 1.000000000000000000),
 ( 1.000000000000000000, 1.000000000000000000),
 ( 1.000000000000000000, 1.000000000000000000),
 ( 1.000000000000000000, 1.000000000000000000),
 ( 1.000000000000000000, 1.000000000000000000),
 ( 0.9998796623900645386, 0.9998796623900645386),
 ( 0.9998796623900645386, 0.9998796623900645386),
 ( 1.000000000000000000, 1.000000000000000000),
 ( 1.000000000000000000, 1.000000000000000000),
 ( 1.000000000000000000, 1.000000000000000000),
 ( 1.000000000000000000, 1.000000000000000000),
 ( 1.000000000000000000, 1.000000000000000000),
 ( 1.000000000000000000, 1.000000000000000000),
 ( 1.000000000000000000, 1.000000000000000000),
 ( 1.000000000000000000, 1.000000000000000000),
 ( 1.000000000000000000, 1.000000000000000000),
 ( 1.000000000000000000, 1.000000000000000000),
 ( 1.000000000000000000, 1.000000000000000000),
 ( 0.9998974320300959562, 0.9998974320300959562),
 ( 0.9998974320300959562, 0.9998974320300959562),
 ( 1.000000000000000000, 1.000000000000000000),
 ( 1.000000000000000000, 1.000000000000000000),
 ( 1.000000000000000000, 1.000000000000000000),
 ( 1.000000000000000000, 1.000000000000000000),
 ( 1.000000000000000000, 1.000000000000000000),
 ( 1.000000000000000000, 1.000000000000000000),
 ( 1.000000000000000000, 1.000000000000000000),
 ( 1.000000000000000000, 1.000000000000000000),
 ( 1.000000000000000000, 1.000000000000000000),
 ( 1.000000000000000000, 1.000000000000000000),
 ( 1.000000000000000000, 1.000000000000000000),
 ( 0.9999174904647635254, 0.9999174904647635254),
 ( 0.9999174904647635254, 0.9999174904647635254),
 ( 1.000000000000000000, 1.000000000000000000),
 ( 1.000000000000000000, 1.000000000000000000),
 ( 1.000000000000000000, 1.000000000000000000),
 ( 1.000000000000000000, 1.000000000000000000),
 ( 1.000000000000000000, 1.000000000000000000),
 ( 1.000000000000000000, 1.000000000000000000),
 ( 1.000000000000000000, 1.000000000000000000),
 ( 1.000000000000000000, 1.000000000000000000),
 ( 1.000000000000000000, 1.000000000000000000),
 ( 1.000000000000000000, 1.000000000000000000),
 ( 1.000000000000000000, 1.000000000000000000),
 ( 0.9999392139473748387, 0.9999392139473748387),
 ( 0.9999392139473748387, 0.9999392139473748387),
 ( 1.000000000000000000, 1.000000000000000000),
 ( 1.000000000000000000, 1.000000000000000000),
 ( 1.000000000000000000, 1.000000000000000000),
 ( 1.000000000000000000, 1.000000000000000000),
 ( 1.000000000000000000, 1.000000000000000000),
 ( 1.000000000000000000, 1.000000000000000000),
 ( 1.000000000000000000, 1.000000000000000000),
 ( 1.000000000000000000, 1.000000000000000000),
 ( 1.000000000000000000, 1.000000000000000000),
 ( 1.000000000000000000, 1.000000000000000000),
 ( 1.000000000000000000, 1.000000000000000000),
 ( 0.9999612219496049059, 0.9999612219496049059),
 ( 0.9999612219496049059, 0.9999612219496049059),
 ( 1.000000000000000000, 1.000000000000000000),
 ( 1.000000000000000000, 1.000000000000000000),
 ( 1.000000000000000000, 1.000000000000000000),
 ( 1.000000000000000000, 1.000000000000000000),
 ( 1.000000000000000000, 1.000000000000000000),
 ( 1.000000000000000000, 1.000000000000000000),
 ( 1.000000000000000000, 1.000000000000000000),
 ( 1.000000000000000000, 1.000000000000000000),
 ( 1.000000000000000000, 1.000000000000000000),
 ( 1.000000000000000000, 1.000000000000000000),
 ( 1.000000000000000000, 1.000000000000000000),
 ( 0.9999810756281709567, 0.9999810756281709567),
 ( 0.9999810756281709567, 0.9999810756281709567),
 ( 1.000000000000000000, 1.000000000000000000),
 ( 1.000000000000000000, 1.000000000000000000),
 ( 1.000000000000000000, 1.000000000000000000),
 ( 1.000000000000000000, 1.000000000000000000),
 ( 1.000000000000000000, 1.000000000000000000),
 ( 1.000000000000000000, 1.000000000000000000),
 ( 1.000000000000000000, 1.000000000000000000),
 ( 1.000000000000000000, 1.000000000000000000),
 ( 1.000000000000000000, 1.000000000000000000),
 ( 1.000000000000000000, 1.000000000000000000),
 ( 1.000000000000000000, 1.000000000000000000),
 ( 0.9999952472409281423, 0.9999952472409281423),
 ( 0.9999952472409281423, 0.9999952472409281423),
 ( 1.000000000000000000, 1.000000000000000000),
 ( 1.000000000000000000, 1.000000000000000000),
 ( 1.000000000000000000, 1.000000000000000000),
 ( 1.000000000000000000, 1.000000000000000000),
 ( 1.000000000000000000, 1.000000000000000000),
 ( 1.000000000000000000, 1.000000000000000000),
 ( 0.9999999646649723184, 0.9999999646649723184),
 ( 0.9999999646649723184, 0.9999999646649723184),
 ( 1.000000000000000000, 1.000000000000000000),
 ( 1.000000000000000000, 1.000000000000000000),
 ( 1.000000000000000000, 1.000000000000000000),
 ( 1.000000000000000000, 1.000000000000000000),
 ( 1.000000000000000000, 1.000000000000000000),
 ( 1.000000000000000000, 1.000000000000000000),
 ( 1.000000000000000000, 1.000000000000000000),
 ( 1.000000000000000000, 1.000000000000000000),
 ( 1.000000000000000000, 1.000000000000000000),
 ( 1.000000000000000000, 1.000000000000000000),
 ( 1.000000000000000000, 1.000000000000000000),
 ( 0.9999935949233750287, 0.9999935949233750287),
 ( 0.9999935949233750287, 0.9999935949233750287),
 ( 1.000000000000000000, 1.000000000000000000),
 ( 1.000000000000000000, 1.000000000000000000),
 ( 1.000000000000000000, 1.000000000000000000),
 ( 1.000000000000000000, 1.000000000000000000),
 ( 1.000000000000000000, 1.000000000000000000),
 ( 1.000000000000000000, 1.000000000000000000),
 ( 1.000000000000000000, 1.000000000000000000),
 ( 1.000000000000000000, 1.000000000000000000),
 ( 1.000000000000000000, 1.000000000000000000),
 ( 1.000000000000000000, 1.000000000000000000),
 ( 1.000000000000000000, 1.000000000000000000),
 ( 0.9999799117517673697, 0.9999799117517673697),
 ( 0.9999799117517673697, 0.9999799117517673697),
 ( 1.000000000000000000, 1.000000000000000000) ) ) 
 REPRESENTATION_ITEM ( '' )  SURFACE ( )  );
#640 = CARTESIAN_POINT ( 'NONE',  ( -103.6691311631655168, -19.99999999999996092, 59.55527773595928664 ) ) ;
#641 = CARTESIAN_POINT ( 'NONE',  ( 51.04171512261805788, -19.99999999999996092, -23.19542283883552614 ) ) ;
#642 = CARTESIAN_POINT ( 'NONE',  ( -51.01971425229723422, 7.984134883294395533E-14, 78.26233652172082600 ) ) ;
#643 = CARTESIAN_POINT ( 'NONE',  ( -30.42608774114449588, 0.000000000000000000, -122.9051990072463383 ) ) ;
#644 = CARTESIAN_POINT ( 'NONE',  ( 49.87400677096078283, -20.00000000000012790, -57.42651392814180156 ) ) ;
#645 = CARTESIAN_POINT ( 'NONE',  ( -122.6562147185706664, 7.632783294297951215E-14, 32.89495036707205600 ) ) ;
#646 = CARTESIAN_POINT ( 'NONE',  ( -57.22483542718588723, 5.551115123125782702E-14, -115.9962497806018717 ) ) ;
#647 = CARTESIAN_POINT ( 'NONE',  ( 50.17809600094982869, 0.000000000000000000, -13.23800602164816631 ) ) ;
#648 = CARTESIAN_POINT ( 'NONE',  ( 49.63592549654524788, 5.551115123125782702E-14, -5.529040127166795493 ) ) ;
#649 = CARTESIAN_POINT ( 'NONE',  ( -129.0681167673192817, 7.632783294297951215E-14, 8.439963682974193304 ) ) ;
#650 = CARTESIAN_POINT ( 'NONE',  ( 19.05605074891453299, -20.00000000000012790, -110.2066151331286505 ) ) ;
#651 = CARTESIAN_POINT ( 'NONE',  ( 45.07481546528706673, 5.551115123125782702E-14, -76.21812071197938110 ) ) ;
#652 = CARTESIAN_POINT ( 'NONE',  ( -33.51431560956927314, 0.000000000000000000, 74.75635934435723584 ) ) ;
#653 = CARTESIAN_POINT ( 'NONE',  ( 15.57028483676377739, -19.99999999999996803, 48.72443881651166464 ) ) ;
#654 = CC_DESIGN_PERSON_AND_ORGANIZATION_ASSIGNMENT ( #393, #1897, ( #100 ) ) ;
#655 = CARTESIAN_POINT ( 'NONE',  ( 4.807464854519189146, 7.632783294297951215E-14, 56.22870069804061899 ) ) ;
#656 = CARTESIAN_POINT ( 'NONE',  ( -89.73580366604431902, -19.99999999999994671, 69.64528322942403804 ) ) ;
#657 = CARTESIAN_POINT ( 'NONE',  ( 51.59908559496192737, -19.99999999999996092, -35.04871536410139754 ) ) ;
#658 = CARTESIAN_POINT ( 'NONE',  ( -63.90678189668969367, 7.632783294297951215E-14, 78.03636024072366695 ) ) ;
#659 = CARTESIAN_POINT ( 'NONE',  ( 41.11003035848399634, -19.99999999999996092, -85.60832763688040359 ) ) ;
#660 = CARTESIAN_POINT ( 'NONE',  ( -6.319074132856138171, 0.000000000000000000, -121.2284296395033607 ) ) ;
#661 = CARTESIAN_POINT ( 'NONE',  ( 49.36077760558745808, 5.551115123125782702E-14, -60.23330114618072173 ) ) ;
#662 = CARTESIAN_POINT ( 'NONE',  ( -118.7983679148496066, -20.00000000000001776, 40.58235565491597185 ) ) ;
#663 = CARTESIAN_POINT ( 'NONE',  ( -54.55426669015055552, -20.00000000000012790, -117.1383746292989230 ) ) ;
#664 = DIRECTION ( 'NONE',  ( 0.000000000000000000, -1.000000000000000000, 0.000000000000000000 ) ) ;
#665 = CARTESIAN_POINT ( 'NONE',  ( 51.59908559496192737, 0.000000000000000000, -35.04871536410139754 ) ) ;
#666 = CARTESIAN_POINT ( 'NONE',  ( 49.50044265339554528, -20.00000000000012790, 0.3689785969205332528 ) ) ;
#667 = CARTESIAN_POINT ( 'NONE',  ( -127.9853351376479367, -20.00000000000002487, 15.86627060831177616 ) ) ;
#668 = CARTESIAN_POINT ( 'NONE',  ( 10.33127914490979826, -20.00000000000012790, -115.2976308006951598 ) ) ;
#669 = CARTESIAN_POINT ( 'NONE',  ( 47.25915048090024584, 0.000000000000000000, -69.15322846317690164 ) ) ;
#670 = CARTESIAN_POINT ( 'NONE',  ( 43.93361648885007753, -20.00000000000012790, -79.37345094919223243 ) ) ;
#671 = CARTESIAN_POINT ( 'NONE',  ( -34.00081559821660449, 0.000000000000000000, 74.89447852776694958 ) ) ;
#672 = CARTESIAN_POINT ( 'NONE',  ( 17.09274748077115902, -19.99999999999996092, 47.68769358278453296 ) ) ;
#673 = CARTESIAN_POINT ( 'NONE',  ( -105.3444564052637418, -19.99999999999996092, 57.97657700773928013 ) ) ;
#674 = CARTESIAN_POINT ( 'NONE',  ( 51.30351024987134423, -19.99999999999996092, -45.46004790749576330 ) ) ;
#675 = CARTESIAN_POINT ( 'NONE',  ( -37.85265994069385442, -20.00000000000001776, 75.90562749205517434 ) ) ;
#676 = ADVANCED_FACE ( 'NONE', ( #20, #1580 ), #1814, .F. ) ;
#677 = CARTESIAN_POINT ( 'NONE',  ( 39.87526466716828111, -19.99999999999996092, -87.86935695543057534 ) ) ;
#678 = CARTESIAN_POINT ( 'NONE',  ( -23.55762124238911071, 0.000000000000000000, -123.1755312437156249 ) ) ;
#679 = CARTESIAN_POINT ( 'NONE',  ( 49.83482081050772905, 5.551115123125782702E-14, -57.65594381449523809 ) ) ;
#680 = CARTESIAN_POINT ( 'NONE',  ( -105.3444564052637418, 7.632783294297951215E-14, 57.97657700773928013 ) ) ;
#681 = CARTESIAN_POINT ( 'NONE',  ( -67.18190907798469880, -20.00000000000012790, -110.7106186986478775 ) ) ;
#682 = PLANE ( 'NONE',  #696 ) ;
#683 = CARTESIAN_POINT ( 'NONE',  ( 51.46195878226208720, 0.000000000000000000, -30.02134608093238199 ) ) ;
#684 = CARTESIAN_POINT ( 'NONE',  ( 49.61841663398499236, 5.551115123125782702E-14, -5.153137685305441806 ) ) ;
#685 = CARTESIAN_POINT ( 'NONE',  ( -32.84024468456922818, -19.99999999999996092, -122.6708730619252066 ) ) ;
#686 = CARTESIAN_POINT ( 'NONE',  ( 10.08052372452229584, -20.00000000000012790, -115.4202727622199376 ) ) ;
#687 = CARTESIAN_POINT ( 'NONE',  ( 51.47931251055641155, 0.000000000000000000, -42.36483913670944190 ) ) ;
#688 = CARTESIAN_POINT ( 'NONE',  ( 43.72315060495949979, -20.00000000000012790, -79.90383436395714511 ) ) ;
#689 = CARTESIAN_POINT ( 'NONE',  ( 7.304821972737784108, 0.000000000000000000, 54.51127624224673696 ) ) ;
#690 = CARTESIAN_POINT ( 'NONE',  ( 12.61222662111836357, -19.99999999999996092, 50.78533904703667901 ) ) ;
#691 = CARTESIAN_POINT ( 'NONE',  ( -110.7920837712101871, -19.99999999999996092, 52.10748862797155567 ) ) ;
#692 = CARTESIAN_POINT ( 'NONE',  ( 49.05935631923019002, -19.99999999999996092, -61.72025897501367808 ) ) ;
#693 = CARTESIAN_POINT ( 'NONE',  ( -26.54700716717497144, 7.632783294297951215E-14, 72.53824940506697772 ) ) ;
#694 = CARTESIAN_POINT ( 'NONE',  ( 39.44085560190718098, -19.99999999999996092, -88.61680816732391008 ) ) ;
#695 = CARTESIAN_POINT ( 'NONE',  ( 50.76859245241129770, -20.00000000000012790, -51.20685325700620893 ) ) ;
#696 = AXIS2_PLACEMENT_3D ( 'NONE', #2462, #1593, #325 ) ;
#697 = CARTESIAN_POINT ( 'NONE',  ( -100.1660112179642255, 7.289019960451133251E-14, 62.59392271035593325 ) ) ;
#698 = CARTESIAN_POINT ( 'NONE',  ( -123.7703628044701247, 0.000000000000000000, 30.21136184300692307 ) ) ;
#699 = CARTESIAN_POINT ( 'NONE',  ( -92.72927147329460240, 0.000000000000000000, -90.39652765472814622 ) ) ;
#700 = CARTESIAN_POINT ( 'NONE',  ( 51.51842810245634752, 0.000000000000000000, -31.45722471381438723 ) ) ;
#701 = CARTESIAN_POINT ( 'NONE',  ( 49.98174421862142225, -20.00000000000013500, -10.87795719545778539 ) ) ;
#702 = CARTESIAN_POINT ( 'NONE',  ( -11.53918396617511455, -20.00000000000012790, -122.2147837902820129 ) ) ;
#703 = CARTESIAN_POINT ( 'NONE',  ( 49.50323625164307373, 0.000000000000000000, -59.48821027197034539 ) ) ;
#704 = CARTESIAN_POINT ( 'NONE',  ( 45.25065805927280849, 5.551115123125782702E-14, -75.69926699584635799 ) ) ;
#705 = CARTESIAN_POINT ( 'NONE',  ( -0.4197035304408086032, 0.000000000000000000, 59.67463931839357372 ) ) ;
#706 = CARTESIAN_POINT ( 'NONE',  ( -44.27641730380435092, -19.99999999999996092, 77.30029459563290573 ) ) ;
#707 = CARTESIAN_POINT ( 'NONE',  ( 51.43191855534384871, -19.99999999999996092, -43.34387173567770901 ) ) ;
#708 = CARTESIAN_POINT ( 'NONE',  ( -35.22010231652344459, -20.00000000000001776, 75.22900213415194060 ) ) ;
#709 = CARTESIAN_POINT ( 'NONE',  ( 37.14047082972140146, -19.99999999999994671, -92.27565682143159620 ) ) ;
#710 = CARTESIAN_POINT ( 'NONE',  ( -110.4391590463845318, -20.00000000000001776, 52.52831893443158862 ) ) ;
#711 = CARTESIAN_POINT ( 'NONE',  ( -118.4519498029571167, 0.000000000000000000, 41.18626717311109076 ) ) ;
#712 = CARTESIAN_POINT ( 'NONE',  ( 50.22537971841382642, 5.551115123125782702E-14, -13.77099683920330797 ) ) ;
#713 = CARTESIAN_POINT ( 'NONE',  ( -9.728720907734265566, 5.551115123125782702E-14, -121.9072767739475012 ) ) ;
#714 = CARTESIAN_POINT ( 'NONE',  ( 51.55042934964712487, 0.000000000000000000, -40.60193007014021305 ) ) ;
#715 = CARTESIAN_POINT ( 'NONE',  ( 44.53073589504786867, -20.00000000000012790, -77.76900206211855959 ) ) ;
#716 = CARTESIAN_POINT ( 'NONE',  ( -5.793959756283265428, 0.000000000000000000, 62.93593016691814768 ) ) ;
#717 = CARTESIAN_POINT ( 'NONE',  ( -65.58979988085833668, 0.000000000000000000, 77.81803963260414037 ) ) ;
#718 = CARTESIAN_POINT ( 'NONE',  ( -44.81507147097113375, -19.99999999999996092, 77.40020197676730618 ) ) ;
#719 = CARTESIAN_POINT ( 'NONE',  ( 49.50323625164307373, -19.99999999999996092, -59.48821027197034539 ) ) ;
#720 = CARTESIAN_POINT ( 'NONE',  ( -30.36294514356157492, 6.939729014310409667E-14, 73.82088577318062050 ) ) ;
#721 = CARTESIAN_POINT ( 'NONE',  ( 0.3191961540255097152, -19.99999999999996092, -119.3723574335658242 ) ) ;
#722 = CARTESIAN_POINT ( 'NONE',  ( -113.9844221095793273, -20.00000000000000000, 48.05750821316517829 ) ) ;
#723 = CARTESIAN_POINT ( 'NONE',  ( -128.3479233113372118, 0.000000000000000000, 13.75902508009009928 ) ) ;
#724 = CARTESIAN_POINT ( 'NONE',  ( 50.78254850884610505, -20.00000000000012790, -20.02355694446560008 ) ) ;
#725 = CARTESIAN_POINT ( 'NONE',  ( -6.319074132856139059, 6.594730930754510830E-14, -121.2284296395033749 ) ) ;
#726 = CARTESIAN_POINT ( 'NONE',  ( 50.74155815899545985, 0.000000000000000000, -51.43803015732397199 ) ) ;
#727 = CARTESIAN_POINT ( 'NONE',  ( 12.38247908537872632, -20.00000000000001776, 50.94672830615156300 ) ) ;
#728 = CARTESIAN_POINT ( 'NONE',  ( -6.814600367417289029, 0.000000000000000000, 63.52053528322309006 ) ) ;
#729 = CARTESIAN_POINT ( 'NONE',  ( -63.34443353004982669, 0.000000000000000000, 78.09759352273987076 ) ) ;
#730 = CARTESIAN_POINT ( 'NONE',  ( -28.92163404090119272, -19.99999999999996092, 73.34677835327282480 ) ) ;
#731 = CARTESIAN_POINT ( 'NONE',  ( -42.93215923663036904, 7.632783294297951215E-14, 77.03785291521705858 ) ) ;
#732 = CARTESIAN_POINT ( 'NONE',  ( 19.31415285978262730, -19.99999999999996092, -110.0292822171434466 ) ) ;
#733 = CARTESIAN_POINT ( 'NONE',  ( -43.27643655143425860, -19.99999999999996092, -120.8028368137938884 ) ) ;
#734 = CARTESIAN_POINT ( 'NONE',  ( -103.6691311631655168, -20.00000000000001776, 59.55527773595928664 ) ) ;
#735 = CARTESIAN_POINT ( 'NONE',  ( -110.9674427789724120, 0.000000000000000000, 51.89615792779741099 ) ) ;
#736 = VECTOR ( 'NONE', #1540, 1000.000000000000000 ) ;
#737 = CARTESIAN_POINT ( 'NONE',  ( 51.20409094949378215, 5.551115123125782702E-14, -25.41651556977052806 ) ) ;
#738 = CARTESIAN_POINT ( 'NONE',  ( -4.541226766950385851, 6.594730930754510830E-14, -120.7995455505895990 ) ) ;
#739 = ORIENTED_EDGE ( 'NONE', *, *, #2730, .T. ) ;
#740 = CARTESIAN_POINT ( 'NONE',  ( 17.09274748077115902, -20.00000000000001776, 47.68769358278453296 ) ) ;
#741 = CARTESIAN_POINT ( 'NONE',  ( 0.9785441820457513318, 0.000000000000000000, 58.77604897261603867 ) ) ;
#742 = CARTESIAN_POINT ( 'NONE',  ( -97.28132202487695679, 0.000000000000000000, 64.78188867709052090 ) ) ;
#743 = CARTESIAN_POINT ( 'NONE',  ( -67.93388461167023706, -19.99999999999996092, 77.44427978224626941 ) ) ;
#744 = CARTESIAN_POINT ( 'NONE',  ( -10.42834940910857711, 7.632783294297951215E-14, 65.49205115096710017 ) ) ;
#745 = CARTESIAN_POINT ( 'NONE',  ( 49.67159211951238973, -19.99999999999998579, -6.280823685573901471 ) ) ;
#746 = CARTESIAN_POINT ( 'NONE',  ( 1.635442794401139821, -19.99999999999996092, -118.9318768875595111 ) ) ;
#747 = CARTESIAN_POINT ( 'NONE',  ( -33.56192751471936475, -19.99999999999996092, -122.5880874016560114 ) ) ;
#748 = CARTESIAN_POINT ( 'NONE',  ( -94.68503769654333269, 7.632783294297951215E-14, 66.59596559380320002 ) ) ;
#749 = CARTESIAN_POINT ( 'NONE',  ( -129.0681167673192817, 0.000000000000000000, 8.439963682974193304 ) ) ;
#750 = CARTESIAN_POINT ( 'NONE',  ( 51.01818241924348030, -20.00000000000012790, -22.89324777624311835 ) ) ;
#751 = CARTESIAN_POINT ( 'NONE',  ( -22.51315545083975778, -20.00000000000012790, -123.1648849447235818 ) ) ;
#752 = CARTESIAN_POINT ( 'NONE',  ( 21.60359604963184310, 0.000000000000000000, 44.75440734744778126 ) ) ;
#753 = CARTESIAN_POINT ( 'NONE',  ( 10.20043375948320730, -20.00000000000001776, 52.48071781588148355 ) ) ;
#754 = CARTESIAN_POINT ( 'NONE',  ( 13.62459849027508696, 0.000000000000000000, 50.07450886118270716 ) ) ;
#755 = CARTESIAN_POINT ( 'NONE',  ( -81.71298466505622571, 0.000000000000000000, 73.49026997145310247 ) ) ;
#756 = CARTESIAN_POINT ( 'NONE',  ( -65.88356323938853620, -19.99999999999996092, 77.77637115800037293 ) ) ;
#757 = CARTESIAN_POINT ( 'NONE',  ( -18.37367364860659080, 7.632783294297951215E-14, 69.31529749443440380 ) ) ;
#758 = CARTESIAN_POINT ( 'NONE',  ( 25.69962088368446018, -19.99999999999996092, 42.30578549601567317 ) ) ;
#759 = CARTESIAN_POINT ( 'NONE',  ( 15.44668269742147082, -20.00000000000000355, -112.5361272185190984 ) ) ;
#760 = CARTESIAN_POINT ( 'NONE',  ( -54.55426669015055552, -19.99999999999996092, -117.1383746292989230 ) ) ;
#761 = CARTESIAN_POINT ( 'NONE',  ( -94.91662646091890565, -20.00000000000001776, 66.44012601042292943 ) ) ;
#762 = CARTESIAN_POINT ( 'NONE',  ( 51.00632098749691323, 5.551115123125782702E-14, -22.74216770976778790 ) ) ;
#763 = CARTESIAN_POINT ( 'NONE',  ( -53.48542933102067565, -20.00000000000012790, -117.5649766825596743 ) ) ;
#764 = CARTESIAN_POINT ( 'NONE',  ( 12.38247908537872632, 7.632783294297951215E-14, 50.94672830615156300 ) ) ;
#765 = CARTESIAN_POINT ( 'NONE',  ( -88.15072787745076255, 0.000000000000000000, 70.47844636153047304 ) ) ;
#766 = CARTESIAN_POINT ( 'NONE',  ( -22.18493113863153710, -19.99999999999997158, 70.91310450693258360 ) ) ;
#767 = CARTESIAN_POINT ( 'NONE',  ( -18.76583624293882480, 7.632783294297951215E-14, 69.48565393021263503 ) ) ;
#768 = CARTESIAN_POINT ( 'NONE',  ( -58.93961871507562478, 0.000000000000000000, -115.2275886881577520 ) ) ;
#769 = CARTESIAN_POINT ( 'NONE',  ( -19.31966003766020279, -19.99999999999996092, -123.0456202856809682 ) ) ;
#770 = CARTESIAN_POINT ( 'NONE',  ( -89.73580366604433323, 9.024658946459571344E-14, 69.64528322942405225 ) ) ;
#771 = CARTESIAN_POINT ( 'NONE',  ( 51.43969347507100309, 5.551115123125782702E-14, -29.52768997513725324 ) ) ;
#772 = CARTESIAN_POINT ( 'NONE',  ( -42.59672923295495650, 5.551115123125782702E-14, -120.9686758397632502 ) ) ;
#773 = VERTEX_POINT ( 'NONE', #226 ) ;
#774 = CARTESIAN_POINT ( 'NONE',  ( 25.69962088368446018, 5.551115123125782702E-14, 42.30578549601567317 ) ) ;
#775 = CARTESIAN_POINT ( 'NONE',  ( 17.20173752596267391, 0.000000000000000000, 47.61399838119800165 ) ) ;
#776 = CARTESIAN_POINT ( 'NONE',  ( 24.16908639259605707, -20.00000000000017053, -106.4038288145628712 ) ) ;
#777 = CARTESIAN_POINT ( 'NONE',  ( 1.807742588716865439, -19.99999999999998224, 58.23825644488273667 ) ) ;
#778 = CARTESIAN_POINT ( 'NONE',  ( -18.96213954244151267, -20.00000000000001776, 69.57031740676416121 ) ) ;
#779 = CARTESIAN_POINT ( 'NONE',  ( -43.65570330393752840, 0.000000000000000000, -120.7091618199384584 ) ) ;
#780 = CARTESIAN_POINT ( 'NONE',  ( -128.3033947512872146, -19.99999999999996092, 14.01781071032383785 ) ) ;
#781 = CARTESIAN_POINT ( 'NONE',  ( -94.91662646091890565, 7.632783294297951215E-14, 66.44012601042292943 ) ) ;
#782 = CARTESIAN_POINT ( 'NONE',  ( 43.93361648885007753, 0.000000000000000000, -79.37345094919223243 ) ) ;
#783 = CARTESIAN_POINT ( 'NONE',  ( 51.47931251055641155, -20.00000000000012790, -42.36483913670944190 ) ) ;
#784 = CARTESIAN_POINT ( 'NONE',  ( -39.40738219996373459, -20.00000000000015277, -121.6809174247599827 ) ) ;
#785 = ORIENTED_EDGE ( 'NONE', *, *, #138, .T. ) ;
#786 = CARTESIAN_POINT ( 'NONE',  ( 49.10252081831276882, -20.00000000000013856, 18.37515543364829185 ) ) ;
#787 = CALENDAR_DATE ( 2025, 23, 6 ) ;
#788 = CARTESIAN_POINT ( 'NONE',  ( 25.50749373707376222, 5.551115123125782702E-14, -105.2456952650657200 ) ) ;
#789 = CARTESIAN_POINT ( 'NONE',  ( -4.553535077850229484, -19.99999999999996092, 62.21047661934098727 ) ) ;
#790 = CARTESIAN_POINT ( 'NONE',  ( -7.156191635272812768, -20.00000000000001776, 63.71297257456365060 ) ) ;
#791 = CARTESIAN_POINT ( 'NONE',  ( -63.93535156719103441, 0.000000000000000000, -112.6180045988345455 ) ) ;
#792 = CARTESIAN_POINT ( 'NONE',  ( -129.4999999999997726, -19.99999999999996092, 0.3131212143296822625 ) ) ;
#793 = CARTESIAN_POINT ( 'NONE',  ( -78.10336296875237849, -20.00000000000001776, 74.81300027630393856 ) ) ;
#794 = CARTESIAN_POINT ( 'NONE',  ( 19.54502513277726905, 0.000000000000000000, -109.8706579685754292 ) ) ;
#795 = CARTESIAN_POINT ( 'NONE',  ( 51.50360533813308450, -20.00000000000012790, -41.77724108331201336 ) ) ;
#796 = CARTESIAN_POINT ( 'NONE',  ( -50.25207415870747241, -20.00000000000013500, -118.7716868452241812 ) ) ;
#797 = CARTESIAN_POINT ( 'NONE',  ( 49.58195702961020146, 0.000000000000000000, -4.278989871772089337 ) ) ;
#798 = CARTESIAN_POINT ( 'NONE',  ( 20.13521060592572454, 5.551115123125782702E-14, 45.68269667168101478 ) ) ;
#799 = CARTESIAN_POINT ( 'NONE',  ( 17.51357088440134291, 0.000000000000000000, 47.40335867023027561 ) ) ;
#800 = CARTESIAN_POINT ( 'NONE',  ( 29.36371972654129081, 5.551115123125782702E-14, -101.6449902250432160 ) ) ;
#801 = CARTESIAN_POINT ( 'NONE',  ( -18.76583624293882480, -19.99999999999996092, 69.48565393021263503 ) ) ;
#802 = CC_DESIGN_PERSON_AND_ORGANIZATION_ASSIGNMENT ( #1183, #555, ( #2300 ) ) ;
#803 = CARTESIAN_POINT ( 'NONE',  ( 3.864130500561947734, 7.632783294297951215E-14, 56.86855092835146763 ) ) ;
#804 = CARTESIAN_POINT ( 'NONE',  ( -56.22899161407421786, 0.000000000000000000, -116.4374071061360212 ) ) ;
#805 = CARTESIAN_POINT ( 'NONE',  ( -123.6370030962872022, -19.99999999999996092, 30.54919196655774627 ) ) ;
#806 = CARTESIAN_POINT ( 'NONE',  ( 51.45467478115176618, -19.99999999999996092, -29.85678794750674214 ) ) ;
#807 = CARTESIAN_POINT ( 'NONE',  ( -56.15946300404878144, 7.632783294297951215E-14, 78.46767066211108954 ) ) ;
#808 = LOCAL_TIME ( 13, 59, 22.00000000000000000, #2549 ) ;
#809 = CARTESIAN_POINT ( 'NONE',  ( 27.54906536193227140, 0.000000000000000000, -103.4082038842701650 ) ) ;
#810 = CARTESIAN_POINT ( 'NONE',  ( 51.60697595736790078, 5.551115123125782702E-14, -36.30605828324158324 ) ) ;
#811 = CARTESIAN_POINT ( 'NONE',  ( -118.4519498029571167, -20.00000000000001776, 41.18626717311109076 ) ) ;
#812 = CARTESIAN_POINT ( 'NONE',  ( -37.56964623071704068, 3.123732045614412445E-14, -122.0191121278882633 ) ) ;
#813 = CARTESIAN_POINT ( 'NONE',  ( 50.75750202414033652, 0.000000000000000000, -19.73270474737402935 ) ) ;
#814 = CARTESIAN_POINT ( 'NONE',  ( 25.49029846729136040, 5.551115123125782702E-14, 42.43294320460533697 ) ) ;
#815 = CARTESIAN_POINT ( 'NONE',  ( -128.4345039255549636, -20.00000000000001776, 13.24102769379488542 ) ) ;
#816 = CARTESIAN_POINT ( 'NONE',  ( 28.76741398491165924, 5.551115123125782702E-14, -102.2414406384184247 ) ) ;
#817 = CARTESIAN_POINT ( 'NONE',  ( -13.71780122021332815, -19.99999999999996092, 67.16016713345182154 ) ) ;
#818 = CARTESIAN_POINT ( 'NONE',  ( -4.553535077850229484, 7.632783294297951215E-14, 62.21047661934098727 ) ) ;
#819 = CARTESIAN_POINT ( 'NONE',  ( -122.1946182690568605, -19.99999999999996092, 33.93355812150608841 ) ) ;
#820 = CARTESIAN_POINT ( 'NONE',  ( 50.62818167504023847, -19.99999999999996092, -18.27880011073679256 ) ) ;
#821 = CARTESIAN_POINT ( 'NONE',  ( -74.15997792014951528, -20.00000000000001776, 76.03403163126750997 ) ) ;
#822 = CARTESIAN_POINT ( 'NONE',  ( 42.26731446118830604, 0.000000000000000000, -83.31553689717276256 ) ) ;
#823 = CARTESIAN_POINT ( 'NONE',  ( 51.52439768775324325, -20.00000000000012790, -31.63674869751964636 ) ) ;
#824 = CARTESIAN_POINT ( 'NONE',  ( -126.3650522573549182, -20.00000000000001776, 22.54763282941418012 ) ) ;
#825 = CARTESIAN_POINT ( 'NONE',  ( -65.02194148750272973, -20.00000000000012790, -111.9932842990695434 ) ) ;
#826 = APPROVAL_PERSON_ORGANIZATION ( #1471, #2256, #2141 ) ;
#827 = CARTESIAN_POINT ( 'NONE',  ( 50.28750706509866575, 0.000000000000000000, -14.47016087134193718 ) ) ;
#828 = CARTESIAN_POINT ( 'NONE',  ( 17.51357088440134291, 7.632783294297951215E-14, 47.40335867023027561 ) ) ;
#829 = CARTESIAN_POINT ( 'NONE',  ( -127.0683811205223464, -20.00000000000001776, 19.90479372005860981 ) ) ;
#830 = CARTESIAN_POINT ( 'NONE',  ( 31.77782786964397843, -20.00000000000011013, -99.11423479029922134 ) ) ;
#831 = CARTESIAN_POINT ( 'NONE',  ( -26.10810351150714581, 0.000000000000000000, 72.38313695804109216 ) ) ;
#832 = CARTESIAN_POINT ( 'NONE',  ( 19.39644319135813433, -19.99999999999998579, 46.15727246470369494 ) ) ;
#833 = CARTESIAN_POINT ( 'NONE',  ( 1.807742588716865439, 5.551220176480506806E-14, 58.23825644488273667 ) ) ;
#834 = CARTESIAN_POINT ( 'NONE',  ( -128.5569710679015998, -19.99999999999996092, 12.46274780849702779 ) ) ;
#835 = CARTESIAN_POINT ( 'NONE',  ( 50.31240049552030058, -19.99999999999996092, -14.74982270330691847 ) ) ;
#836 = CARTESIAN_POINT ( 'NONE',  ( -65.88356323938853620, 7.632783294297951215E-14, 77.77637115800037293 ) ) ;
#837 = CARTESIAN_POINT ( 'NONE',  ( 33.10177136322258207, 0.000000000000000000, -97.55460974277552566 ) ) ;
#838 = CARTESIAN_POINT ( 'NONE',  ( 51.42147048789126984, 5.551115123125782702E-14, -43.53962622368017321 ) ) ;
#839 = EDGE_CURVE ( 'NONE', #1193, #2277, #1302, .T. ) ;
#840 = CARTESIAN_POINT ( 'NONE',  ( -126.5767260278997952, -20.00000000000001776, 21.79550368694656370 ) ) ;
#841 = CARTESIAN_POINT ( 'NONE',  ( -116.0957921304937202, 0.000000000000000000, -66.42701805493732081 ) ) ;
#842 = CARTESIAN_POINT ( 'NONE',  ( 49.82690861468730503, 0.000000000000000000, -8.784736478369667978 ) ) ;
#843 = CARTESIAN_POINT ( 'NONE',  ( 49.55265548644680251, -20.00000000000012790, -3.423486364665495607 ) ) ;
#844 = CARTESIAN_POINT ( 'NONE',  ( -128.7508621342097399, 5.543189306199574254E-14, -35.73466032044944285 ) ) ;
#845 = CARTESIAN_POINT ( 'NONE',  ( 0.3191961540255097152, 5.551115123125782702E-14, -119.3723574335658242 ) ) ;
#846 = CARTESIAN_POINT ( 'NONE',  ( -18.76583624293882480, 0.000000000000000000, 69.48565393021263503 ) ) ;
#847 = CARTESIAN_POINT ( 'NONE',  ( 4.273751219550913305, -19.99999999999996092, 56.59213139650884017 ) ) ;
#848 = CARTESIAN_POINT ( 'NONE',  ( -0.4197035304408086032, 7.632783294297951215E-14, 59.67463931839357372 ) ) ;
#849 = CARTESIAN_POINT ( 'NONE',  ( -78.10336296875237849, -19.99999999999996092, 74.81300027630393856 ) ) ;
#850 = CARTESIAN_POINT ( 'NONE',  ( 50.12197019273168053, -19.99999999999996092, -12.58256937321439572 ) ) ;
#851 = CARTESIAN_POINT ( 'NONE',  ( -53.58397132981144040, 7.632783294297951215E-14, 78.40649445923749283 ) ) ;
#852 = CARTESIAN_POINT ( 'NONE',  ( -28.31657301337418886, 0.000000000000000000, -123.0714098106126499 ) ) ;
#853 = CARTESIAN_POINT ( 'NONE',  ( 50.50678222508265947, -20.00000000000012790, -53.28519827119630037 ) ) ;
#854 = CARTESIAN_POINT ( 'NONE',  ( -125.0824567456206324, -20.00000000000003908, 26.71266463056862506 ) ) ;
#855 = CARTESIAN_POINT ( 'NONE',  ( -54.55426669015055552, 5.551115123125782702E-14, -117.1383746292989230 ) ) ;
#856 = CARTESIAN_POINT ( 'NONE',  ( 50.04460689261402706, 0.000000000000000000, -11.66485396771595795 ) ) ;
#857 = CARTESIAN_POINT ( 'NONE',  ( 49.62998113401841493, -20.00000000000012790, -5.403744440580422470 ) ) ;
#858 = CARTESIAN_POINT ( 'NONE',  ( -128.4345039255549636, 7.632783294297951215E-14, 13.24102769379488542 ) ) ;
#859 = CARTESIAN_POINT ( 'NONE',  ( 1.635442794401139821, -20.00000000000012790, -118.9318768875595111 ) ) ;
#860 = CARTESIAN_POINT ( 'NONE',  ( 44.43463219732166181, -20.00000000000012790, -78.03762996286312159 ) ) ;
#861 = CARTESIAN_POINT ( 'NONE',  ( -41.05288845932072661, 0.000000000000000000, 76.65650759774368339 ) ) ;
#862 = CARTESIAN_POINT ( 'NONE',  ( 17.82631548349032968, -19.99999999999996092, 47.19406691161561440 ) ) ;
#863 = APPROVAL_PERSON_ORGANIZATION ( #1407, #570, #2688 ) ;
#864 = CARTESIAN_POINT ( 'NONE',  ( 5.433032131151517952, -20.00000000000001776, 55.80113336847321648 ) ) ;
#865 = CARTESIAN_POINT ( 'NONE',  ( -104.1535127323550114, -19.99999999999996092, 59.11039688955156635 ) ) ;
#866 = CARTESIAN_POINT ( 'NONE',  ( 51.58441435932608954, -19.99999999999994671, -33.79141238531252611 ) ) ;
#867 = CARTESIAN_POINT ( 'NONE',  ( -52.72926689194367356, 7.632783294297951215E-14, 78.36102878402387262 ) ) ;
#868 = CARTESIAN_POINT ( 'NONE',  ( 32.90975794553216360, -19.99999999999996092, -97.78080439318401318 ) ) ;
#869 = CARTESIAN_POINT ( 'NONE',  ( -13.54398843061486346, 0.000000000000000000, -122.5020150523949383 ) ) ;
#870 = CARTESIAN_POINT ( 'NONE',  ( 51.42147048789126984, -20.00000000000012790, -43.53962622368017321 ) ) ;
#871 = CARTESIAN_POINT ( 'NONE',  ( -123.7703628044701247, 7.632783294297951215E-14, 30.21136184300692307 ) ) ;
#872 = CARTESIAN_POINT ( 'NONE',  ( -62.56210371022137906, 5.551115123125782702E-14, -113.3702237230749290 ) ) ;
#873 = CARTESIAN_POINT ( 'NONE',  ( 49.60204255628193692, -19.99999999999996092, -4.777181090898568350 ) ) ;
#874 = CARTESIAN_POINT ( 'NONE',  ( 51.12277894026831859, 0.000000000000000000, -24.26634888399338408 ) ) ;
#875 = CARTESIAN_POINT ( 'NONE',  ( 49.58680367459361094, -20.00000000000012790, -4.401179784317896804 ) ) ;
#876 = CARTESIAN_POINT ( 'NONE',  ( -129.2598283783068780, 2.429551529894123908E-14, 6.570587247454588109 ) ) ;
#877 = PERSON_AND_ORGANIZATION ( #523, #955 ) ;
#878 = CARTESIAN_POINT ( 'NONE',  ( 10.33127914490979826, 5.551115123125782702E-14, -115.2976308006951598 ) ) ;
#879 = LOCAL_TIME ( 13, 59, 22.00000000000000000, #632 ) ;
#880 = CARTESIAN_POINT ( 'NONE',  ( 47.54017579123219406, 5.551115123125782702E-14, -68.11600439720524491 ) ) ;
#881 = CARTESIAN_POINT ( 'NONE',  ( -42.66371149413935626, 0.000000000000000000, 76.98337897201457736 ) ) ;
#882 = CARTESIAN_POINT ( 'NONE',  ( 16.87487507180183144, -19.99999999999996092, 47.83524323923181498 ) ) ;
#883 = CARTESIAN_POINT ( 'NONE',  ( -83.33667901593418037, -19.99999999999996092, 72.78583814852792955 ) ) ;
#884 = CARTESIAN_POINT ( 'NONE',  ( 50.50678222508265947, -19.99999999999996092, -53.28519827119630037 ) ) ;
#885 = CARTESIAN_POINT ( 'NONE',  ( -34.00081559821660449, -20.00000000000001776, 74.89447852776694958 ) ) ;
#886 = CARTESIAN_POINT ( 'NONE',  ( 31.77782786964397488, -19.99999999999994316, -99.11423479029923556 ) ) ;
#887 = CARTESIAN_POINT ( 'NONE',  ( -21.81712805980776793, 0.000000000000000000, -123.1487448981797570 ) ) ;
#888 = CARTESIAN_POINT ( 'NONE',  ( 49.21281020900265446, 5.551115123125782702E-14, -60.97735468751677246 ) ) ;
#889 = CARTESIAN_POINT ( 'NONE',  ( -101.7588352641920864, 7.632783294297951215E-14, 61.24361170753233807 ) ) ;
#890 = CARTESIAN_POINT ( 'NONE',  ( -64.75000000054512839, 5.551115123125782702E-14, -112.1502897897701132 ) ) ;
#891 = CARTESIAN_POINT ( 'NONE',  ( 21.91555844371887929, -19.99999999999996092, 44.56136744489663926 ) ) ;
#892 = CARTESIAN_POINT ( 'NONE',  ( 51.39082363538665987, 0.000000000000000000, -28.54058036593078285 ) ) ;
#893 = CARTESIAN_POINT ( 'NONE',  ( 49.58195702961020146, 5.551115123125782702E-14, -4.278989871772089337 ) ) ;
#894 = CARTESIAN_POINT ( 'NONE',  ( -37.56964623071704779, -19.99999999999998579, -122.0191121278882633 ) ) ;
#895 = CARTESIAN_POINT ( 'NONE',  ( 20.68894613626922663, -20.00000000000012790, -109.0623157083288675 ) ) ;
#896 = CARTESIAN_POINT ( 'NONE',  ( 50.84197167677016438, 0.000000000000000000, -50.56971688759801253 ) ) ;
#897 = CARTESIAN_POINT ( 'NONE',  ( 47.86011320911337208, 5.551115123125782702E-14, -66.89280932137918967 ) ) ;
#898 = CARTESIAN_POINT ( 'NONE',  ( 0.8403460821893833366, 0.000000000000000000, 58.86568000042766613 ) ) ;
#899 = CARTESIAN_POINT ( 'NONE',  ( 20.02967353960259800, 0.000000000000000000, 45.75049248394338974 ) ) ;
#900 = CARTESIAN_POINT ( 'NONE',  ( -101.7588352641920864, -19.99999999999996092, 61.24361170753233807 ) ) ;
#901 = CARTESIAN_POINT ( 'NONE',  ( 50.76859245241129770, -19.99999999999996092, -51.20685325700620893 ) ) ;
#902 = CARTESIAN_POINT ( 'NONE',  ( -36.25887736227033287, 7.632783294297951215E-14, 75.50423910929383453 ) ) ;
#903 = CARTESIAN_POINT ( 'NONE',  ( 45.07481546528706673, -19.99999999999996092, -76.21812071197938110 ) ) ;
#904 = CARTESIAN_POINT ( 'NONE',  ( 50.76859245241129770, 5.551115123125782702E-14, -51.20685325700620893 ) ) ;
#905 = CARTESIAN_POINT ( 'NONE',  ( -104.8716184396033242, 7.632783294297951215E-14, 58.43370798492313867 ) ) ;
#906 = CARTESIAN_POINT ( 'NONE',  ( -121.5411088798030192, 0.000000000000000000, 35.33551934314368737 ) ) ;
#907 = CARTESIAN_POINT ( 'NONE',  ( 21.81150158193175770, -19.99999999999996092, 44.62560165856267957 ) ) ;
#908 = CARTESIAN_POINT ( 'NONE',  ( 51.14709905342319729, 0.000000000000000000, -24.59488857217514735 ) ) ;
#909 = CARTESIAN_POINT ( 'NONE',  ( 49.78441859511718803, -20.00000000000012790, -8.158991391389141867 ) ) ;
#910 = CARTESIAN_POINT ( 'NONE',  ( -10.54033026498034076, -20.00000000000012790, -122.0487034034466234 ) ) ;
#911 = CARTESIAN_POINT ( 'NONE',  ( 51.49580163270221789, 0.000000000000000000, -41.97311881014217505 ) ) ;
#912 = CARTESIAN_POINT ( 'NONE',  ( 47.40328839015885620, -20.00000000000012790, -68.62468890959810608 ) ) ;
#913 = CARTESIAN_POINT ( 'NONE',  ( -16.03171606414514372, 0.000000000000000000, 68.26799642397810430 ) ) ;
#914 = FACE_OUTER_BOUND ( 'NONE', #1429, .T. ) ;
#915 = CARTESIAN_POINT ( 'NONE',  ( -116.9493286637175089, -19.99999999999996092, 43.66136977519715145 ) ) ;
#916 = CARTESIAN_POINT ( 'NONE',  ( 51.55042934964712487, -19.99999999999997158, -40.60193007014021305 ) ) ;
#917 = CARTESIAN_POINT ( 'NONE',  ( -37.58662798476806444, 7.632783294297951215E-14, 75.84036954721234736 ) ) ;
#918 = CARTESIAN_POINT ( 'NONE',  ( 38.99506862350941816, -19.99999999999996092, -89.35731938282587805 ) ) ;
#919 = AXIS2_PLACEMENT_3D ( 'NONE', #2181, #44, #2537 ) ;
#920 = CARTESIAN_POINT ( 'NONE',  ( -97.02217272581705743, 7.632783294297951215E-14, 64.97115982847300586 ) ) ;
#921 = CARTESIAN_POINT ( 'NONE',  ( -122.9453616487184746, 0.000000000000000000, 32.22856187268961037 ) ) ;
#922 = CARTESIAN_POINT ( 'NONE',  ( 50.57593982971102520, 5.551115123125782702E-14, -17.69728476121133909 ) ) ;
#923 = CARTESIAN_POINT ( 'NONE',  ( -10.26963300617390296, 5.551115123125782702E-14, -122.0025033980326867 ) ) ;
#924 = CARTESIAN_POINT ( 'NONE',  ( 44.53073589504786867, 0.000000000000000000, -77.76900206211855959 ) ) ;
#925 = CARTESIAN_POINT ( 'NONE',  ( 41.11003035848399634, 5.551115123125782702E-14, -85.60832763688040359 ) ) ;
#926 = CARTESIAN_POINT ( 'NONE',  ( -9.387088208597152317, 0.000000000000000000, 64.94494642785943483 ) ) ;
#927 = CARTESIAN_POINT ( 'NONE',  ( -78.39169886996567982, 0.000000000000000000, 74.71298519571119812 ) ) ;
#928 = CARTESIAN_POINT ( 'NONE',  ( -63.06307262078764353, -19.99999999999996092, 78.12638543682125203 ) ) ;
#929 = CARTESIAN_POINT ( 'NONE',  ( 51.38624037564420632, -19.99999999999996092, -44.18000575749566394 ) ) ;
#930 = CARTESIAN_POINT ( 'NONE',  ( -39.44898702700189830, -19.99999999999999289, 76.29720836280768026 ) ) ;
#931 = CARTESIAN_POINT ( 'NONE',  ( 44.62300543444951728, -19.99999999999996092, -77.51109135463727284 ) ) ;
#932 = CARTESIAN_POINT ( 'NONE',  ( -111.6106994635894551, 7.632783294297951215E-14, 51.11416544137317430 ) ) ;
#933 = CARTESIAN_POINT ( 'NONE',  ( -126.1917675709070323, 0.000000000000000000, 23.14696292378046039 ) ) ;
#934 = CARTESIAN_POINT ( 'NONE',  ( 50.25021244593059322, 5.551115123125782702E-14, -14.05066406785236133 ) ) ;
#935 = CARTESIAN_POINT ( 'NONE',  ( -2.779758497319880117, -20.00000000000012790, -120.3076996872682258 ) ) ;
#936 = CARTESIAN_POINT ( 'NONE',  ( 49.05935631923019002, 0.000000000000000000, -61.72025897501367808 ) ) ;
#937 = CARTESIAN_POINT ( 'NONE',  ( 13.62459849027508696, -20.00000000000001776, 50.07450886118270716 ) ) ;
#938 = CARTESIAN_POINT ( 'NONE',  ( -7.327202959124728743, 0.000000000000000000, 63.80880633059798868 ) ) ;
#939 = CARTESIAN_POINT ( 'NONE',  ( -98.74346293034568589, 0.000000000000000000, 63.71400582475243368 ) ) ;
#940 = CARTESIAN_POINT ( 'NONE',  ( -49.31559220099564556, -19.99999999999995737, 78.09417462167115787 ) ) ;
#941 = CARTESIAN_POINT ( 'NONE',  ( -27.00533910110357283, 7.632783294297951215E-14, 72.69872668113406178 ) ) ;
#942 = CARTESIAN_POINT ( 'NONE',  ( 2.159105926112661056, -19.99999999999996092, -118.7475422520810326 ) ) ;
#943 = CARTESIAN_POINT ( 'NONE',  ( -52.25829640503464191, -19.99999999999996092, -118.0320746506285161 ) ) ;
#944 = CARTESIAN_POINT ( 'NONE',  ( -103.2198959699369993, 7.632783294297951215E-14, 59.96261069509812813 ) ) ;
#945 = CARTESIAN_POINT ( 'NONE',  ( -128.5569710679015998, 0.000000000000000000, 12.46274780849702779 ) ) ;
#946 = CARTESIAN_POINT ( 'NONE',  ( 51.09921565350534678, -20.00000000000012790, -23.95096365654801573 ) ) ;
#947 = CARTESIAN_POINT ( 'NONE',  ( -13.20934084812522080, 5.551115123125782702E-14, -122.4580812546544450 ) ) ;
#948 = CARTESIAN_POINT ( 'NONE',  ( 46.88637266789675095, 0.000000000000000000, -70.47115945102700607 ) ) ;
#949 = CARTESIAN_POINT ( 'NONE',  ( 16.33094912897125894, -20.00000000000001776, 48.20523126937127500 ) ) ;
#950 = CARTESIAN_POINT ( 'NONE',  ( -13.71780122021332815, 0.000000000000000000, 67.16016713345182154 ) ) ;
#951 = CARTESIAN_POINT ( 'NONE',  ( -95.71305161326323230, 0.000000000000000000, 65.89923666759715104 ) ) ;
#952 = CARTESIAN_POINT ( 'NONE',  ( -64.74922165851184275, -19.99999999999996092, 77.93369936062418901 ) ) ;
#953 = CARTESIAN_POINT ( 'NONE',  ( -10.94937066434446926, 7.632783294297951215E-14, 65.76481197185002259 ) ) ;
#954 = CARTESIAN_POINT ( 'NONE',  ( 49.49989625310188046, -19.99999999999996092, -0.3658254723889683979 ) ) ;
#955 = ORGANIZATION ( '未', '未', '' ) ;
#956 = CARTESIAN_POINT ( 'NONE',  ( -13.54398843061486346, -19.99999999999996092, -122.5020150523949383 ) ) ;
#957 = CARTESIAN_POINT ( 'NONE',  ( -35.72137456326715466, -19.99999999999996092, -122.2939593457911513 ) ) ;
#958 = CARTESIAN_POINT ( 'NONE',  ( -88.15072787745076255, 7.632783294297951215E-14, 70.47844636153047304 ) ) ;
#959 = CARTESIAN_POINT ( 'NONE',  ( -126.5767260278997952, 0.000000000000000000, 21.79550368694656370 ) ) ;
#960 = AXIS2_PLACEMENT_3D ( 'NONE', #59, #272, #1969 ) ;
#961 = CARTESIAN_POINT ( 'NONE',  ( 50.47457959439152830, -20.00000000000009592, -16.56759150953199011 ) ) ;
#962 = CARTESIAN_POINT ( 'NONE',  ( -19.05121447182947492, -20.00000000000012790, -123.0293863438063653 ) ) ;
#963 = LINE ( 'NONE', #1405, #1761 ) ;
#964 = CARTESIAN_POINT ( 'NONE',  ( 17.09274748077115902, 7.632783294297951215E-14, 47.68769358278453296 ) ) ;
#965 = CARTESIAN_POINT ( 'NONE',  ( 16.87487507180183144, 0.000000000000000000, 47.83524323923181498 ) ) ;
#966 = CARTESIAN_POINT ( 'NONE',  ( -84.87125771882590186, 0.000000000000000000, 72.10015590158110399 ) ) ;
#967 = CARTESIAN_POINT ( 'NONE',  ( -75.77959884317611738, -19.99999999999996092, 75.56229239589087854 ) ) ;
#968 = EDGE_CURVE ( 'NONE', #2277, #1193, #2742, .T. ) ;
#969 = CARTESIAN_POINT ( 'NONE',  ( -17.78675981555228347, 7.632783294297951215E-14, 69.05667336042611737 ) ) ;
#970 = CARTESIAN_POINT ( 'NONE',  ( 49.78441859511718803, -19.99999999999996092, -8.158991391389141867 ) ) ;
#971 = LOCAL_TIME ( 13, 59, 22.00000000000000000, #230 ) ;
#972 = CARTESIAN_POINT ( 'NONE',  ( -8.918862450379556606, -19.99999999999996092, -121.7555252007575035 ) ) ;
#973 = CARTESIAN_POINT ( 'NONE',  ( -24.60191788636571530, -19.99999999999996092, -123.1703470127124262 ) ) ;
#974 = CARTESIAN_POINT ( 'NONE',  ( -84.10626293068369819, -20.00000000000001776, 72.44831078576937955 ) ) ;
#975 = CARTESIAN_POINT ( 'NONE',  ( 51.00632098749691323, -20.00000000000012790, -22.74216770976778790 ) ) ;
#976 = CARTESIAN_POINT ( 'NONE',  ( -34.64291270945446399, 5.551115123125782702E-14, -122.4494251740340047 ) ) ;
#977 = ORIENTED_EDGE ( 'NONE', *, *, #1621, .F. ) ;
#978 = CARTESIAN_POINT ( 'NONE',  ( 8.289727415466247251, -20.00000000000001776, 53.82363855923255613 ) ) ;
#979 = APPLICATION_PROTOCOL_DEFINITION ( 'international standard', 'config_control_design', 1994, #60 ) ;
#980 = CARTESIAN_POINT ( 'NONE',  ( -100.1660112179642255, 0.000000000000000000, 62.59392271035594035 ) ) ;
#981 = CARTESIAN_POINT ( 'NONE',  ( -41.05288845932072661, -19.99999999999993605, 76.65650759774368339 ) ) ;
#982 = CARTESIAN_POINT ( 'NONE',  ( -10.60188634929150986, 7.632783294297951215E-14, 65.58323180723385804 ) ) ;
#983 = CARTESIAN_POINT ( 'NONE',  ( -52.25829640503464191, 0.000000000000000000, -118.0320746506285161 ) ) ;
#984 = CARTESIAN_POINT ( 'NONE',  ( -50.25207415870747241, -19.99999999999996803, -118.7716868452241670 ) ) ;
#985 = CARTESIAN_POINT ( 'NONE',  ( -74.97161444849950840, 7.632783294297951215E-14, 75.80414773897172154 ) ) ;
#986 = CARTESIAN_POINT ( 'NONE',  ( 51.58137804748420052, -20.00000000000013856, -39.42609392346017216 ) ) ;
#987 = CARTESIAN_POINT ( 'NONE',  ( -34.64291270945446399, -20.00000000000012790, -122.4494251740340047 ) ) ;
#988 = CARTESIAN_POINT ( 'NONE',  ( 13.94824710662830469, -20.00000000000001776, 49.84858612404512002 ) ) ;
#989 = CARTESIAN_POINT ( 'NONE',  ( 38.99506862350941816, 5.551115123125782702E-14, -89.35731938282587805 ) ) ;
#990 = CARTESIAN_POINT ( 'NONE',  ( -18.37367364860659080, -19.99999999999996092, 69.31529749443440380 ) ) ;
#991 = CARTESIAN_POINT ( 'NONE',  ( -17.20145857536769540, 7.632783294297951215E-14, 68.79447167826144494 ) ) ;
#992 = CARTESIAN_POINT ( 'NONE',  ( -54.55426669015055552, 0.000000000000000000, -117.1383746292989230 ) ) ;
#993 = CARTESIAN_POINT ( 'NONE',  ( -129.4760151037038156, -19.99999999999996092, -2.511994379362889163 ) ) ;
#994 = CARTESIAN_POINT ( 'NONE',  ( -80.06387561704414679, 3.471093628998207533E-14, 74.13295720953045986 ) ) ;
#995 = CARTESIAN_POINT ( 'NONE',  ( 12.07152312242263115, 0.000000000000000000, -114.4088541446789122 ) ) ;
#996 = CARTESIAN_POINT ( 'NONE',  ( 51.49580163270221789, -20.00000000000012790, -41.97311881014217505 ) ) ;
#997 = CARTESIAN_POINT ( 'NONE',  ( -33.56192751471936475, 5.551115123125782702E-14, -122.5880874016560114 ) ) ;
#998 = CARTESIAN_POINT ( 'NONE',  ( 21.29222178689738953, 0.000000000000000000, 44.94840558092926130 ) ) ;
#999 = CARTESIAN_POINT ( 'NONE',  ( 18.76638974813169725, 5.551226637544473270E-14, 46.56895594186020304 ) ) ;
#1000 = CARTESIAN_POINT ( 'NONE',  ( 17.09274748077115902, 0.000000000000000000, 47.68769358278453296 ) ) ;
#1001 = CARTESIAN_POINT ( 'NONE',  ( 35.11795262706132092, 5.551115123125782702E-14, -95.04132051301388628 ) ) ;
#1002 = CARTESIAN_POINT ( 'NONE',  ( -13.14202307012637760, -19.99999999999996092, 66.87766618532096174 ) ) ;
#1003 = CARTESIAN_POINT ( 'NONE',  ( -25.01410161728600201, -20.00000000000001776, 71.98619272219966092 ) ) ;
#1004 = CARTESIAN_POINT ( 'NONE',  ( -66.37537232518388919, 0.000000000000000000, -111.1973730022443902 ) ) ;
#1005 = CARTESIAN_POINT ( 'NONE',  ( -125.8572559191313616, -19.99999999999996092, 24.26408533096678255 ) ) ;
#1006 = CARTESIAN_POINT ( 'NONE',  ( -83.59365087280993123, -20.00000000000001776, 72.67435216997441216 ) ) ;
#1007 = CARTESIAN_POINT ( 'NONE',  ( 38.09669512251598888, 0.000000000000000000, -90.83487013523840403 ) ) ;
#1008 = CARTESIAN_POINT ( 'NONE',  ( 51.60263153826367244, 5.551115123125782702E-14, -35.40794485902389255 ) ) ;
#1009 = CARTESIAN_POINT ( 'NONE',  ( -45.54472912241198657, -20.00000000000012790, -120.2110751163697273 ) ) ;
#1010 = ORIENTED_EDGE ( 'NONE', *, *, #839, .F. ) ;
#1011 = CARTESIAN_POINT ( 'NONE',  ( 21.08526458345998833, 5.551115123125782702E-14, 45.07872929278507002 ) ) ;
#1012 = CARTESIAN_POINT ( 'NONE',  ( 15.57028483676377739, 0.000000000000000000, 48.72443881651166464 ) ) ;
#1013 = CARTESIAN_POINT ( 'NONE',  ( 40.15820535823866777, -20.00000000000012790, -87.36737144137099165 ) ) ;
#1014 = CARTESIAN_POINT ( 'NONE',  ( -25.45114412520170433, -19.99999999999996092, 72.14647418546363156 ) ) ;
#1015 = CARTESIAN_POINT ( 'NONE',  ( -3.472014375773822437, 9.020911888455215245E-14, 61.56911946717546869 ) ) ;
#1016 = CARTESIAN_POINT ( 'NONE',  ( -41.46018906097607726, 0.000000000000000000, -121.2297091130487559 ) ) ;
#1017 = CARTESIAN_POINT ( 'NONE',  ( -123.3657692343279564, -19.99999999999996092, 31.22307011933158094 ) ) ;
#1018 = CARTESIAN_POINT ( 'NONE',  ( 51.60601316274062356, -19.99999999999996092, -35.94681257796081297 ) ) ;
#1019 = CARTESIAN_POINT ( 'NONE',  ( -65.30977265023543055, 7.632783294297951215E-14, 77.85775972433361858 ) ) ;
#1020 = CARTESIAN_POINT ( 'NONE',  ( 25.73827728829178341, 0.000000000000000000, -105.0459965900394081 ) ) ;
#1021 = CARTESIAN_POINT ( 'NONE',  ( 51.45467478115176618, 5.551115123125782702E-14, -29.85678794750674214 ) ) ;
#1022 = CARTESIAN_POINT ( 'NONE',  ( -30.42608774114449588, -20.00000000000012790, -122.9051990072463383 ) ) ;
#1023 = CARTESIAN_POINT ( 'NONE',  ( 49.78441859511718803, 0.000000000000000000, -8.158991391389141867 ) ) ;
#1024 = CARTESIAN_POINT ( 'NONE',  ( 24.01058400007767446, 5.551115123125782702E-14, 43.29885824951507800 ) ) ;
#1025 = CARTESIAN_POINT ( 'NONE',  ( -129.4691628007138888, 7.632783294297951215E-14, -2.825930586947254408 ) ) ;
#1026 = CARTESIAN_POINT ( 'NONE',  ( 29.16577802237477357, 5.551115123125782702E-14, -101.8446268855277594 ) ) ;
#1027 = CARTESIAN_POINT ( 'NONE',  ( -17.78675981555228347, -19.99999999999996092, 69.05667336042611737 ) ) ;
#1028 = CARTESIAN_POINT ( 'NONE',  ( -1.636029221319765359, -20.00000000000001776, 60.43981166104636316 ) ) ;
#1029 = CARTESIAN_POINT ( 'NONE',  ( -126.5767260278997952, -19.99999999999996092, 21.79550368694656370 ) ) ;
#1030 = CARTESIAN_POINT ( 'NONE',  ( 49.80929827534748711, -19.99999999999996092, -8.534482038563785622 ) ) ;
#1031 = CARTESIAN_POINT ( 'NONE',  ( -57.60013807714198464, 7.632783294297951215E-14, 78.45591741695893973 ) ) ;
#1032 = CARTESIAN_POINT ( 'NONE',  ( 13.89835636338382763, 0.000000000000000000, -113.4357447059060178 ) ) ;
#1033 = CARTESIAN_POINT ( 'NONE',  ( 51.60309703354861455, -20.00000000000012790, -37.66188467640114368 ) ) ;
#1034 = CARTESIAN_POINT ( 'NONE',  ( -116.5147322082902548, -20.00000000000001776, 44.34124998634074188 ) ) ;
#1035 = CARTESIAN_POINT ( 'NONE',  ( -56.22899161407421786, -20.00000000000012790, -116.4374071061360212 ) ) ;
#1036 = CARTESIAN_POINT ( 'NONE',  ( 49.60204255628193692, 0.000000000000000000, -4.777181090898568350 ) ) ;
#1037 = CARTESIAN_POINT ( 'NONE',  ( 24.43313397411058219, 5.551115123125782702E-14, 43.05108037607488569 ) ) ;
#1038 = CARTESIAN_POINT ( 'NONE',  ( -129.0310780333887806, -20.00000000000001776, 8.801127704571324983 ) ) ;
#1039 = CARTESIAN_POINT ( 'NONE',  ( 25.73827728829178341, -20.00000000000012790, -105.0459965900394081 ) ) ;
#1040 = CARTESIAN_POINT ( 'NONE',  ( -34.73187493297466233, 0.000000000000000000, 75.09711934980325054 ) ) ;
#1041 = CARTESIAN_POINT ( 'NONE',  ( 12.26760969666340628, -19.99999999999996092, 51.02742916898561987 ) ) ;
#1042 = CARTESIAN_POINT ( 'NONE',  ( 0.9785441820457513318, -20.00000000000001776, 58.77604897261603867 ) ) ;
#1043 = CARTESIAN_POINT ( 'NONE',  ( -129.0310780333887806, -19.99999999999996092, 8.801127704571324983 ) ) ;
#1044 = CARTESIAN_POINT ( 'NONE',  ( 50.14426547947343948, -19.99999999999996092, -12.84475672941776381 ) ) ;
#1045 = CARTESIAN_POINT ( 'NONE',  ( -63.06307262078764353, 7.632783294297951215E-14, 78.12638543682125203 ) ) ;
#1046 = CARTESIAN_POINT ( 'NONE',  ( 40.29801143434923461, 0.000000000000000000, -87.11545506444522857 ) ) ;
#1047 = CARTESIAN_POINT ( 'NONE',  ( 51.41007643163150931, 5.551115123125782702E-14, -43.75310471236029031 ) ) ;
#1048 = CARTESIAN_POINT ( 'NONE',  ( -117.2342658171822194, 7.632783294297951215E-14, 43.20516329266511946 ) ) ;
#1049 = CARTESIAN_POINT ( 'NONE',  ( -58.93961871507562478, 3.470787899848748271E-15, -115.2275886881577520 ) ) ;
#1050 = CARTESIAN_POINT ( 'NONE',  ( 49.61841663398499236, 0.000000000000000000, -5.153137685305441806 ) ) ;
#1051 = CARTESIAN_POINT ( 'NONE',  ( 23.16798333883458838, 7.286068217515526290E-14, 43.79663067305767044 ) ) ;
#1052 = CARTESIAN_POINT ( 'NONE',  ( -129.4518692242762370, 7.632783294297951215E-14, 2.817679880413296978 ) ) ;
#1053 = CARTESIAN_POINT ( 'NONE',  ( 0.8468535878387041249, -20.00000000000012790, -119.1997901568326768 ) ) ;
#1054 = CARTESIAN_POINT ( 'NONE',  ( -20.89294423600530948, 0.000000000000000000, 70.38275560592806812 ) ) ;
#1055 = CARTESIAN_POINT ( 'NONE',  ( 14.16416037428063390, -19.99999999999996092, 49.69818416124040539 ) ) ;
#1056 = CARTESIAN_POINT ( 'NONE',  ( -1.178907913980798305, -20.00000000000001776, 60.15446801300607405 ) ) ;
#1057 = CARTESIAN_POINT ( 'NONE',  ( -84.10626293068369819, -19.99999999999996092, 72.44831078576937955 ) ) ;
#1058 = CARTESIAN_POINT ( 'NONE',  ( 50.22537971841382642, -19.99999999999996092, -13.77099683920330797 ) ) ;
#1059 = CARTESIAN_POINT ( 'NONE',  ( -61.34282754339395893, -20.00000000000000355, 78.30241965776941981 ) ) ;
#1060 = CARTESIAN_POINT ( 'NONE',  ( 0.05490916692789240411, 0.000000000000000000, -119.4572137791683417 ) ) ;
#1061 = CARTESIAN_POINT ( 'NONE',  ( 50.97703082561967847, 5.551115123125782702E-14, -49.29413594754481664 ) ) ;
#1062 = CARTESIAN_POINT ( 'NONE',  ( -121.6520684680621969, 7.632783294297951215E-14, 35.10283458194920314 ) ) ;
#1063 = CARTESIAN_POINT ( 'NONE',  ( -129.5000000000002274, 0.000000000000000000, -0.3140109813921551640 ) ) ;
#1064 = CARTESIAN_POINT ( 'NONE',  ( 49.80929827534748711, 0.000000000000000000, -8.534482038563785622 ) ) ;
#1065 = CARTESIAN_POINT ( 'NONE',  ( 49.71309374743501053, -20.00000000000015632, -7.032307711728085664 ) ) ;
#1066 = CARTESIAN_POINT ( 'NONE',  ( -129.4691628007138888, -20.00000000000001776, -2.825930586947254408 ) ) ;
#1067 = CARTESIAN_POINT ( 'NONE',  ( 10.08052372452229584, 5.551115123125782702E-14, -115.4202727622199376 ) ) ;
#1068 = CARTESIAN_POINT ( 'NONE',  ( 48.04478905582770665, -20.00000000000012790, -66.15704461152211024 ) ) ;
#1069 = CARTESIAN_POINT ( 'NONE',  ( -44.81507147097113375, 0.000000000000000000, 77.40020197676730618 ) ) ;
#1070 = CARTESIAN_POINT ( 'NONE',  ( 7.304821972737784108, -19.99999999999995026, 54.51127624224673696 ) ) ;
#1071 = CARTESIAN_POINT ( 'NONE',  ( 1.807742588716865439, -20.00000000000003908, 58.23825644488273667 ) ) ;
#1072 = CARTESIAN_POINT ( 'NONE',  ( -95.18286773664799227, -19.99999999999996092, 66.26096822787626195 ) ) ;
#1073 = CARTESIAN_POINT ( 'NONE',  ( 51.21509251654160266, -19.99999999999996092, -25.58086702696008885 ) ) ;
#1074 = CARTESIAN_POINT ( 'NONE',  ( -54.43947350759615489, -20.00000000000001776, 78.43859188351987655 ) ) ;
#1075 = CARTESIAN_POINT ( 'NONE',  ( 22.78794839372698533, -20.00000000000000355, -107.5106555247134708 ) ) ;
#1076 = CARTESIAN_POINT ( 'NONE',  ( 5.806216155932554024, 0.000000000000000000, -117.3713502677025673 ) ) ;
#1077 = CARTESIAN_POINT ( 'NONE',  ( 51.31829509714933124, 5.551115123125782702E-14, -45.24677742679540415 ) ) ;
#1078 = CARTESIAN_POINT ( 'NONE',  ( -118.9696084491365866, 7.632783294297951215E-14, 40.27928763494469422 ) ) ;
#1079 = CARTESIAN_POINT ( 'NONE',  ( -54.21736718819953182, 5.551115123125782702E-14, -117.2736892399965001 ) ) ;
#1080 = CARTESIAN_POINT ( 'NONE',  ( 49.49315600617617861, -19.99999999999996092, 0.8587744204191594122 ) ) ;
#1081 = CARTESIAN_POINT ( 'NONE',  ( 51.48529649433368149, 0.000000000000000000, -30.55971032871173065 ) ) ;
#1082 = CARTESIAN_POINT ( 'NONE',  ( 49.92233151645315559, -20.00000000000012790, -10.09079242440099122 ) ) ;
#1083 = CARTESIAN_POINT ( 'NONE',  ( -128.6336001328637622, -20.00000000000001776, 11.94318509636946146 ) ) ;
#1084 = CARTESIAN_POINT ( 'NONE',  ( 12.31789068132317944, -20.00000000000012790, -114.2776201646975665 ) ) ;
#1085 = CARTESIAN_POINT ( 'NONE',  ( 45.86003871538047605, -20.00000000000010303, -73.88109810337266481 ) ) ;
#1086 = CARTESIAN_POINT ( 'NONE',  ( -19.17586175756872535, 0.000000000000000000, 69.66249347204070830 ) ) ;
#1087 = CARTESIAN_POINT ( 'NONE',  ( 13.40923187942971850, -19.99999999999996092, 50.22569244401820043 ) ) ;
#1088 = CIRCLE ( 'NONE', #1660, 5.000000000000000000 ) ;
#1089 = CARTESIAN_POINT ( 'NONE',  ( -101.5471042339753325, -19.99999999999996092, 61.42310594634543719 ) ) ;
#1090 = CARTESIAN_POINT ( 'NONE',  ( 48.74928983766282897, -19.99999999999996447, -63.20552471462799815 ) ) ;
#1091 = CARTESIAN_POINT ( 'NONE',  ( -28.68143359144950821, -20.00000000000001776, 73.26776639316233286 ) ) ;
#1092 = CARTESIAN_POINT ( 'NONE',  ( 43.61612403932378612, -19.99999999999996092, -80.16830021056745181 ) ) ;
#1093 = CARTESIAN_POINT ( 'NONE',  ( -17.20968287482271819, 0.000000000000000000, -122.9180218039841179 ) ) ;
#1094 = CARTESIAN_POINT ( 'NONE',  ( 50.68616962074600707, -20.00000000000012790, -51.90022960017601861 ) ) ;
#1095 = CARTESIAN_POINT ( 'NONE',  ( -119.8837435865156067, -20.00000000000000711, 38.66141645026768003 ) ) ;
#1096 = CARTESIAN_POINT ( 'NONE',  ( -67.18190907798469880, 5.551115123125782702E-14, -110.7106186986478775 ) ) ;
#1097 = FACE_BOUND ( 'NONE', #1820, .T. ) ;
#1098 = CARTESIAN_POINT ( 'NONE',  ( 51.45467478115176618, 0.000000000000000000, -29.85678794750674214 ) ) ;
#1099 = CARTESIAN_POINT ( 'NONE',  ( 49.60204255628193692, 5.551115123125782702E-14, -4.777181090898568350 ) ) ;
#1100 = CARTESIAN_POINT ( 'NONE',  ( -30.93987436108971778, -19.99999999999996092, -122.8622295692457982 ) ) ;
#1101 = CARTESIAN_POINT ( 'NONE',  ( 19.31415285978262730, 5.551115123125782702E-14, -110.0292822171434466 ) ) ;
#1102 = CARTESIAN_POINT ( 'NONE',  ( 51.60309703354861455, 0.000000000000000000, -37.66188467640114368 ) ) ;
#1103 = CARTESIAN_POINT ( 'NONE',  ( 47.40328839015885620, 5.551115123125782702E-14, -68.62468890959810608 ) ) ;
#1104 = CARTESIAN_POINT ( 'NONE',  ( -52.72926689194367356, 0.000000000000000000, 78.36102878402387262 ) ) ;
#1105 = CARTESIAN_POINT ( 'NONE',  ( 20.02967353960259800, -19.99999999999996092, 45.75049248394338974 ) ) ;
#1106 = CARTESIAN_POINT ( 'NONE',  ( -85.63107712986871434, -19.99999999999996092, 71.74118813793576521 ) ) ;
#1107 = CARTESIAN_POINT ( 'NONE',  ( 47.86011320911337208, -19.99999999999996092, -66.89280932137918967 ) ) ;
#1108 = CARTESIAN_POINT ( 'NONE',  ( -37.05500290117037565, 7.632783294297951215E-14, 75.70806472073167015 ) ) ;
#1109 =( BOUNDED_SURFACE ( )  B_SPLINE_SURFACE ( 3, 1, ( 
 ( #567, #2532 ),
 ( #196, #798 ),
 ( #1206, #1418 ),
 ( #1260, #1218 ),
 ( #616, #355 ),
 ( #1662, #603 ),
 ( #2089, #1011 ),
 ( #1647, #167 ),
 ( #1623, #1469 ),
 ( #1442, #2322 ),
 ( #2479, #406 ),
 ( #2724, #1635 ),
 ( #1231, #1051 ),
 ( #2105, #143 ),
 ( #2293, #1024 ),
 ( #181, #1037 ),
 ( #1895, #378 ),
 ( #2698, #814 ),
 ( #2517, #774 ),
 ( #2266, #1844 ),
 ( #786, #580 ),
 ( #1430, #366 ),
 ( #2063, #1855 ),
 ( #666, #211 ),
 ( #2547, #4 ),
 ( #2120, #1328 ),
 ( #2175, #453 ),
 ( #2579, #1692 ),
 ( #22, #1129 ),
 ( #420, #1723 ),
 ( #843, #630 ),
 ( #1516, #1706 ),
 ( #1292, #2188 ),
 ( #266, #893 ),
 ( #875, #2755 ),
 ( #2562, #2157 ),
 ( #1739, #1099 ),
 ( #1946, #684 ),
 ( #857, #1484 ),
 ( #2337, #648 ),
 ( #279, #1549 ),
 ( #1065, #1963 ),
 ( #1499, #1311 ),
 ( #1117, #54 ),
 ( #909, #1534 ),
 ( #1275, #2353 ),
 ( #2371, #436 ),
 ( #1911, #248 ),
 ( #2139, #38 ),
 ( #2595, #2390 ),
 ( #471, #1929 ),
 ( #1755, #228 ),
 ( #1082, #2611 ),
 ( #701, #2406 ),
 ( #486, #1341 ),
 ( #1152, #1818 ),
 ( #526, #317 ),
 ( #2673, #539 ),
 ( #1598, #330 ),
 ( #1976, #1392 ),
 ( #1403, #1560 ),
 ( #2026, #712 ),
 ( #1792, #934 ),
 ( #2417, #2622 ),
 ( #2238, #105 ),
 ( #2000, #341 ),
 ( #1780, #1379 ),
 ( #961, #1166 ),
 ( #2013, #2661 ),
 ( #79, #922 ),
 ( #67, #1989 ),
 ( #1179, #1768 ),
 ( #1353, #116 ),
 ( #724, #2225 ),
 ( #2441, #1806 ),
 ( #2634, #2466 ),
 ( #975, #762 ),
 ( #750, #2454 ),
 ( #551, #1365 ),
 ( #1609, #498 ),
 ( #946, #2250 ),
 ( #2200, #2646 ),
 ( #1572, #291 ),
 ( #2428, #1141 ),
 ( #510, #2211 ),
 ( #303, #737 ),
 ( #91, #1585 ),
 ( #2735, #2318 ),
 ( #387, #1240 ),
 ( #2501, #2290 ),
 ( #2303, #364 ),
 ( #1674, #1632 ),
 ( #2085, #771 ),
 ( #2073, #1021 ),
 ( #577, #164 ),
 ( #128, #1619 ),
 ( #1450, #599 ),
 ( #2060, #2476 ),
 ( #2528, #1203 ),
 ( #823, #375 ),
 ( #177, #1644 ),
 ( #613, #564 ),
 ( #1215, #588 ),
 ( #2720, #1865 ),
 ( #1465, #1008 ),
 ( #352, #1439 ),
 ( #1228, #810 ),
 ( #1656, #151 ),
 ( #1841, #1415 ),
 ( #2707, #2513 ),
 ( #1033, #1191 ),
 ( #2037, #140 ),
 ( #1852, #1877 ),
 ( #986, #1829 ),
 ( #2684, #2263 ),
 ( #795, #2048 ),
 ( #996, #2696 ),
 ( #783, #2489 ),
 ( #1427, #2275 ),
 ( #2116, #49 ),
 ( #870, #838 ),
 ( #1958, #1047 ),
 ( #2751, #1323 ),
 ( #207, #1495 ),
 ( #1305, #1077 ),
 ( #261, #2384 ),
 ( #1529, #416 ),
 ( #2366, #432 ),
 ( #33, #1061 ),
 ( #2151, #1924 ),
 ( #1112, #465 ),
 ( #1271, #2100 ),
 ( #402, #1906 ),
 ( #695, #904 ),
 ( #242, #1891 ),
 ( #1094, #1688 ),
 ( #2170, #1718 ),
 ( #1480, #2765 ),
 ( #853, #1750 ),
 ( #2543, #448 ),
 ( #1941, #2606 ),
 ( #644, #1702 ),
 ( #2134, #679 ),
 ( #626, #1288 ),
 ( #223, #1545 ),
 ( #17, #1256 ),
 ( #2558, #192 ),
 ( #2333, #2574 ),
 ( #2349, #661 ),
 ( #1511, #888 ),
 ( #1734, #2590 ),
 ( #1371, #1158 ),
 ( #2403, #2217 ),
 ( #309, #516 ),
 ( #1068, #1332 ),
 ( #2143, #2409 ),
 ( #2340, #897 ),
 ( #253, #233 ),
 ( #2565, #880 ),
 ( #2358, #2179 ),
 ( #912, #1103 ),
 ( #1502, #1967 ),
 ( #42, #423 ),
 ( #1726, #1771 ),
 ( #1709, #1743 ),
 ( #1915, #1296 ),
 ( #1085, #1950 ),
 ( #2625, #2614 ),
 ( #214, #704 ),
 ( #8, #651 ),
 ( #2124, #489 ),
 ( #1933, #2599 ),
 ( #715, #1552 ),
 ( #860, #1344 ),
 ( #2191, #1279 ),
 ( #670, #440 ),
 ( #688, #282 ),
 ( #1132, #1315 ),
 ( #25, #1538 ),
 ( #2582, #1979 ),
 ( #70, #1520 ),
 ( #2376, #457 ),
 ( #2162, #925 ),
 ( #2395, #475 ),
 ( #1121, #270 ),
 ( #57, #1758 ),
 ( #1013, #605 ),
 ( #2053, #1443 ),
 ( #1408, #132 ),
 ( #2727, #1870 ),
 ( #582, #989 ),
 ( #557, #2520 ),
 ( #183, #144 ),
 ( #1420, #2295 ),
 ( #368, #1883 ),
 ( #2255, #569 ),
 ( #1432, #1001 ),
 ( #2743, #2280 ),
 ( #1625, #156 ),
 ( #1857, #592 ),
 ( #1649, #1637 ),
 ( #1220, #2268 ),
 ( #357, #2481 ),
 ( #2469, #1457 ),
 ( #830, #1208 ),
 ( #2494, #2310 ),
 ( #2712, #800 ),
 ( #394, #1026 ),
 ( #2078, #816 ),
 ( #345, #1665 ),
 ( #1196, #2506 ),
 ( #380, #1247 ),
 ( #1233, #2092 ),
 ( #2041, #2065 ),
 ( #1845, #2700 ),
 ( #1039, #1834 ),
 ( #2689, #788 ),
 ( #776, #170 ),
 ( #2142, #1518 ),
 ( #2339, #2177 ),
 ( #40, #2597 ),
 ( #895, #2550 ),
 ( #1708, #633 ),
 ( #1694, #2564 ),
 ( #1948, #1101 ),
 ( #650, #2107 ),
 ( #268, #1486 ),
 ( #1330, #24 ),
 ( #1741, #231 ),
 ( #1501, #473 ),
 ( #422, #2357 ),
 ( #439, #1278 ),
 ( #1084, #2374 ),
 ( #1965, #1931 ),
 ( #2123, #455 ),
 ( #1295, #213 ),
 ( #668, #878 ),
 ( #686, #1067 ),
 ( #1725, #1119 ),
 ( #1914, #2581 ),
 ( #7, #1472 ),
 ( #1313, #2159 ),
 ( #2392, #251 ),
 ( #1536, #55 ),
 ( #1680, #2535 ),
 ( #618, #1263 ),
 ( #2324, #408 ),
 ( #859, #198 ),
 ( #1053, #1898 ),
 ( #2757, #845 ),
 ( #2014, #487 ),
 ( #2623, #1781 ),
 ( #2002, #1769 ),
 ( #1366, #1180 ),
 ( #2455, #1342 ),
 ( #935, #304 ),
 ( #2442, #738 ),
 ( #331, #725 ),
 ( #68, #2212 ),
 ( #1153, #1793 ),
 ( #92, #80 ),
 ( #2635, #713 ),
 ( #1561, #923 ),
 ( #910, #1807 ),
 ( #2027, #2418 ),
 ( #702, #499 ),
 ( #280, #2226 ),
 ( #319, #947 ),
 ( #1573, #2612 ),
 ( #2429, #1756 ),
 ( #2189, #511 ),
 ( #962, #2407 ),
 ( #1130, #1354 ),
 ( #2239, #1550 ),
 ( #540, #1977 ),
 ( #2201, #2662 ),
 ( #292, #1990 ),
 ( #2647, #1586 ),
 ( #751, #106 ),
 ( #1142, #527 ),
 ( #1380, #1167 ),
 ( #1599, #1393 ),
 ( #2251, #2074 ),
 ( #1620, #1428 ),
 ( #1229, #165 ),
 ( #1022, #1645 ),
 ( #365, #1404 ),
 ( #342, #1866 ),
 ( #2697, #141 ),
 ( #353, #129 ),
 ( #2276, #1633 ),
 ( #1192, #997 ),
 ( #987, #976 ),
 ( #2722, #2502 ),
 ( #1216, #2038 ),
 ( #1830, #812 ),
 ( #784, #1842 ),
 ( #1204, #2685 ),
 ( #2061, #2490 ),
 ( #1659, #2291 ),
 ( #2515, #772 ),
 ( #578, #601 ),
 ( #2477, #1452 ),
 ( #389, #152 ),
 ( #552, #565 ),
 ( #1009, #1853 ),
 ( #1416, #2708 ),
 ( #2049, #1242 ),
 ( #1819, #2264 ),
 ( #796, #589 ),
 ( #1610, #1440 ),
 ( #376, #2305 ),
 ( #117, #2674 ),
 ( #763, #2467 ),
 ( #2320, #628 ),
 ( #2102, #1079 ),
 ( #663, #855 ),
 ( #2560, #2335 ),
 ( #1035, #1879 ),
 ( #468, #1926 ),
 ( #1467, #646 ),
 ( #2153, #1049 ),
 ( #1943, #1497 ),
 ( #2737, #450 ),
 ( #225, #872 ),
 ( #2087, #1720 ),
 ( #2351, #19 ),
 ( #434, #2368 ),
 ( #2576, #890 ),
 ( #825, #1704 ),
 ( #194, #1258 ),
 ( #179, #1893 ),
 ( #1308, #245 ),
 ( #681, #1096 ),
 ( #1513, #35 ),
 ( #1736, #2592 ),
 ( #2753, #1531 ) ),
 .UNSPECIFIED., .F., .F., .F. ) 
 B_SPLINE_SURFACE_WITH_KNOTS ( ( 4, 1, 1, 3, 1, 1, 3, 3, 1, 1, 3, 3, 1, 1, 3, 3, 1, 1, 3, 1, 1, 3, 3, 1, 1, 3, 1, 1, 3, 3, 1, 1, 3, 1, 1, 3, 3, 1, 1, 3, 3, 1, 1, 3, 1, 1, 3, 3, 1, 1, 3, 1, 1, 3, 3, 1, 1, 3, 1, 1, 3, 3, 1, 1, 3, 1, 1, 3, 3, 1, 1, 3, 1, 1, 3, 3, 1, 1, 3, 1, 1, 3, 3, 1, 1, 3, 1, 1, 3, 3, 1, 1, 3, 1, 1, 3, 3, 1, 1, 3, 1, 1, 3, 3, 1, 1, 3, 1, 1, 3, 3, 1, 1, 3, 1, 1, 3, 3, 1, 1, 3, 1, 1, 3, 3, 1, 1, 3, 1, 1, 3, 3, 1, 1, 3, 1, 1, 3, 3, 1, 1, 3, 1, 1, 3, 3, 1, 1, 3, 1, 1, 3, 3, 1, 1, 3, 1, 1, 3, 3, 1, 1, 3, 1, 1, 3, 3, 1, 1, 3, 1, 1, 3, 3, 1, 1, 3, 1, 1, 3, 4 ),
 ( 2, 2 ),
 ( 0.000000000000000000, 0.0006294536109973103422, 0.001258907221994620684, 0.001888360832991931026, 0.002502004313981398553, 0.003115647794970755058, 0.003729291275960111562, 0.007411108649578501684, 0.008640133253045911843, 0.009869157856513433025, 0.01109818245998084318, 0.09067882345508959663, 0.09190784805855700679, 0.09313687266202430592, 0.09436589726549171608, 0.09804771463911043927, 0.09866135812020793150, 0.09927500160130542373, 0.09988864508240291595, 0.1005180986932920906, 0.1011475523041812652, 0.1017770059150704398, 0.1055536991303038796, 0.1061831527415256771, 0.1068126063527474745, 0.1074420599639691609, 0.1081022752654681174, 0.1087624905669670738, 0.1094227058684660303, 0.1133839881644003178, 0.1140442034750164257, 0.1147044187856324227, 0.1153646340962485306, 0.1160690940892453726, 0.1167735540822422147, 0.1174780140752390567, 0.1217047740303162096, 0.1231697014085184616, 0.1246346287867207137, 0.1260995561649229657, 0.1306623560726092315, 0.1314228240790974445, 0.1321832920855855464, 0.1329437600920737594, 0.1337703380023070876, 0.1345969159125404158, 0.1354234938227737439, 0.1403829260875085749, 0.1412095039976027921, 0.1420360819076968983, 0.1428626598177911156, 0.1437640272220267468, 0.1446653946262622670, 0.1455667620304978982, 0.1509748878106337289, 0.1518762552148297251, 0.1527776226190257214, 0.1536789900232217176, 0.1546627039950299043, 0.1556464179668382020, 0.1566301319386463886, 0.1625322812263706451, 0.1635159951981931536, 0.1644997091700155512, 0.1654834231418380597, 0.1665562045331669960, 0.1676289859244959324, 0.1687017673158248687, 0.1751382565031321947, 0.1762110378944490297, 0.1772838192857657535, 0.1783566006770825885, 0.1795245750103442450, 0.1806925493436059016, 0.1818605236768675582, 0.1888681001280022587, 0.1900360744611319097, 0.1912040487942616718, 0.1923720231273913228, 0.1936409097430965565, 0.1949097963588017901, 0.1961786829745070238, 0.2037916590974824249, 0.2050605457131470244, 0.2063294323288117349, 0.2075983189444763344, 0.2089728720015234797, 0.2103474250585706251, 0.2117219781156177705, 0.2199688768934265903, 0.2213434299505240288, 0.2227179830076214673, 0.2240925360647189057, 0.2255242071488551270, 0.2269558782329914592, 0.2283875493171276805, 0.2369757976433839453, 0.2384074687274179150, 0.2398391398114518847, 0.2412708108954858544, 0.2427165779695454884, 0.2441623450436051224, 0.2456081121176647564, 0.2542810106802846359, 0.2557002813221967985, 0.2571195519641088501, 0.2585388226060210126, 0.2600277124857817146, 0.2615166023655425276, 0.2630054922453033406, 0.2717782146267323506, 0.2731889679868002574, 0.2745997213468682752, 0.2760104747069361819, 0.2775419462683107463, 0.2790734178296853107, 0.2806048893910598752, 0.2894823002261355249, 0.2908879388400087418, 0.2922935774538819587, 0.2936992160677551755, 0.2952706403390742418, 0.2968420646103933080, 0.2984134888817123743, 0.3073953505387493346, 0.3087961049884391240, 0.3101968594381289135, 0.3115976138878187029, 0.3132079625265484779, 0.3148183111652782529, 0.3164286598040080278, 0.3255104090409146611, 0.3269033114226203018, 0.3282962138043259426, 0.3296891161860315833, 0.3313392376019714813, 0.3329893590179113794, 0.3346394804338512774, 0.3438129503878315507, 0.3451909783717560520, 0.3465690063556805534, 0.3479470343396050547, 0.3496407395847853650, 0.3513344448299655642, 0.3530281500751458745, 0.3622822291253099403, 0.3636317770585618669, 0.3649813249918139046, 0.3663308729250658313, 0.3680776734307468212, 0.3698244739364278111, 0.3715712744421088010, 0.3808925026524244695, 0.3821861047498464892, 0.3834797068472685089, 0.3847733089446905286, 0.3865958816131700448, 0.3884184542816495611, 0.3902410269501290774, 0.3996141364070608937, 0.4007844299318369385, 0.4019547234566130944, 0.4031250169813891393, 0.4050854078478459686, 0.4070457987143027978, 0.4090061895807596271, 0.4184145980752570493, 0.4197322944143276890, 0.4210499907533982178, 0.4223676870924688576, 0.4241895502495418580, 0.4260114134066149694, 0.4278332765636879698, 0.4372595539106117757, 0.4388308278015952135, 0.4404021016925786514, 0.4419733755835620892, 0.4435491144156298304, 0.4451248532476975717, 0.4467005920797653129, 0.5000000000000004441 ),
 ( 0.000000000000000000, 1.000000000000000000 ),
 .UNSPECIFIED. ) 
 GEOMETRIC_REPRESENTATION_ITEM ( )  RATIONAL_B_SPLINE_SURFACE ( (
 ( 1.000000000000000000, 1.000000000000000000),
 ( 1.000000000000000000, 1.000000000000000000),
 ( 1.000000000000000000, 1.000000000000000000),
 ( 1.000000000000000000, 1.000000000000000000),
 ( 1.000000000000000000, 1.000000000000000000),
 ( 1.000000000000000000, 1.000000000000000000),
 ( 1.000000000000000000, 1.000000000000000000),
 ( 1.000000000000000000, 1.000000000000000000),
 ( 1.000000000000000000, 1.000000000000000000),
 ( 1.000000000000000000, 1.000000000000000000),
 ( 1.000000000000000000, 1.000000000000000000),
 ( 0.9999684852781937083, 0.9999684852781937083),
 ( 0.9999684852781937083, 0.9999684852781937083),
 ( 1.000000000000000000, 1.000000000000000000),
 ( 1.000000000000000000, 1.000000000000000000),
 ( 1.000000000000000000, 1.000000000000000000),
 ( 1.000000000000000000, 1.000000000000000000),
 ( 1.000000000000000000, 1.000000000000000000),
 ( 1.000000000000000000, 1.000000000000000000),
 ( 0.9179719501805744253, 0.9179719501805744253),
 ( 0.9179719501805744253, 0.9179719501805744253),
 ( 1.000000000000000000, 1.000000000000000000),
 ( 1.000000000000000000, 1.000000000000000000),
 ( 1.000000000000000000, 1.000000000000000000),
 ( 1.000000000000000000, 1.000000000000000000),
 ( 1.000000000000000000, 1.000000000000000000),
 ( 1.000000000000000000, 1.000000000000000000),
 ( 0.9999684852781937083, 0.9999684852781937083),
 ( 0.9999684852781937083, 0.9999684852781937083),
 ( 1.000000000000000000, 1.000000000000000000),
 ( 1.000000000000000000, 1.000000000000000000),
 ( 1.000000000000000000, 1.000000000000000000),
 ( 1.000000000000000000, 1.000000000000000000),
 ( 1.000000000000000000, 1.000000000000000000),
 ( 1.000000000000000000, 1.000000000000000000),
 ( 1.000000000000000000, 1.000000000000000000),
 ( 1.000000000000000000, 1.000000000000000000),
 ( 1.000000000000000000, 1.000000000000000000),
 ( 1.000000000000000000, 1.000000000000000000),
 ( 1.000000000000000000, 1.000000000000000000),
 ( 0.9999799117517673697, 0.9999799117517673697),
 ( 0.9999799117517673697, 0.9999799117517673697),
 ( 1.000000000000000000, 1.000000000000000000),
 ( 1.000000000000000000, 1.000000000000000000),
 ( 1.000000000000000000, 1.000000000000000000),
 ( 1.000000000000000000, 1.000000000000000000),
 ( 1.000000000000000000, 1.000000000000000000),
 ( 1.000000000000000000, 1.000000000000000000),
 ( 1.000000000000000000, 1.000000000000000000),
 ( 1.000000000000000000, 1.000000000000000000),
 ( 1.000000000000000000, 1.000000000000000000),
 ( 1.000000000000000000, 1.000000000000000000),
 ( 1.000000000000000000, 1.000000000000000000),
 ( 0.9999935949233750287, 0.9999935949233750287),
 ( 0.9999935949233750287, 0.9999935949233750287),
 ( 1.000000000000000000, 1.000000000000000000),
 ( 1.000000000000000000, 1.000000000000000000),
 ( 1.000000000000000000, 1.000000000000000000),
 ( 1.000000000000000000, 1.000000000000000000),
 ( 1.000000000000000000, 1.000000000000000000),
 ( 1.000000000000000000, 1.000000000000000000),
 ( 1.000000000000000000, 1.000000000000000000),
 ( 1.000000000000000000, 1.000000000000000000),
 ( 1.000000000000000000, 1.000000000000000000),
 ( 1.000000000000000000, 1.000000000000000000),
 ( 1.000000000000000000, 1.000000000000000000),
 ( 0.9999999646649723184, 0.9999999646649723184),
 ( 0.9999999646649723184, 0.9999999646649723184),
 ( 1.000000000000000000, 1.000000000000000000),
 ( 1.000000000000000000, 1.000000000000000000),
 ( 1.000000000000000000, 1.000000000000000000),
 ( 1.000000000000000000, 1.000000000000000000),
 ( 1.000000000000000000, 1.000000000000000000),
 ( 1.000000000000000000, 1.000000000000000000),
 ( 0.9999952472409283644, 0.9999952472409283644),
 ( 0.9999952472409283644, 0.9999952472409283644),
 ( 1.000000000000000000, 1.000000000000000000),
 ( 1.000000000000000000, 1.000000000000000000),
 ( 1.000000000000000000, 1.000000000000000000),
 ( 1.000000000000000000, 1.000000000000000000),
 ( 1.000000000000000000, 1.000000000000000000),
 ( 1.000000000000000000, 1.000000000000000000),
 ( 1.000000000000000000, 1.000000000000000000),
 ( 1.000000000000000000, 1.000000000000000000),
 ( 1.000000000000000000, 1.000000000000000000),
 ( 1.000000000000000000, 1.000000000000000000),
 ( 1.000000000000000000, 1.000000000000000000),
 ( 0.9999810756281709567, 0.9999810756281709567),
 ( 0.9999810756281709567, 0.9999810756281709567),
 ( 1.000000000000000000, 1.000000000000000000),
 ( 1.000000000000000000, 1.000000000000000000),
 ( 1.000000000000000000, 1.000000000000000000),
 ( 1.000000000000000000, 1.000000000000000000),
 ( 1.000000000000000000, 1.000000000000000000),
 ( 1.000000000000000000, 1.000000000000000000),
 ( 1.000000000000000000, 1.000000000000000000),
 ( 1.000000000000000000, 1.000000000000000000),
 ( 1.000000000000000000, 1.000000000000000000),
 ( 1.000000000000000000, 1.000000000000000000),
 ( 1.000000000000000000, 1.000000000000000000),
 ( 0.9999612219496050169, 0.9999612219496050169),
 ( 0.9999612219496050169, 0.9999612219496050169),
 ( 1.000000000000000000, 1.000000000000000000),
 ( 1.000000000000000000, 1.000000000000000000),
 ( 1.000000000000000000, 1.000000000000000000),
 ( 1.000000000000000000, 1.000000000000000000),
 ( 1.000000000000000000, 1.000000000000000000),
 ( 1.000000000000000000, 1.000000000000000000),
 ( 1.000000000000000000, 1.000000000000000000),
 ( 1.000000000000000000, 1.000000000000000000),
 ( 1.000000000000000000, 1.000000000000000000),
 ( 1.000000000000000000, 1.000000000000000000),
 ( 1.000000000000000000, 1.000000000000000000),
 ( 0.9999392139473748387, 0.9999392139473748387),
 ( 0.9999392139473748387, 0.9999392139473748387),
 ( 1.000000000000000000, 1.000000000000000000),
 ( 1.000000000000000000, 1.000000000000000000),
 ( 1.000000000000000000, 1.000000000000000000),
 ( 1.000000000000000000, 1.000000000000000000),
 ( 1.000000000000000000, 1.000000000000000000),
 ( 1.000000000000000000, 1.000000000000000000),
 ( 1.000000000000000000, 1.000000000000000000),
 ( 1.000000000000000000, 1.000000000000000000),
 ( 1.000000000000000000, 1.000000000000000000),
 ( 1.000000000000000000, 1.000000000000000000),
 ( 1.000000000000000000, 1.000000000000000000),
 ( 0.9999174904647635254, 0.9999174904647635254),
 ( 0.9999174904647635254, 0.9999174904647635254),
 ( 1.000000000000000000, 1.000000000000000000),
 ( 1.000000000000000000, 1.000000000000000000),
 ( 1.000000000000000000, 1.000000000000000000),
 ( 1.000000000000000000, 1.000000000000000000),
 ( 1.000000000000000000, 1.000000000000000000),
 ( 1.000000000000000000, 1.000000000000000000),
 ( 1.000000000000000000, 1.000000000000000000),
 ( 1.000000000000000000, 1.000000000000000000),
 ( 1.000000000000000000, 1.000000000000000000),
 ( 1.000000000000000000, 1.000000000000000000),
 ( 1.000000000000000000, 1.000000000000000000),
 ( 0.9998974320300959562, 0.9998974320300959562),
 ( 0.9998974320300959562, 0.9998974320300959562),
 ( 1.000000000000000000, 1.000000000000000000),
 ( 1.000000000000000000, 1.000000000000000000),
 ( 1.000000000000000000, 1.000000000000000000),
 ( 1.000000000000000000, 1.000000000000000000),
 ( 1.000000000000000000, 1.000000000000000000),
 ( 1.000000000000000000, 1.000000000000000000),
 ( 1.000000000000000000, 1.000000000000000000),
 ( 1.000000000000000000, 1.000000000000000000),
 ( 1.000000000000000000, 1.000000000000000000),
 ( 1.000000000000000000, 1.000000000000000000),
 ( 1.000000000000000000, 1.000000000000000000),
 ( 0.9998796623900645386, 0.9998796623900645386),
 ( 0.9998796623900645386, 0.9998796623900645386),
 ( 1.000000000000000000, 1.000000000000000000),
 ( 1.000000000000000000, 1.000000000000000000),
 ( 1.000000000000000000, 1.000000000000000000),
 ( 1.000000000000000000, 1.000000000000000000),
 ( 1.000000000000000000, 1.000000000000000000),
 ( 1.000000000000000000, 1.000000000000000000),
 ( 1.000000000000000000, 1.000000000000000000),
 ( 1.000000000000000000, 1.000000000000000000),
 ( 1.000000000000000000, 1.000000000000000000),
 ( 1.000000000000000000, 1.000000000000000000),
 ( 1.000000000000000000, 1.000000000000000000),
 ( 0.9998643425550017838, 0.9998643425550017838),
 ( 0.9998643425550017838, 0.9998643425550017838),
 ( 1.000000000000000000, 1.000000000000000000),
 ( 1.000000000000000000, 1.000000000000000000),
 ( 1.000000000000000000, 1.000000000000000000),
 ( 1.000000000000000000, 1.000000000000000000),
 ( 1.000000000000000000, 1.000000000000000000),
 ( 1.000000000000000000, 1.000000000000000000),
 ( 1.000000000000000000, 1.000000000000000000),
 ( 1.000000000000000000, 1.000000000000000000),
 ( 1.000000000000000000, 1.000000000000000000),
 ( 1.000000000000000000, 1.000000000000000000),
 ( 1.000000000000000000, 1.000000000000000000),
 ( 0.9994480436684125557, 0.9994480436684125557),
 ( 0.9994480436684125557, 0.9994480436684125557),
 ( 1.000000000000000000, 1.000000000000000000),
 ( 1.000000000000000000, 1.000000000000000000),
 ( 1.000000000000000000, 1.000000000000000000),
 ( 1.000000000000000000, 1.000000000000000000),
 ( 1.000000000000000000, 1.000000000000000000),
 ( 1.000000000000000000, 1.000000000000000000),
 ( 1.000000000000000000, 1.000000000000000000),
 ( 1.000000000000000000, 1.000000000000000000),
 ( 1.000000000000000000, 1.000000000000000000),
 ( 1.000000000000000000, 1.000000000000000000),
 ( 1.000000000000000000, 1.000000000000000000),
 ( 0.9994762600386840612, 0.9994762600386840612),
 ( 0.9994762600386840612, 0.9994762600386840612),
 ( 1.000000000000000000, 1.000000000000000000),
 ( 1.000000000000000000, 1.000000000000000000),
 ( 1.000000000000000000, 1.000000000000000000),
 ( 1.000000000000000000, 1.000000000000000000),
 ( 1.000000000000000000, 1.000000000000000000),
 ( 1.000000000000000000, 1.000000000000000000),
 ( 1.000000000000000000, 1.000000000000000000),
 ( 1.000000000000000000, 1.000000000000000000),
 ( 1.000000000000000000, 1.000000000000000000),
 ( 1.000000000000000000, 1.000000000000000000),
 ( 1.000000000000000000, 1.000000000000000000),
 ( 0.9995022737163351545, 0.9995022737163351545),
 ( 0.9995022737163351545, 0.9995022737163351545),
 ( 1.000000000000000000, 1.000000000000000000),
 ( 1.000000000000000000, 1.000000000000000000),
 ( 1.000000000000000000, 1.000000000000000000),
 ( 1.000000000000000000, 1.000000000000000000),
 ( 1.000000000000000000, 1.000000000000000000),
 ( 1.000000000000000000, 1.000000000000000000),
 ( 1.000000000000000000, 1.000000000000000000),
 ( 1.000000000000000000, 1.000000000000000000),
 ( 1.000000000000000000, 1.000000000000000000),
 ( 1.000000000000000000, 1.000000000000000000),
 ( 1.000000000000000000, 1.000000000000000000),
 ( 0.9995256028155401484, 0.9995256028155401484),
 ( 0.9995256028155401484, 0.9995256028155401484),
 ( 1.000000000000000000, 1.000000000000000000),
 ( 1.000000000000000000, 1.000000000000000000),
 ( 1.000000000000000000, 1.000000000000000000),
 ( 1.000000000000000000, 1.000000000000000000),
 ( 1.000000000000000000, 1.000000000000000000),
 ( 1.000000000000000000, 1.000000000000000000),
 ( 1.000000000000000000, 1.000000000000000000),
 ( 1.000000000000000000, 1.000000000000000000),
 ( 1.000000000000000000, 1.000000000000000000),
 ( 1.000000000000000000, 1.000000000000000000),
 ( 1.000000000000000000, 1.000000000000000000),
 ( 0.9995460358774241882, 0.9995460358774241882),
 ( 0.9995460358774241882, 0.9995460358774241882),
 ( 1.000000000000000000, 1.000000000000000000),
 ( 1.000000000000000000, 1.000000000000000000),
 ( 1.000000000000000000, 1.000000000000000000),
 ( 1.000000000000000000, 1.000000000000000000),
 ( 1.000000000000000000, 1.000000000000000000),
 ( 1.000000000000000000, 1.000000000000000000),
 ( 1.000000000000000000, 1.000000000000000000),
 ( 1.000000000000000000, 1.000000000000000000),
 ( 1.000000000000000000, 1.000000000000000000),
 ( 1.000000000000000000, 1.000000000000000000),
 ( 1.000000000000000000, 1.000000000000000000),
 ( 0.9995635405903940951, 0.9995635405903940951),
 ( 0.9995635405903940951, 0.9995635405903940951),
 ( 1.000000000000000000, 1.000000000000000000),
 ( 1.000000000000000000, 1.000000000000000000),
 ( 1.000000000000000000, 1.000000000000000000),
 ( 1.000000000000000000, 1.000000000000000000),
 ( 1.000000000000000000, 1.000000000000000000),
 ( 1.000000000000000000, 1.000000000000000000),
 ( 1.000000000000000000, 1.000000000000000000),
 ( 1.000000000000000000, 1.000000000000000000),
 ( 1.000000000000000000, 1.000000000000000000),
 ( 1.000000000000000000, 1.000000000000000000),
 ( 1.000000000000000000, 1.000000000000000000),
 ( 0.9995781902139979636, 0.9995781902139979636),
 ( 0.9995781902139979636, 0.9995781902139979636),
 ( 1.000000000000000000, 1.000000000000000000),
 ( 1.000000000000000000, 1.000000000000000000),
 ( 1.000000000000000000, 1.000000000000000000),
 ( 1.000000000000000000, 1.000000000000000000),
 ( 1.000000000000000000, 1.000000000000000000),
 ( 1.000000000000000000, 1.000000000000000000),
 ( 1.000000000000000000, 1.000000000000000000),
 ( 1.000000000000000000, 1.000000000000000000),
 ( 1.000000000000000000, 1.000000000000000000),
 ( 1.000000000000000000, 1.000000000000000000),
 ( 1.000000000000000000, 1.000000000000000000),
 ( 0.9995901096559622889, 0.9995901096559622889),
 ( 0.9995901096559622889, 0.9995901096559622889),
 ( 1.000000000000000000, 1.000000000000000000),
 ( 1.000000000000000000, 1.000000000000000000),
 ( 1.000000000000000000, 1.000000000000000000),
 ( 1.000000000000000000, 1.000000000000000000),
 ( 1.000000000000000000, 1.000000000000000000),
 ( 1.000000000000000000, 1.000000000000000000),
 ( 1.000000000000000000, 1.000000000000000000),
 ( 1.000000000000000000, 1.000000000000000000),
 ( 1.000000000000000000, 1.000000000000000000),
 ( 1.000000000000000000, 1.000000000000000000),
 ( 1.000000000000000000, 1.000000000000000000),
 ( 0.9995994386224307249, 0.9995994386224307249),
 ( 0.9995994386224307249, 0.9995994386224307249),
 ( 1.000000000000000000, 1.000000000000000000),
 ( 1.000000000000000000, 1.000000000000000000),
 ( 1.000000000000000000, 1.000000000000000000),
 ( 1.000000000000000000, 1.000000000000000000),
 ( 1.000000000000000000, 1.000000000000000000),
 ( 1.000000000000000000, 1.000000000000000000),
 ( 1.000000000000000000, 1.000000000000000000),
 ( 1.000000000000000000, 1.000000000000000000),
 ( 1.000000000000000000, 1.000000000000000000),
 ( 1.000000000000000000, 1.000000000000000000),
 ( 1.000000000000000000, 1.000000000000000000),
 ( 0.9996063078272394709, 0.9996063078272394709),
 ( 0.9996063078272394709, 0.9996063078272394709),
 ( 1.000000000000000000, 1.000000000000000000),
 ( 1.000000000000000000, 1.000000000000000000),
 ( 1.000000000000000000, 1.000000000000000000),
 ( 1.000000000000000000, 1.000000000000000000),
 ( 1.000000000000000000, 1.000000000000000000),
 ( 1.000000000000000000, 1.000000000000000000),
 ( 1.000000000000000000, 1.000000000000000000),
 ( 1.000000000000000000, 1.000000000000000000),
 ( 1.000000000000000000, 1.000000000000000000),
 ( 1.000000000000000000, 1.000000000000000000),
 ( 1.000000000000000000, 1.000000000000000000),
 ( 0.9996108244030065260, 0.9996108244030065260),
 ( 0.9996108244030065260, 0.9996108244030065260),
 ( 1.000000000000000000, 1.000000000000000000),
 ( 1.000000000000000000, 1.000000000000000000),
 ( 1.000000000000000000, 1.000000000000000000),
 ( 1.000000000000000000, 1.000000000000000000),
 ( 1.000000000000000000, 1.000000000000000000),
 ( 1.000000000000000000, 1.000000000000000000),
 ( 1.000000000000000000, 1.000000000000000000),
 ( 1.000000000000000000, 1.000000000000000000),
 ( 1.000000000000000000, 1.000000000000000000),
 ( 1.000000000000000000, 1.000000000000000000),
 ( 1.000000000000000000, 1.000000000000000000),
 ( 0.9996136474098020752, 0.9996136474098020752),
 ( 0.9996136474098020752, 0.9996136474098020752),
 ( 1.000000000000000000, 1.000000000000000000),
 ( 1.000000000000000000, 1.000000000000000000),
 ( 1.000000000000000000, 1.000000000000000000),
 ( 1.000000000000000000, 1.000000000000000000),
 ( 1.000000000000000000, 1.000000000000000000),
 ( 1.000000000000000000, 1.000000000000000000),
 ( 1.000000000000000000, 1.000000000000000000),
 ( 1.000000000000000000, 1.000000000000000000),
 ( 1.000000000000000000, 1.000000000000000000),
 ( 1.000000000000000000, 1.000000000000000000),
 ( 1.000000000000000000, 1.000000000000000000),
 ( 0.9789796081607701206, 0.9789796081607701206),
 ( 0.9633359170819417727, 0.9633359170819417727),
 ( 0.9530689267635148454, 0.9530689267635148454) ) ) 
 REPRESENTATION_ITEM ( '' )  SURFACE ( )  );
#1110 = CARTESIAN_POINT ( 'NONE',  ( 35.96228319995660883, -19.99999999999996092, -93.90668538692479217 ) ) ;
#1111 = CARTESIAN_POINT ( 'NONE',  ( -15.37318809960927624, 0.000000000000000000, -122.7421592891669206 ) ) ;
#1112 = CARTESIAN_POINT ( 'NONE',  ( 50.91145352320522477, -20.00000000000012790, -49.93212253141489754 ) ) ;
#1113 = CARTESIAN_POINT ( 'NONE',  ( -112.6564796893077300, -20.00000000000001776, 49.78941588558322451 ) ) ;
#1114 = CARTESIAN_POINT ( 'NONE',  ( -118.7983679148496066, 0.000000000000000000, 40.58235565491597185 ) ) ;
#1115 = DIRECTION ( 'NONE',  ( 0.000000000000000000, -0.000000000000000000, -1.000000000000000000 ) ) ;
#1116 = CARTESIAN_POINT ( 'NONE',  ( 51.04171512261805788, 0.000000000000000000, -23.19542283883552614 ) ) ;
#1117 = CARTESIAN_POINT ( 'NONE',  ( 49.76831680214849740, -20.00000000000012790, -7.908635213554092047 ) ) ;
#1118 = CARTESIAN_POINT ( 'NONE',  ( -32.22284460518721971, -19.99999999999996092, -122.7375199821938168 ) ) ;
#1119 = CARTESIAN_POINT ( 'NONE',  ( 9.792247895761185816, 5.551115123125782702E-14, -115.5612655792238854 ) ) ;
#1120 = CARTESIAN_POINT ( 'NONE',  ( 47.54017579123219406, 0.000000000000000000, -68.11600439720524491 ) ) ;
#1121 = CARTESIAN_POINT ( 'NONE',  ( 40.43645442432390524, -20.00000000000012790, -86.86599483055951509 ) ) ;
#1122 = CARTESIAN_POINT ( 'NONE',  ( 9.484185590923500442, 0.000000000000000000, 52.98469153336755255 ) ) ;
#1123 = CARTESIAN_POINT ( 'NONE',  ( -80.06387561704414679, -20.00000000000000355, 74.13295720953044565 ) ) ;
#1124 = CARTESIAN_POINT ( 'NONE',  ( 51.58137804748420052, -19.99999999999997158, -39.42609392346017216 ) ) ;
#1125 = CARTESIAN_POINT ( 'NONE',  ( -37.85265994069385442, 7.632783294297951215E-14, 75.90562749205517434 ) ) ;
#1126 = CARTESIAN_POINT ( 'NONE',  ( 34.77191147670843918, -19.99999999999996092, -95.48880209419294829 ) ) ;
#1127 = CARTESIAN_POINT ( 'NONE',  ( -116.0721812216613529, 7.632783294297951215E-14, 45.01585746635308993 ) ) ;
#1128 = CARTESIAN_POINT ( 'NONE',  ( -129.4518692242762370, 0.000000000000000000, 2.817679880413296978 ) ) ;
#1129 = CARTESIAN_POINT ( 'NONE',  ( 49.52745485144710358, 7.286068217515526290E-14, -2.567840970618994412 ) ) ;
#1130 = CARTESIAN_POINT ( 'NONE',  ( -19.31966003766020279, -20.00000000000012790, -123.0456202856809682 ) ) ;
#1131 = CARTESIAN_POINT ( 'NONE',  ( 44.80581018794283210, 0.000000000000000000, -76.99464947145492033 ) ) ;
#1132 = CARTESIAN_POINT ( 'NONE',  ( 43.61612403932378612, -20.00000000000012790, -80.16830021056745181 ) ) ;
#1133 = CARTESIAN_POINT ( 'NONE',  ( 5.807865519963151257, 0.000000000000000000, 55.54385358363959568 ) ) ;
#1134 = CARTESIAN_POINT ( 'NONE',  ( -68.22578163420838848, 0.000000000000000000, 77.39108860981959026 ) ) ;
#1135 = CARTESIAN_POINT ( 'NONE',  ( -39.44898702700189830, -19.99999999999993605, 76.29720836280768026 ) ) ;
#1136 = CARTESIAN_POINT ( 'NONE',  ( 50.84197167677016438, -19.99999999999996092, -50.56971688759801253 ) ) ;
#1137 = CARTESIAN_POINT ( 'NONE',  ( -28.92163404090119272, -20.00000000000001776, 73.34677835327282480 ) ) ;
#1138 = CARTESIAN_POINT ( 'NONE',  ( 34.59749925276162941, -19.99999999999996092, -95.71145274398466540 ) ) ;
#1139 = CARTESIAN_POINT ( 'NONE',  ( -110.9674427789724120, -20.00000000000001776, 51.89615792779741099 ) ) ;
#1140 = CARTESIAN_POINT ( 'NONE',  ( -112.6564796893077300, 0.000000000000000000, 49.78941588558322451 ) ) ;
#1141 = CARTESIAN_POINT ( 'NONE',  ( 51.14709905342319729, 5.551115123125782702E-14, -24.59488857217514735 ) ) ;
#1142 = CARTESIAN_POINT ( 'NONE',  ( -23.55762124238911071, -20.00000000000012790, -123.1755312437156249 ) ) ;
#1143 = CARTESIAN_POINT ( 'NONE',  ( 49.54646314728117318, 0.000000000000000000, -59.25950730359811303 ) ) ;
#1144 = CARTESIAN_POINT ( 'NONE',  ( 13.40923187942971850, 7.632783294297951215E-14, 50.22569244401820043 ) ) ;
#1145 = CARTESIAN_POINT ( 'NONE',  ( -8.353309885965673587, 0.000000000000000000, 64.38383071306036243 ) ) ;
#1146 = CARTESIAN_POINT ( 'NONE',  ( -80.06387561704414679, 0.000000000000000000, 74.13295720953044565 ) ) ;
#1147 = CARTESIAN_POINT ( 'NONE',  ( -57.88817428785220187, -19.99999999999996092, 78.44937974168955463 ) ) ;
#1148 = CARTESIAN_POINT ( 'NONE',  ( -27.00533910110357283, -20.00000000000001776, 72.69872668113406178 ) ) ;
#1149 = CARTESIAN_POINT ( 'NONE',  ( -10.87303857892230852, -19.99999999999996092, -122.1054868595228271 ) ) ;
#1150 = CARTESIAN_POINT ( 'NONE',  ( -111.1829728514031927, -20.00000000000001776, 51.63641580393029074 ) ) ;
#1151 = CARTESIAN_POINT ( 'NONE',  ( -128.3033947512872146, 0.000000000000000000, 14.01781071032383785 ) ) ;
#1152 = CARTESIAN_POINT ( 'NONE',  ( 50.11091833051023769, -20.00000000000012790, -12.45146762077314229 ) ) ;
#1153 = CARTESIAN_POINT ( 'NONE',  ( -8.380125966729714548, -20.00000000000012790, -121.6486729768819544 ) ) ;
#1154 = CARTESIAN_POINT ( 'NONE',  ( 47.86011320911337208, 0.000000000000000000, -66.89280932137918967 ) ) ;
#1155 = CARTESIAN_POINT ( 'NONE',  ( 13.30155241857413628, 7.632783294297951215E-14, 50.30128971157188289 ) ) ;
#1156 = CARTESIAN_POINT ( 'NONE',  ( 4.807464854519189146, 0.000000000000000000, 56.22870069804061899 ) ) ;
#1157 = CARTESIAN_POINT ( 'NONE',  ( -103.4255272144312698, 0.000000000000000000, 59.77615962320127352 ) ) ;
#1158 = CARTESIAN_POINT ( 'NONE',  ( 49.05935631923019002, 5.551115123125782702E-14, -61.72025897501367808 ) ) ;
#1159 = CARTESIAN_POINT ( 'NONE',  ( -74.97161444849950840, -19.99999999999996092, 75.80414773897172154 ) ) ;
#1160 = CARTESIAN_POINT ( 'NONE',  ( -14.87040112620456256, -20.00000000000000000, 67.72318329009642923 ) ) ;
#1161 = CARTESIAN_POINT ( 'NONE',  ( 25.06976616508368139, -19.99999999999996092, 42.68415153795506001 ) ) ;
#1162 = CARTESIAN_POINT ( 'NONE',  ( 18.53755701006575407, -19.99999999999996092, -110.5579486497398847 ) ) ;
#1163 = CARTESIAN_POINT ( 'NONE',  ( -52.75018560783173172, -19.99999999999996092, -117.8480569688450004 ) ) ;
#1164 = CARTESIAN_POINT ( 'NONE',  ( -80.06387561704414679, -20.00000000000006040, 74.13295720953045986 ) ) ;
#1165 = CARTESIAN_POINT ( 'NONE',  ( -118.9696084491365866, 0.000000000000000000, 40.27928763494469422 ) ) ;
#1166 = CARTESIAN_POINT ( 'NONE',  ( 50.47457959439152830, 9.020562393821217963E-14, -16.56759150953199011 ) ) ;
#1167 = CARTESIAN_POINT ( 'NONE',  ( -24.25383301481175735, 5.551115123125782702E-14, -123.1735823698482903 ) ) ;
#1168 = ORIENTED_EDGE ( 'NONE', *, *, #505, .F. ) ;
#1169 = CARTESIAN_POINT ( 'NONE',  ( 16.87487507180183144, 7.632783294297951215E-14, 47.83524323923181498 ) ) ;
#1170 = CARTESIAN_POINT ( 'NONE',  ( -5.963642856679958193, 0.000000000000000000, 63.03409649068042597 ) ) ;
#1171 = CARTESIAN_POINT ( 'NONE',  ( -85.91370299552444578, 0.000000000000000000, 71.60633161112411926 ) ) ;
#1172 = CARTESIAN_POINT ( 'NONE',  ( -45.92699257212385788, -19.99999999999996092, 77.60054074431145921 ) ) ;
#1173 = CARTESIAN_POINT ( 'NONE',  ( -11.47182980617785653, 7.632783294297951215E-14, 66.03483937871716591 ) ) ;
#1174 = CARTESIAN_POINT ( 'NONE',  ( 20.87580815393824096, -19.99999999999996092, 45.21099605415143685 ) ) ;
#1175 = CARTESIAN_POINT ( 'NONE',  ( 12.07152312242263115, -19.99999999999996092, -114.4088541446789122 ) ) ;
#1176 = CARTESIAN_POINT ( 'NONE',  ( -23.55762124238911071, -19.99999999999996092, -123.1755312437156249 ) ) ;
#1177 = CARTESIAN_POINT ( 'NONE',  ( -93.04521254587753276, -20.00000000000001776, 67.65867275877339182 ) ) ;
#1178 = CARTESIAN_POINT ( 'NONE',  ( -109.9028091002120107, 0.000000000000000000, 53.15380114543378909 ) ) ;
#1179 = CARTESIAN_POINT ( 'NONE',  ( 50.70670384260639452, -20.00000000000012790, -19.15106108192119905 ) ) ;
#1180 = CARTESIAN_POINT ( 'NONE',  ( -1.830733667611416315, 5.551115123125782702E-14, -120.0383396971682401 ) ) ;
#1181 = EDGE_LOOP ( 'NONE', ( #130, #739 ) ) ;
#1182 = CARTESIAN_POINT ( 'NONE',  ( 12.61222662111836357, 7.632783294297951215E-14, 50.78533904703667901 ) ) ;
#1183 = PERSON_AND_ORGANIZATION ( #523, #955 ) ;
#1184 = CARTESIAN_POINT ( 'NONE',  ( -75.51059716021592294, 0.000000000000000000, 75.64398578034990805 ) ) ;
#1185 = CARTESIAN_POINT ( 'NONE',  ( -54.43947350759615489, -19.99999999999996092, 78.43859188351987655 ) ) ;
#1186 = CARTESIAN_POINT ( 'NONE',  ( -20.24750900356831096, 7.632783294297951215E-14, 70.11633915912553050 ) ) ;
#1187 = CARTESIAN_POINT ( 'NONE',  ( -45.54472912241198657, 0.000000000000000000, -120.2110751163697273 ) ) ;
#1188 = CARTESIAN_POINT ( 'NONE',  ( -0.8856510321941735153, -19.99999999999996092, -119.7547863644266641 ) ) ;
#1189 = CARTESIAN_POINT ( 'NONE',  ( -41.46018906097607726, -19.99999999999996092, -121.2297091130487559 ) ) ;
#1190 = CARTESIAN_POINT ( 'NONE',  ( -83.33667901593418037, 7.632783294297951215E-14, 72.78583814852792955 ) ) ;
#1191 = CARTESIAN_POINT ( 'NONE',  ( 51.60309703354861455, 5.551115123125782702E-14, -37.66188467640114368 ) ) ;
#1192 = CARTESIAN_POINT ( 'NONE',  ( -33.56192751471936475, -20.00000000000012790, -122.5880874016560114 ) ) ;
#1193 = VERTEX_POINT ( 'NONE', #1105 ) ;
#1194 = CARTESIAN_POINT ( 'NONE',  ( 12.26760969666340628, -20.00000000000001776, 51.02742916898561987 ) ) ;
#1195 = CARTESIAN_POINT ( 'NONE',  ( 16.54838941662214680, 0.000000000000000000, 48.05704554464010414 ) ) ;
#1196 = CARTESIAN_POINT ( 'NONE',  ( 27.75431474961860445, -20.00000000000012790, -103.2160882854444850 ) ) ;
#1197 = CARTESIAN_POINT ( 'NONE',  ( -10.60188634929150986, -19.99999999999996092, 65.58323180723385804 ) ) ;
#1198 = CARTESIAN_POINT ( 'NONE',  ( -23.48602201923717558, 6.592625400915578039E-14, 71.42070930769716597 ) ) ;
#1199 = CARTESIAN_POINT ( 'NONE',  ( -32.84024468456922818, 0.000000000000000000, -122.6708730619252066 ) ) ;
#1200 = CARTESIAN_POINT ( 'NONE',  ( -126.8782094281515924, -19.99999999999996092, 20.66264512997127767 ) ) ;
#1201 = CARTESIAN_POINT ( 'NONE',  ( -77.52538958140971204, -20.00000000000001776, 75.00927806677137255 ) ) ;
#1202 = CARTESIAN_POINT ( 'NONE',  ( 39.44085560190718098, 0.000000000000000000, -88.61680816732391008 ) ) ;
#1203 = CARTESIAN_POINT ( 'NONE',  ( 51.51842810245634752, 5.551115123125782702E-14, -31.45722471381438723 ) ) ;
#1204 = CARTESIAN_POINT ( 'NONE',  ( -41.23241196420706700, -20.00000000000012790, -121.2797746702288180 ) ) ;
#1205 = ORIENTED_EDGE ( 'NONE', *, *, #138, .F. ) ;
#1206 = CARTESIAN_POINT ( 'NONE',  ( 20.34646017237346172, -20.00000000000012790, 45.54737814320932188 ) ) ;
#1207 = COORDINATED_UNIVERSAL_TIME_OFFSET ( 8, 0, .AHEAD. ) ;
#1208 = CARTESIAN_POINT ( 'NONE',  ( 31.77782786964397843, 7.636584222983149263E-14, -99.11423479029922134 ) ) ;
#1209 = CARTESIAN_POINT ( 'NONE',  ( -11.99568713701364686, -19.99999999999996092, 66.30211285429210477 ) ) ;
#1210 = CARTESIAN_POINT ( 'NONE',  ( -19.60383248577016246, -20.00000000000001776, 69.84562531224278814 ) ) ;
#1211 = CARTESIAN_POINT ( 'NONE',  ( -41.23241196420706700, 0.000000000000000000, -121.2797746702288180 ) ) ;
#1212 = CARTESIAN_POINT ( 'NONE',  ( -125.7181023157574771, -19.99999999999996092, 24.70927758410383746 ) ) ;
#1213 = CARTESIAN_POINT ( 'NONE',  ( -85.63107712986871434, 7.632783294297951215E-14, 71.74118813793576521 ) ) ;
#1214 = CARTESIAN_POINT ( 'NONE',  ( 30.59522651820464390, 0.000000000000000000, -100.4029381557891867 ) ) ;
#1215 = CARTESIAN_POINT ( 'NONE',  ( 51.59698974769748503, -20.00000000000012790, -34.86910438421589475 ) ) ;
#1216 = CARTESIAN_POINT ( 'NONE',  ( -35.72137456326715466, -20.00000000000012790, -122.2939593457911513 ) ) ;
#1217 = ORIENTED_EDGE ( 'NONE', *, *, #505, .T. ) ;
#1218 = CARTESIAN_POINT ( 'NONE',  ( 20.66386109505323887, 5.551115123125782702E-14, 45.34521947871697733 ) ) ;
#1219 = CARTESIAN_POINT ( 'NONE',  ( 13.94824710662830469, 0.000000000000000000, 49.84858612404512002 ) ) ;
#1220 = CARTESIAN_POINT ( 'NONE',  ( 33.48283189665496451, -20.00000000000012790, -97.09970239047501650 ) ) ;
#1221 = CARTESIAN_POINT ( 'NONE',  ( -0.2682689708017798602, -19.99999999999996092, 59.57803667443895534 ) ) ;
#1222 = CARTESIAN_POINT ( 'NONE',  ( -5.327846296278016425, 7.632783294297951215E-14, 62.66552467598075538 ) ) ;
#1223 = CARTESIAN_POINT ( 'NONE',  ( -52.75018560783173172, 0.000000000000000000, -117.8480569688450004 ) ) ;
#1224 = CARTESIAN_POINT ( 'NONE',  ( -126.0603109557135753, -19.99999999999996092, 23.59448828656127617 ) ) ;
#1225 = CARTESIAN_POINT ( 'NONE',  ( -63.34443353004982669, -20.00000000000001776, 78.09759352273987076 ) ) ;
#1226 = APPROVAL_PERSON_ORGANIZATION ( #877, #1306, #2091 ) ;
#1227 = CARTESIAN_POINT ( 'NONE',  ( 25.50749373707376222, 0.000000000000000000, -105.2456952650657200 ) ) ;
#1228 = CARTESIAN_POINT ( 'NONE',  ( 51.60697595736790078, -20.00000000000012790, -36.30605828324158324 ) ) ;
#1229 = CARTESIAN_POINT ( 'NONE',  ( -30.16909703282262711, -20.00000000000012790, -122.9254475656117052 ) ) ;
#1230 = CARTESIAN_POINT ( 'NONE',  ( 49.86397337730661405, 0.000000000000000000, -9.303551122066266998 ) ) ;
#1231 = CARTESIAN_POINT ( 'NONE',  ( 23.16798333883458838, -20.00000000000011013, 43.79663067305767044 ) ) ;
#1232 = CARTESIAN_POINT ( 'NONE',  ( 16.22228317437934919, 0.000000000000000000, 48.27940352159782122 ) ) ;
#1233 = CARTESIAN_POINT ( 'NONE',  ( 27.32625277886246451, -20.00000000000012790, -103.6167588198287035 ) ) ;
#1234 = CARTESIAN_POINT ( 'NONE',  ( -7.156191635272812768, -19.99999999999996092, 63.71297257456365060 ) ) ;
#1235 = CARTESIAN_POINT ( 'NONE',  ( -0.2682689708017798602, 7.632783294297951215E-14, 59.57803667443895534 ) ) ;
#1236 = CARTESIAN_POINT ( 'NONE',  ( -129.5000000000002274, -19.99999999999996092, -0.3140109813921551640 ) ) ;
#1237 = CARTESIAN_POINT ( 'NONE',  ( 51.11050652135115513, -19.99999999999996092, -24.10208743479802251 ) ) ;
#1238 = CARTESIAN_POINT ( 'NONE',  ( -65.30977265023543055, -20.00000000000001776, 77.85775972433361858 ) ) ;
#1239 = CARTESIAN_POINT ( 'NONE',  ( 34.04553329087870139, 0.000000000000000000, -96.40977019935317571 ) ) ;
#1240 = CARTESIAN_POINT ( 'NONE',  ( 51.33968084773972862, 3.469512610300317148E-14, -27.55357721710938179 ) ) ;
#1241 = CARTESIAN_POINT ( 'NONE',  ( -121.8717491532040214, -20.00000000000001776, 34.63639759781418093 ) ) ;
#1242 = CARTESIAN_POINT ( 'NONE',  ( -46.67105423220181848, 5.551115123125782702E-14, -119.8870579116000101 ) ) ;
#1243 = CARTESIAN_POINT ( 'NONE',  ( 25.49029846729136040, 0.000000000000000000, 42.43294320460533697 ) ) ;
#1244 = CARTESIAN_POINT ( 'NONE',  ( 20.02967353960259800, 7.632783294297951215E-14, 45.75049248394338974 ) ) ;
#1245 = CARTESIAN_POINT ( 'NONE',  ( -129.4977286896949238, -20.00000000000001776, 0.9393636428174244601 ) ) ;
#1246 = DATE_TIME_ROLE ( 'classification_date' ) ;
#1247 = CARTESIAN_POINT ( 'NONE',  ( 27.54906536193227140, 5.551115123125782702E-14, -103.4082038842701650 ) ) ;
#1248 = ADVANCED_FACE ( 'NONE', ( #2327 ), #1952, .F. ) ;
#1249 = CARTESIAN_POINT ( 'NONE',  ( -37.58662798476806444, 0.000000000000000000, 75.84036954721234736 ) ) ;
#1250 = CARTESIAN_POINT ( 'NONE',  ( -5.638480805956834097, -19.99999999999996092, 62.84598133323770952 ) ) ;
#1251 = CARTESIAN_POINT ( 'NONE',  ( -5.638480805956834097, 7.632783294297951215E-14, 62.84598133323770952 ) ) ;
#1252 = CARTESIAN_POINT ( 'NONE',  ( -119.8837435865156067, -19.99999999999995026, 38.66141645026768003 ) ) ;
#1253 = CARTESIAN_POINT ( 'NONE',  ( 49.91242943906904372, -19.99999999999996092, -9.959598821137969793 ) ) ;
#1254 = CARTESIAN_POINT ( 'NONE',  ( -49.31559220099565266, 7.984134883294395533E-14, 78.09417462167117208 ) ) ;
#1255 = CARTESIAN_POINT ( 'NONE',  ( 29.16577802237477357, 0.000000000000000000, -101.8446268855277594 ) ) ;
#1256 = CARTESIAN_POINT ( 'NONE',  ( 49.54646314728117318, 5.551115123125782702E-14, -59.25950730359811303 ) ) ;
#1257 = CARTESIAN_POINT ( 'NONE',  ( -122.9453616487184746, 7.632783294297951215E-14, 32.22856187268961037 ) ) ;
#1258 = CARTESIAN_POINT ( 'NONE',  ( -65.56468234292636055, 5.551115123125782702E-14, -111.6772951104127571 ) ) ;
#1259 = CARTESIAN_POINT ( 'NONE',  ( 49.50044265339554528, 0.000000000000000000, 0.3689785969205332528 ) ) ;
#1260 = CARTESIAN_POINT ( 'NONE',  ( 20.66386109505323887, -20.00000000000012790, 45.34521947871697733 ) ) ;
#1261 = CARTESIAN_POINT ( 'NONE',  ( -126.8782094281515924, 7.632783294297951215E-14, 20.66264512997127767 ) ) ;
#1262 = DATE_AND_TIME ( #6, #808 ) ;
#1263 = CARTESIAN_POINT ( 'NONE',  ( 2.420418011890569154, 5.551115123125782702E-14, -118.6539249205416837 ) ) ;
#1264 = CARTESIAN_POINT ( 'NONE',  ( -23.48602201923717558, 0.000000000000000000, 71.42070930769716597 ) ) ;
#1265 = CARTESIAN_POINT ( 'NONE',  ( 0.000000000000000000, 0.000000000000000000, 5.000000000000000000 ) ) ;
#1266 = CARTESIAN_POINT ( 'NONE',  ( 0.9785441820457513318, 7.632783294297951215E-14, 58.77604897261603867 ) ) ;
#1267 = CARTESIAN_POINT ( 'NONE',  ( -110.9674427789724120, -19.99999999999996092, 51.89615792779741099 ) ) ;
#1268 = CARTESIAN_POINT ( 'NONE',  ( 51.14709905342319729, -19.99999999999996092, -24.59488857217514735 ) ) ;
#1269 = CARTESIAN_POINT ( 'NONE',  ( -65.58979988085833668, 7.632783294297951215E-14, 77.81803963260414037 ) ) ;
#1270 = CARTESIAN_POINT ( 'NONE',  ( -4.541226766950385851, 0.000000000000000000, -120.7995455505896132 ) ) ;
#1271 = CARTESIAN_POINT ( 'NONE',  ( 50.84197167677016438, -20.00000000000012790, -50.56971688759801253 ) ) ;
#1272 = CARTESIAN_POINT ( 'NONE',  ( -125.6475718117742417, -20.00000000000001776, 24.93157111480556054 ) ) ;
#1273 = CARTESIAN_POINT ( 'NONE',  ( -129.4977157630163447, 0.000000000000000000, -0.9420329443480879306 ) ) ;
#1274 = CARTESIAN_POINT ( 'NONE',  ( 50.14426547947343948, 0.000000000000000000, -12.84475672941776381 ) ) ;
#1275 = CARTESIAN_POINT ( 'NONE',  ( 49.80929827534748711, -20.00000000000012790, -8.534482038563785622 ) ) ;
#1276 = CARTESIAN_POINT ( 'NONE',  ( -129.3877953043125046, 2.429551529894123908E-14, 4.695768305446559765 ) ) ;
#1277 = CALENDAR_DATE ( 2025, 23, 6 ) ;
#1278 = CARTESIAN_POINT ( 'NONE',  ( 13.89835636338382763, 1.388409068686087972E-14, -113.4357447059060178 ) ) ;
#1279 = CARTESIAN_POINT ( 'NONE',  ( 44.24054334592742777, 5.551115123125782702E-14, -78.57421265901723473 ) ) ;
#1280 = CARTESIAN_POINT ( 'NONE',  ( -17.39640560672453873, 0.000000000000000000, 68.88221302896101861 ) ) ;
#1281 = CARTESIAN_POINT ( 'NONE',  ( 13.94824710662830469, -19.99999999999996092, 49.84858612404512002 ) ) ;
#1282 = CARTESIAN_POINT ( 'NONE',  ( -0.2682689708017798602, -20.00000000000001776, 59.57803667443895534 ) ) ;
#1283 = CARTESIAN_POINT ( 'NONE',  ( -88.15072787745076255, -19.99999999999996092, 70.47844636153047304 ) ) ;
#1284 = CARTESIAN_POINT ( 'NONE',  ( 50.25021244593059322, -19.99999999999996092, -14.05066406785236133 ) ) ;
#1285 = CARTESIAN_POINT ( 'NONE',  ( -67.93388461167023706, -20.00000000000001776, 77.44427978224626941 ) ) ;
#1286 = CARTESIAN_POINT ( 'NONE',  ( 21.14100974632476948, -19.99999999999996092, -108.7314013359610385 ) ) ;
#1287 = CARTESIAN_POINT ( 'NONE',  ( 8.340899792126313272, 0.000000000000000000, -116.2458920374993170 ) ) ;
#1288 = CARTESIAN_POINT ( 'NONE',  ( 49.75510737549914353, 5.551115123125782702E-14, -58.11457446047672448 ) ) ;
#1289 = CARTESIAN_POINT ( 'NONE',  ( -122.5094215587245117, -20.00000000000001776, 33.22716381106157968 ) ) ;
#1290 = DIRECTION ( 'NONE',  ( 0.000000000000000000, 0.000000000000000000, -1.000000000000000000 ) ) ;
#1291 = CARTESIAN_POINT ( 'NONE',  ( 24.01058400007767446, 0.000000000000000000, 43.29885824951507800 ) ) ;
#1292 = CARTESIAN_POINT ( 'NONE',  ( 49.57257198614433946, -20.00000000000012790, -4.034597820128161594 ) ) ;
#1293 = CARTESIAN_POINT ( 'NONE',  ( -129.0310780333887806, 7.632783294297951215E-14, 8.801127704571324983 ) ) ;
#1294 = APPROVAL_STATUS ( 'not_yet_approved' ) ;
#1295 = CARTESIAN_POINT ( 'NONE',  ( 10.83142123908771204, -20.00000000000012790, -115.0495483197614135 ) ) ;
#1296 = CARTESIAN_POINT ( 'NONE',  ( 46.35082716652500068, 8.327802413086483168E-14, -72.31242910035031457 ) ) ;
#1297 = CARTESIAN_POINT ( 'NONE',  ( -45.36525390033200011, 0.000000000000000000, 77.50033527213430773 ) ) ;
#1298 = CARTESIAN_POINT ( 'NONE',  ( 12.38247908537872632, -19.99999999999996092, 50.94672830615156300 ) ) ;
#1299 = CARTESIAN_POINT ( 'NONE',  ( -112.8618512654651624, -19.99999999999996092, 49.52156947672241927 ) ) ;
#1300 = CARTESIAN_POINT ( 'NONE',  ( 49.21281020900265446, -19.99999999999996092, -60.97735468751677246 ) ) ;
#1301 = CARTESIAN_POINT ( 'NONE',  ( -33.51431560956927314, -20.00000000000001776, 74.75635934435723584 ) ) ;
#1302 =( BOUNDED_CURVE ( )  B_SPLINE_CURVE ( 3, ( #36, #2669, #2593, #534, #1174, #1721, #1374, #1309, #1961, #907, #891, #312, #547, #1514, #469, #99, #1161, #52, #758, #1753, #2369, #1944, #1080, #1532, #954, #2021, #1605, #451, #2436, #2388, #112, #2609, #2137, #1800, #1927, #1326, #873, #519, #2220, #2656, #745, #2449, #1387, #2233, #970, #1030, #1903, #1670, #1874, #2540, #2762, #1253, #2362, #623, #161, #2732, #850, #1044, #2748, #2525, #203, #1058, #1284, #384, #835, #1477, #2070, #2330, #1714, #1685, #820, #1462, #2113, #1653, #2315, #2082, #1699, #1447, #641, #413, #1491, #1237, #2555, #1268, #174, #2345, #1073, #428, #2717, #2299, #610, #2129, #219, #806, #399, #1888, #2097, #1920, #189, #444, #13, #866, #2570, #657, #1507, #1018, #1862, #2510, #596, #2412, #62, #274, #493, #1124, #916, #74, #2380, #2147, #1971, #707, #46, #1348, #929, #1319, #1763, #674, #2195, #286, #2166, #1336, #2617, #1136, #1983, #901, #1775, #1555, #1955, #2183, #884, #2586, #1730, #1525, #2603, #1542, #257, #2629, #719, #1937, #1747, #1300, #237, #692, #1090, #29, #2399, #461, #1107, #480, #76, #446, #2631, #1509, #2132, #2149, #1527, #288, #1922, #2364, #2382, #903, #1544, #931, #2402, #2347, #1303, #221, #463, #1092, #240, #1957, #2185, #259, #659, #48, #1321, #1749, #483, #677, #694, #276, #918, #1338, #709, #2572, #1110, #2605, #1493, #1126, #1138, #2168, #1939, #31, #1973, #868, #886, #495, #64, #1765, #2619, #2197, #1557, #1732, #2414, #1350, #2588, #1985, #1777, #430, #1075, #1716, #1286, #15, #2425, #1606, #732, #2034, #1162, #1788, #1388, #2670, #759, #1802, #2234, #1175, #2009, #125, #87, #1581, #1362, #1815, #326, #2463, #548, #1400, #101, #2247, #942, #746, #2437, #721, #1997, #338, #1188, #520, #2022, #2642, #1569, #507, #313, #113, #972, #2208, #2657, #299, #1149, #1375, #2221, #535, #956, #1594, #2450, #2023, #769, #1582, #327, #2473, #1740, #521, #114, #1176, #2222, #973, #102, #339, #2176, #249, #1100, #1617, #1118, #561, #685, #747, #2438, #126, #957, #894, #1816, #1803, #1189, #267, #1947, #2451, #733, #1376, #2158, #1964, #39, #88, #314, #984, #2596, #943, #1163, #1595, #2235, #2671, #760, #2658, #1535, #2010, #536, #1389, #2391, #1789, #1607, #2464, #549, #2643, #1401, #2035, #2248, #472, #1827, #2682, #1329, #609, #1412 ),
 .UNSPECIFIED., .F., .F. ) 
 B_SPLINE_CURVE_WITH_KNOTS ( ( 4, 1, 1, 3, 1, 1, 3, 3, 1, 1, 3, 3, 1, 1, 3, 3, 1, 1, 3, 1, 1, 3, 3, 1, 1, 3, 1, 1, 3, 3, 1, 1, 3, 1, 1, 3, 3, 1, 1, 3, 3, 1, 1, 3, 1, 1, 3, 3, 1, 1, 3, 1, 1, 3, 3, 1, 1, 3, 1, 1, 3, 3, 1, 1, 3, 1, 1, 3, 3, 1, 1, 3, 1, 1, 3, 3, 1, 1, 3, 1, 1, 3, 3, 1, 1, 3, 1, 1, 3, 3, 1, 1, 3, 1, 1, 3, 3, 1, 1, 3, 1, 1, 3, 3, 1, 1, 3, 1, 1, 3, 3, 1, 1, 3, 1, 1, 3, 3, 1, 1, 3, 1, 1, 3, 3, 1, 1, 3, 1, 1, 3, 3, 1, 1, 3, 1, 1, 3, 3, 1, 1, 3, 1, 1, 3, 3, 1, 1, 3, 1, 1, 3, 3, 1, 1, 3, 1, 1, 3, 3, 1, 1, 3, 1, 1, 3, 3, 1, 1, 3, 1, 1, 3, 3, 1, 1, 3, 1, 1, 3, 4 ),
 ( 0.000000000000000000, 0.0006294536109973103422, 0.001258907221994620684, 0.001888360832991931026, 0.002502004313981398553, 0.003115647794970755058, 0.003729291275960111562, 0.007411108649578501684, 0.008640133253045911843, 0.009869157856513433025, 0.01109818245998084318, 0.09067882345508959663, 0.09190784805855700679, 0.09313687266202430592, 0.09436589726549171608, 0.09804771463911043927, 0.09866135812020793150, 0.09927500160130542373, 0.09988864508240291595, 0.1005180986932920906, 0.1011475523041812652, 0.1017770059150704398, 0.1055536991303038796, 0.1061831527415256771, 0.1068126063527474745, 0.1074420599639691609, 0.1081022752654681174, 0.1087624905669670738, 0.1094227058684660303, 0.1133839881644003178, 0.1140442034750164257, 0.1147044187856324227, 0.1153646340962485306, 0.1160690940892453726, 0.1167735540822422147, 0.1174780140752390567, 0.1217047740303162096, 0.1231697014085184616, 0.1246346287867207137, 0.1260995561649229657, 0.1306623560726092315, 0.1314228240790974445, 0.1321832920855855464, 0.1329437600920737594, 0.1337703380023070876, 0.1345969159125404158, 0.1354234938227737439, 0.1403829260875085749, 0.1412095039976027921, 0.1420360819076968983, 0.1428626598177911156, 0.1437640272220267468, 0.1446653946262622670, 0.1455667620304978982, 0.1509748878106337289, 0.1518762552148297251, 0.1527776226190257214, 0.1536789900232217176, 0.1546627039950299043, 0.1556464179668382020, 0.1566301319386463886, 0.1625322812263706451, 0.1635159951981931536, 0.1644997091700155512, 0.1654834231418380597, 0.1665562045331669960, 0.1676289859244959324, 0.1687017673158248687, 0.1751382565031321947, 0.1762110378944490297, 0.1772838192857657535, 0.1783566006770825885, 0.1795245750103442450, 0.1806925493436059016, 0.1818605236768675582, 0.1888681001280022587, 0.1900360744611319097, 0.1912040487942616718, 0.1923720231273913228, 0.1936409097430965565, 0.1949097963588017901, 0.1961786829745070238, 0.2037916590974824249, 0.2050605457131470244, 0.2063294323288117349, 0.2075983189444763344, 0.2089728720015234797, 0.2103474250585706251, 0.2117219781156177705, 0.2199688768934265903, 0.2213434299505240288, 0.2227179830076214673, 0.2240925360647189057, 0.2255242071488551270, 0.2269558782329914592, 0.2283875493171276805, 0.2369757976433839453, 0.2384074687274179150, 0.2398391398114518847, 0.2412708108954858544, 0.2427165779695454884, 0.2441623450436051224, 0.2456081121176647564, 0.2542810106802846359, 0.2557002813221967985, 0.2571195519641088501, 0.2585388226060210126, 0.2600277124857817146, 0.2615166023655425276, 0.2630054922453033406, 0.2717782146267323506, 0.2731889679868002574, 0.2745997213468682752, 0.2760104747069361819, 0.2775419462683107463, 0.2790734178296853107, 0.2806048893910598752, 0.2894823002261355249, 0.2908879388400087418, 0.2922935774538819587, 0.2936992160677551755, 0.2952706403390742418, 0.2968420646103933080, 0.2984134888817123743, 0.3073953505387493346, 0.3087961049884391240, 0.3101968594381289135, 0.3115976138878187029, 0.3132079625265484779, 0.3148183111652782529, 0.3164286598040080278, 0.3255104090409146611, 0.3269033114226203018, 0.3282962138043259426, 0.3296891161860315833, 0.3313392376019714813, 0.3329893590179113794, 0.3346394804338512774, 0.3438129503878315507, 0.3451909783717560520, 0.3465690063556805534, 0.3479470343396050547, 0.3496407395847853650, 0.3513344448299655642, 0.3530281500751458745, 0.3622822291253099403, 0.3636317770585618669, 0.3649813249918139046, 0.3663308729250658313, 0.3680776734307468212, 0.3698244739364278111, 0.3715712744421088010, 0.3808925026524244695, 0.3821861047498464892, 0.3834797068472685089, 0.3847733089446905286, 0.3865958816131700448, 0.3884184542816495611, 0.3902410269501290774, 0.3996141364070608937, 0.4007844299318369385, 0.4019547234566130944, 0.4031250169813891393, 0.4050854078478459686, 0.4070457987143027978, 0.4090061895807596271, 0.4184145980752570493, 0.4197322944143276890, 0.4210499907533982178, 0.4223676870924688576, 0.4241895502495418580, 0.4260114134066149694, 0.4278332765636879698, 0.4372595539106117757, 0.4388308278015952135, 0.4404021016925786514, 0.4419733755835620892, 0.4435491144156298304, 0.4451248532476975717, 0.4467005920797653129, 0.5000000000000000000 ),
 .UNSPECIFIED. ) 
 CURVE ( )  GEOMETRIC_REPRESENTATION_ITEM ( )  RATIONAL_B_SPLINE_CURVE ( ( 1.000000000000000000, 1.000000000000000000, 1.000000000000000000, 1.000000000000000000, 1.000000000000000000, 1.000000000000000000, 1.000000000000000000, 1.000000000000000000, 1.000000000000000000, 1.000000000000000000, 1.000000000000000000, 0.9999684852781937083, 0.9999684852781937083, 1.000000000000000000, 1.000000000000000000, 1.000000000000000000, 1.000000000000000000, 1.000000000000000000, 1.000000000000000000, 0.9179719501805744253, 0.9179719501805744253, 1.000000000000000000, 1.000000000000000000, 1.000000000000000000, 1.000000000000000000, 1.000000000000000000, 1.000000000000000000, 0.9999684852781937083, 0.9999684852781937083, 1.000000000000000000, 1.000000000000000000, 1.000000000000000000, 1.000000000000000000, 1.000000000000000000, 1.000000000000000000, 1.000000000000000000, 1.000000000000000000, 1.000000000000000000, 1.000000000000000000, 1.000000000000000000, 0.9999799117517673697, 0.9999799117517673697, 1.000000000000000000, 1.000000000000000000, 1.000000000000000000, 1.000000000000000000, 1.000000000000000000, 1.000000000000000000, 1.000000000000000000, 1.000000000000000000, 1.000000000000000000, 1.000000000000000000, 1.000000000000000000, 0.9999935949233750287, 0.9999935949233750287, 1.000000000000000000, 1.000000000000000000, 1.000000000000000000, 1.000000000000000000, 1.000000000000000000, 1.000000000000000000, 1.000000000000000000, 1.000000000000000000, 1.000000000000000000, 1.000000000000000000, 1.000000000000000000, 0.9999999646649723184, 0.9999999646649723184, 1.000000000000000000, 1.000000000000000000, 1.000000000000000000, 1.000000000000000000, 1.000000000000000000, 1.000000000000000000, 0.9999952472409283644, 0.9999952472409283644, 1.000000000000000000, 1.000000000000000000, 1.000000000000000000, 1.000000000000000000, 1.000000000000000000, 1.000000000000000000, 1.000000000000000000, 1.000000000000000000, 1.000000000000000000, 1.000000000000000000, 1.000000000000000000, 0.9999810756281709567, 0.9999810756281709567, 1.000000000000000000, 1.000000000000000000, 1.000000000000000000, 1.000000000000000000, 1.000000000000000000, 1.000000000000000000, 1.000000000000000000, 1.000000000000000000, 1.000000000000000000, 1.000000000000000000, 1.000000000000000000, 0.9999612219496050169, 0.9999612219496050169, 1.000000000000000000, 1.000000000000000000, 1.000000000000000000, 1.000000000000000000, 1.000000000000000000, 1.000000000000000000, 1.000000000000000000, 1.000000000000000000, 1.000000000000000000, 1.000000000000000000, 1.000000000000000000, 0.9999392139473748387, 0.9999392139473748387, 1.000000000000000000, 1.000000000000000000, 1.000000000000000000, 1.000000000000000000, 1.000000000000000000, 1.000000000000000000, 1.000000000000000000, 1.000000000000000000, 1.000000000000000000, 1.000000000000000000, 1.000000000000000000, 0.9999174904647635254, 0.9999174904647635254, 1.000000000000000000, 1.000000000000000000, 1.000000000000000000, 1.000000000000000000, 1.000000000000000000, 1.000000000000000000, 1.000000000000000000, 1.000000000000000000, 1.000000000000000000, 1.000000000000000000, 1.000000000000000000, 0.9998974320300959562, 0.9998974320300959562, 1.000000000000000000, 1.000000000000000000, 1.000000000000000000, 1.000000000000000000, 1.000000000000000000, 1.000000000000000000, 1.000000000000000000, 1.000000000000000000, 1.000000000000000000, 1.000000000000000000, 1.000000000000000000, 0.9998796623900645386, 0.9998796623900645386, 1.000000000000000000, 1.000000000000000000, 1.000000000000000000, 1.000000000000000000, 1.000000000000000000, 1.000000000000000000, 1.000000000000000000, 1.000000000000000000, 1.000000000000000000, 1.000000000000000000, 1.000000000000000000, 0.9998643425550017838, 0.9998643425550017838, 1.000000000000000000, 1.000000000000000000, 1.000000000000000000, 1.000000000000000000, 1.000000000000000000, 1.000000000000000000, 1.000000000000000000, 1.000000000000000000, 1.000000000000000000, 1.000000000000000000, 1.000000000000000000, 0.9994480436684125557, 0.9994480436684125557, 1.000000000000000000, 1.000000000000000000, 1.000000000000000000, 1.000000000000000000, 1.000000000000000000, 1.000000000000000000, 1.000000000000000000, 1.000000000000000000, 1.000000000000000000, 1.000000000000000000, 1.000000000000000000, 0.9994762600386840612, 0.9994762600386840612, 1.000000000000000000, 1.000000000000000000, 1.000000000000000000, 1.000000000000000000, 1.000000000000000000, 1.000000000000000000, 1.000000000000000000, 1.000000000000000000, 1.000000000000000000, 1.000000000000000000, 1.000000000000000000, 0.9995022737163351545, 0.9995022737163351545, 1.000000000000000000, 1.000000000000000000, 1.000000000000000000, 1.000000000000000000, 1.000000000000000000, 1.000000000000000000, 1.000000000000000000, 1.000000000000000000, 1.000000000000000000, 1.000000000000000000, 1.000000000000000000, 0.9995256028155401484, 0.9995256028155401484, 1.000000000000000000, 1.000000000000000000, 1.000000000000000000, 1.000000000000000000, 1.000000000000000000, 1.000000000000000000, 1.000000000000000000, 1.000000000000000000, 1.000000000000000000, 1.000000000000000000, 1.000000000000000000, 0.9995460358774241882, 0.9995460358774241882, 1.000000000000000000, 1.000000000000000000, 1.000000000000000000, 1.000000000000000000, 1.000000000000000000, 1.000000000000000000, 1.000000000000000000, 1.000000000000000000, 1.000000000000000000, 1.000000000000000000, 1.000000000000000000, 0.9995635405903940951, 0.9995635405903940951, 1.000000000000000000, 1.000000000000000000, 1.000000000000000000, 1.000000000000000000, 1.000000000000000000, 1.000000000000000000, 1.000000000000000000, 1.000000000000000000, 1.000000000000000000, 1.000000000000000000, 1.000000000000000000, 0.9995781902139979636, 0.9995781902139979636, 1.000000000000000000, 1.000000000000000000, 1.000000000000000000, 1.000000000000000000, 1.000000000000000000, 1.000000000000000000, 1.000000000000000000, 1.000000000000000000, 1.000000000000000000, 1.000000000000000000, 1.000000000000000000, 0.9995901096559622889, 0.9995901096559622889, 1.000000000000000000, 1.000000000000000000, 1.000000000000000000, 1.000000000000000000, 1.000000000000000000, 1.000000000000000000, 1.000000000000000000, 1.000000000000000000, 1.000000000000000000, 1.000000000000000000, 1.000000000000000000, 0.9995994386224307249, 0.9995994386224307249, 1.000000000000000000, 1.000000000000000000, 1.000000000000000000, 1.000000000000000000, 1.000000000000000000, 1.000000000000000000, 1.000000000000000000, 1.000000000000000000, 1.000000000000000000, 1.000000000000000000, 1.000000000000000000, 0.9996063078272394709, 0.9996063078272394709, 1.000000000000000000, 1.000000000000000000, 1.000000000000000000, 1.000000000000000000, 1.000000000000000000, 1.000000000000000000, 1.000000000000000000, 1.000000000000000000, 1.000000000000000000, 1.000000000000000000, 1.000000000000000000, 0.9996108244030065260, 0.9996108244030065260, 1.000000000000000000, 1.000000000000000000, 1.000000000000000000, 1.000000000000000000, 1.000000000000000000, 1.000000000000000000, 1.000000000000000000, 1.000000000000000000, 1.000000000000000000, 1.000000000000000000, 1.000000000000000000, 0.9996136474098020752, 0.9996136474098020752, 1.000000000000000000, 1.000000000000000000, 1.000000000000000000, 1.000000000000000000, 1.000000000000000000, 1.000000000000000000, 1.000000000000000000, 1.000000000000000000, 1.000000000000000000, 1.000000000000000000, 1.000000000000000000, 0.9789796081607702316, 0.9633359170819417727, 0.9530689267635147344 ) ) 
 REPRESENTATION_ITEM ( '' )  );
#1303 = CARTESIAN_POINT ( 'NONE',  ( 44.24054334592742777, -19.99999999999996092, -78.57421265901723473 ) ) ;
#1304 = CARTESIAN_POINT ( 'NONE',  ( -13.20934084812522080, 0.000000000000000000, -122.4580812546544450 ) ) ;
#1305 = CARTESIAN_POINT ( 'NONE',  ( 51.31829509714933124, -20.00000000000012790, -45.24677742679540415 ) ) ;
#1306 = APPROVAL ( #1294, '未' ) ;
#1307 = CARTESIAN_POINT ( 'NONE',  ( -117.3755861750766485, 7.632783294297951215E-14, 42.97635088227298894 ) ) ;
#1308 = CARTESIAN_POINT ( 'NONE',  ( -66.91345849861176021, -20.00000000000012790, -110.8735210708625658 ) ) ;
#1309 = CARTESIAN_POINT ( 'NONE',  ( 21.29222178689738953, -19.99999999999996092, 44.94840558092926130 ) ) ;
#1310 = CARTESIAN_POINT ( 'NONE',  ( 51.60601316274062356, 0.000000000000000000, -35.94681257796081297 ) ) ;
#1311 = CARTESIAN_POINT ( 'NONE',  ( 49.76042787922807520, 5.551115123125782702E-14, -7.783446917636369200 ) ) ;
#1312 = CARTESIAN_POINT ( 'NONE',  ( -129.4625456320161163, 7.632783294297951215E-14, 2.504740734368369193 ) ) ;
#1313 = CARTESIAN_POINT ( 'NONE',  ( 7.755588561810863979, -20.00000000000012790, -116.5092462251899548 ) ) ;
#1314 = CARTESIAN_POINT ( 'NONE',  ( 50.91145352320522477, 0.000000000000000000, -49.93212253141489754 ) ) ;
#1315 = CARTESIAN_POINT ( 'NONE',  ( 43.61612403932378612, 5.551115123125782702E-14, -80.16830021056745181 ) ) ;
#1316 = CARTESIAN_POINT ( 'NONE',  ( -61.34282754339395893, 0.000000000000000000, 78.30241965776941981 ) ) ;
#1317 = CARTESIAN_POINT ( 'NONE',  ( 16.22228317437934919, -19.99999999999996092, 48.27940352159782122 ) ) ;
#1318 = CARTESIAN_POINT ( 'NONE',  ( -97.28132202487695679, -19.99999999999996092, 64.78188867709052090 ) ) ;
#1319 = CARTESIAN_POINT ( 'NONE',  ( 51.34674632723962873, -19.99999999999996092, -44.82015892852106020 ) ) ;
#1320 = CARTESIAN_POINT ( 'NONE',  ( -42.66371149413935626, 7.632783294297951215E-14, 76.98337897201457736 ) ) ;
#1321 = CARTESIAN_POINT ( 'NONE',  ( 40.43645442432390524, -19.99999999999996092, -86.86599483055951509 ) ) ;
#1322 = CARTESIAN_POINT ( 'NONE',  ( 9.213887237051345380, 0.000000000000000000, -115.8395525048318007 ) ) ;
#1323 = CARTESIAN_POINT ( 'NONE',  ( 51.38624037564420632, 5.551115123125782702E-14, -44.18000575749566394 ) ) ;
#1324 = CARTESIAN_POINT ( 'NONE',  ( -109.5409041180269156, -20.00000000000001776, 53.56693451432044384 ) ) ;
#1325 = CARTESIAN_POINT ( 'NONE',  ( -126.0603109557135753, 0.000000000000000000, 23.59448828656127617 ) ) ;
#1326 = CARTESIAN_POINT ( 'NONE',  ( 49.59177519026921033, -19.99999999999996092, -4.526517841407068588 ) ) ;
#1327 = CARTESIAN_POINT ( 'NONE',  ( 51.28110269957004874, 0.000000000000000000, -26.56698743352724534 ) ) ;
#1328 = CARTESIAN_POINT ( 'NONE',  ( 49.50320319898033006, 5.551115123125782702E-14, -0.8556534209899837595 ) ) ;
#1329 = CARTESIAN_POINT ( 'NONE',  ( -76.45722790407347702, -19.99999999999996803, -105.0821285558931493 ) ) ;
#1330 = CARTESIAN_POINT ( 'NONE',  ( 17.75292958639460750, -20.00000000000012790, -111.0749599269824870 ) ) ;
#1331 = CARTESIAN_POINT ( 'NONE',  ( 49.36077760558745808, 0.000000000000000000, -60.23330114618072173 ) ) ;
#1332 = CARTESIAN_POINT ( 'NONE',  ( 48.04478905582770665, 5.551115123125782702E-14, -66.15704461152211024 ) ) ;
#1333 = CARTESIAN_POINT ( 'NONE',  ( 9.961671733638270965, 0.000000000000000000, 52.64869109340931885 ) ) ;
#1334 = CARTESIAN_POINT ( 'NONE',  ( 5.057820633891095596, -19.99999999999996092, 56.05786293753121896 ) ) ;
#1335 = CARTESIAN_POINT ( 'NONE',  ( -87.31727222775916175, -19.99999999999996092, 70.91196797698195553 ) ) ;
#1336 = CARTESIAN_POINT ( 'NONE',  ( 50.95554354861209134, -19.99999999999996092, -49.50683570441576364 ) ) ;
#1337 = CARTESIAN_POINT ( 'NONE',  ( -45.08456346526175196, 7.632783294297951215E-14, 77.44924956539111349 ) ) ;
#1338 = CARTESIAN_POINT ( 'NONE',  ( 38.09669512251598888, -19.99999999999994671, -90.83487013523840403 ) ) ;
#1339 = CARTESIAN_POINT ( 'NONE',  ( -97.28132202487695679, -20.00000000000001776, 64.78188867709052090 ) ) ;
#1340 = CARTESIAN_POINT ( 'NONE',  ( -125.8572559191313616, 0.000000000000000000, 24.26408533096678255 ) ) ;
#1341 = CARTESIAN_POINT ( 'NONE',  ( 50.04460689261402706, 4.857256843837331815E-14, -11.66485396771595795 ) ) ;
#1342 = CARTESIAN_POINT ( 'NONE',  ( -2.463039689489825879, 5.551115123125782702E-14, -120.2192638986974060 ) ) ;
#1343 = CARTESIAN_POINT ( 'NONE',  ( 45.25065805927280849, 0.000000000000000000, -75.69926699584635799 ) ) ;
#1344 = CARTESIAN_POINT ( 'NONE',  ( 44.43463219732166181, 5.551115123125782702E-14, -78.03762996286312159 ) ) ;
#1345 = CARTESIAN_POINT ( 'NONE',  ( -12.56788713749394581, 0.000000000000000000, 66.59179244902037453 ) ) ;
#1346 = CARTESIAN_POINT ( 'NONE',  ( -104.8716184396033242, 0.000000000000000000, 58.43370798492313867 ) ) ;
#1347 = CARTESIAN_POINT ( 'NONE',  ( -46.77261666362249315, -19.99999999999996092, 77.73435343406451636 ) ) ;
#1348 = CARTESIAN_POINT ( 'NONE',  ( 51.41007643163150931, -19.99999999999996092, -43.75310471236029031 ) ) ;
#1349 = CARTESIAN_POINT ( 'NONE',  ( -35.72907972730385495, 7.632783294297951215E-14, 75.36479642356148645 ) ) ;
#1350 = CARTESIAN_POINT ( 'NONE',  ( 26.87791350244314970, -19.99999999999996092, -104.0309690332582875 ) ) ;
#1351 = CARTESIAN_POINT ( 'NONE',  ( -115.0549709025911227, 9.371347995328660165E-14, 46.55498834132154684 ) ) ;
#1352 = CARTESIAN_POINT ( 'NONE',  ( -128.6706776714159446, 0.000000000000000000, 11.68322730900676198 ) ) ;
#1353 = CARTESIAN_POINT ( 'NONE',  ( 50.75750202414033652, -20.00000000000012790, -19.73270474737402935 ) ) ;
#1354 = CARTESIAN_POINT ( 'NONE',  ( -19.31966003766020279, 5.551115123125782702E-14, -123.0456202856809682 ) ) ;
#1355 = CARTESIAN_POINT ( 'NONE',  ( 48.74928983766282897, 0.000000000000000000, -63.20552471462799815 ) ) ;
#1356 = CARTESIAN_POINT ( 'NONE',  ( 13.40923187942971850, -20.00000000000001776, 50.22569244401820043 ) ) ;
#1357 = CARTESIAN_POINT ( 'NONE',  ( -11.47182980617785653, 0.000000000000000000, 66.03483937871716591 ) ) ;
#1358 = CARTESIAN_POINT ( 'NONE',  ( -76.65450521231949210, 0.000000000000000000, 75.29244041032883672 ) ) ;
#1359 = CC_DESIGN_DATE_AND_TIME_ASSIGNMENT ( #1262, #1246, ( #100 ) ) ;
#1360 = CARTESIAN_POINT ( 'NONE',  ( -68.22578163420838848, -19.99999999999996092, 77.39108860981959026 ) ) ;
#1361 = CARTESIAN_POINT ( 'NONE',  ( -33.27128674496474048, -20.00000000000001776, 74.68653014757245501 ) ) ;
#1362 = CARTESIAN_POINT ( 'NONE',  ( 9.792247895761185816, -19.99999999999996092, -115.5612655792238854 ) ) ;
#1363 = CARTESIAN_POINT ( 'NONE',  ( -109.3588531647842075, -20.00000000000001776, 53.77252852411366035 ) ) ;
#1364 = CARTESIAN_POINT ( 'NONE',  ( -122.5094215587245117, 0.000000000000000000, 33.22716381106157968 ) ) ;
#1365 = CARTESIAN_POINT ( 'NONE',  ( 51.04171512261805788, 5.551115123125782702E-14, -23.19542283883552614 ) ) ;
#1366 = CARTESIAN_POINT ( 'NONE',  ( -1.830733667611416315, -20.00000000000012790, -120.0383396971682401 ) ) ;
#1367 = CARTESIAN_POINT ( 'NONE',  ( 51.60688421601678044, 0.000000000000000000, -37.07378121181979225 ) ) ;
#1368 = CARTESIAN_POINT ( 'NONE',  ( 11.57839334049134017, 1.110223063854919182E-13, 51.51163436276678453 ) ) ;
#1369 = CARTESIAN_POINT ( 'NONE',  ( 4.682233257293409778, 0.000000000000000000, 56.31404076559702787 ) ) ;
#1370 = CARTESIAN_POINT ( 'NONE',  ( -85.63107712986871434, 0.000000000000000000, 71.74118813793576521 ) ) ;
#1371 = CARTESIAN_POINT ( 'NONE',  ( 49.05935631923019002, -20.00000000000012790, -61.72025897501367808 ) ) ;
#1372 = CARTESIAN_POINT ( 'NONE',  ( -36.25887736227033287, -19.99999999999996092, 75.50423910929383453 ) ) ;
#1373 = CARTESIAN_POINT ( 'NONE',  ( -13.14202307012637760, -20.00000000000001776, 66.87766618532096174 ) ) ;
#1374 = CARTESIAN_POINT ( 'NONE',  ( 21.08526458345998833, -19.99999999999996092, 45.07872929278507002 ) ) ;
#1375 = CARTESIAN_POINT ( 'NONE',  ( -11.53918396617511455, -19.99999999999996092, -122.2147837902820129 ) ) ;
#1376 = CARTESIAN_POINT ( 'NONE',  ( -43.65570330393752840, -19.99999999999996092, -120.7091618199384584 ) ) ;
#1377 = CARTESIAN_POINT ( 'NONE',  ( -112.8618512654651624, -20.00000000000001776, 49.52156947672241927 ) ) ;
#1378 = CARTESIAN_POINT ( 'NONE',  ( -123.6370030962872022, 0.000000000000000000, 30.54919196655774627 ) ) ;
#1379 = CARTESIAN_POINT ( 'NONE',  ( 50.39958061885709384, 9.020562393821217963E-14, -15.72863441350816949 ) ) ;
#1380 = CARTESIAN_POINT ( 'NONE',  ( -24.25383301481175735, -20.00000000000012790, -123.1735823698482903 ) ) ;
#1381 = VERTEX_POINT ( 'NONE', #899 ) ;
#1382 = CARTESIAN_POINT ( 'NONE',  ( 7.304821972737784108, -20.00000000000000711, 54.51127624224672985 ) ) ;
#1383 = CARTESIAN_POINT ( 'NONE',  ( -13.14202307012637760, 0.000000000000000000, 66.87766618532096174 ) ) ;
#1384 = CARTESIAN_POINT ( 'NONE',  ( -94.68503769654333269, 0.000000000000000000, 66.59596559380320002 ) ) ;
#1385 = CARTESIAN_POINT ( 'NONE',  ( -53.01409402611336219, -19.99999999999996092, 78.37747181922769357 ) ) ;
#1386 = CARTESIAN_POINT ( 'NONE',  ( -25.45114412520170433, -20.00000000000001776, 72.14647418546363156 ) ) ;
#1387 = CARTESIAN_POINT ( 'NONE',  ( 49.76042787922807520, -19.99999999999996092, -7.783446917636369200 ) ) ;
#1388 = CARTESIAN_POINT ( 'NONE',  ( 17.22553680019732170, -19.99999999999996092, -111.4127880581185224 ) ) ;
#1389 = CARTESIAN_POINT ( 'NONE',  ( -58.93961871507562478, -20.00000000000001421, -115.2275886881577520 ) ) ;
#1390 = CARTESIAN_POINT ( 'NONE',  ( -87.87353636463416251, 7.632783294297951215E-14, 70.62414649187977034 ) ) ;
#1391 = CARTESIAN_POINT ( 'NONE',  ( -109.5409041180269156, 0.000000000000000000, 53.56693451432044384 ) ) ;
#1392 = CARTESIAN_POINT ( 'NONE',  ( 50.20134151889784135, 5.551115123125782702E-14, -13.50011076918494979 ) ) ;
#1393 = CARTESIAN_POINT ( 'NONE',  ( -24.60191788636571530, 5.551115123125782702E-14, -123.1703470127124262 ) ) ;
#1394 = CARTESIAN_POINT ( 'NONE',  ( 21.91555844371887929, 0.000000000000000000, 44.56136744489663926 ) ) ;
#1395 = CARTESIAN_POINT ( 'NONE',  ( 17.30564935187787867, -20.00000000000001776, 47.54373689131065106 ) ) ;
#1396 = CARTESIAN_POINT ( 'NONE',  ( -103.2198959699369993, 0.000000000000000000, 59.96261069509812813 ) ) ;
#1397 = CARTESIAN_POINT ( 'NONE',  ( -37.05500290117037565, -19.99999999999996092, 75.70806472073167015 ) ) ;
#1398 = CARTESIAN_POINT ( 'NONE',  ( -11.47182980617785653, -20.00000000000001776, 66.03483937871716591 ) ) ;
#1399 = CARTESIAN_POINT ( 'NONE',  ( -30.93987436108971778, 0.000000000000000000, -122.8622295692457982 ) ) ;
#1400 = CARTESIAN_POINT ( 'NONE',  ( 5.806216155932554024, -19.99999999999996447, -117.3713502677025673 ) ) ;
#1401 = CARTESIAN_POINT ( 'NONE',  ( -64.75000000054512839, -19.99999999999996092, -112.1502897897701132 ) ) ;
#1402 = CARTESIAN_POINT ( 'NONE',  ( -86.47721361563715448, -20.00000000000001776, 71.33296961983802476 ) ) ;
#1403 = CARTESIAN_POINT ( 'NONE',  ( 50.21297094262821759, -20.00000000000012790, -13.63116255152852574 ) ) ;
#1404 = CARTESIAN_POINT ( 'NONE',  ( -30.93987436108971778, 5.551115123125782702E-14, -122.8622295692457982 ) ) ;
#1405 = CARTESIAN_POINT ( 'NONE',  ( -92.72927147329460240, -291.0347536423743691, -90.39652765472814622 ) ) ;
#1406 = CARTESIAN_POINT ( 'NONE',  ( 12.95687420016295732, -20.00000000000001776, 50.54329255766865714 ) ) ;
#1407 = PERSON_AND_ORGANIZATION ( #523, #955 ) ;
#1408 = CARTESIAN_POINT ( 'NONE',  ( 39.44085560190718098, -20.00000000000012790, -88.61680816732391008 ) ) ;
#1409 = CARTESIAN_POINT ( 'NONE',  ( -6.303394235830309000, -19.99999999999996092, 63.22976334717490943 ) ) ;
#1410 = CARTESIAN_POINT ( 'NONE',  ( -16.03171606414514727, 9.715253066485340367E-14, 68.26799642397809009 ) ) ;
#1411 = CARTESIAN_POINT ( 'NONE',  ( -63.11313588007047315, 0.000000000000000000, -113.0726405349380030 ) ) ;
#1412 = CARTESIAN_POINT ( 'NONE',  ( -92.72927147329460240, -19.99999999999997513, -90.39652765472814622 ) ) ;
#1413 = CARTESIAN_POINT ( 'NONE',  ( -95.71305161326323230, -20.00000000000001776, 65.89923666759715104 ) ) ;
#1414 = CARTESIAN_POINT ( 'NONE',  ( 16.96076102961903942, 0.000000000000000000, -111.5799928847266642 ) ) ;
#1415 = CARTESIAN_POINT ( 'NONE',  ( 51.60730743718889357, 5.551115123125782702E-14, -36.68171445823583099 ) ) ;
#1416 = CARTESIAN_POINT ( 'NONE',  ( -46.29613354169254080, -20.00000000000012790, -119.9968429281379230 ) ) ;
#1417 = ORIENTED_EDGE ( 'NONE', *, *, #2730, .F. ) ;
#1418 = CARTESIAN_POINT ( 'NONE',  ( 20.34646017237346172, 5.551115123125782702E-14, 45.54737814320932188 ) ) ;
#1419 = CARTESIAN_POINT ( 'NONE',  ( 19.39644319135813433, 0.000000000000000000, 46.15727246470369494 ) ) ;
#1420 = CARTESIAN_POINT ( 'NONE',  ( 36.12789818374803730, -20.00000000000012790, -93.67741564871558069 ) ) ;
#1421 = CARTESIAN_POINT ( 'NONE',  ( -17.20145857536769540, -19.99999999999996092, 68.79447167826144494 ) ) ;
#1422 = CARTESIAN_POINT ( 'NONE',  ( -13.71780122021332815, 7.632783294297951215E-14, 67.16016713345182154 ) ) ;
#1423 = CARTESIAN_POINT ( 'NONE',  ( -65.56468234292636055, 0.000000000000000000, -111.6772951104127571 ) ) ;
#1424 = CARTESIAN_POINT ( 'NONE',  ( -118.4519498029571167, -19.99999999999996092, 41.18626717311109076 ) ) ;
#1425 = CARTESIAN_POINT ( 'NONE',  ( -87.31727222775916175, 7.632783294297951215E-14, 70.91196797698195553 ) ) ;
#1426 = CARTESIAN_POINT ( 'NONE',  ( 28.16251043025159717, 0.000000000000000000, -102.8293965443078690 ) ) ;
#1427 = CARTESIAN_POINT ( 'NONE',  ( 51.45193353370415679, -20.00000000000012790, -42.95231572942017806 ) ) ;
#1428 = CARTESIAN_POINT ( 'NONE',  ( -28.31657301337418886, 1.041251170589371132E-14, -123.0714098106126642 ) ) ;
#1429 = EDGE_LOOP ( 'NONE', ( #332, #2443, #785, #1417 ) ) ;
#1430 = CARTESIAN_POINT ( 'NONE',  ( 49.48769540844705261, -20.00000000000012790, 1.103631804891946899 ) ) ;
#1431 = DATE_AND_TIME ( #787, #2648 ) ;
#1432 = CARTESIAN_POINT ( 'NONE',  ( 35.11795262706132092, -20.00000000000012790, -95.04132051301388628 ) ) ;
#1433 = CARTESIAN_POINT ( 'NONE',  ( 0.5637247653766245259, -19.99999999999996092, 59.04459495799539326 ) ) ;
#1434 = CARTESIAN_POINT ( 'NONE',  ( 4.546114878954291783, -20.00000000000001776, 56.40679971669614901 ) ) ;
#1435 = CARTESIAN_POINT ( 'NONE',  ( -55.22628520282423636, 0.000000000000000000, -116.8633124305262356 ) ) ;
#1436 = CARTESIAN_POINT ( 'NONE',  ( -129.0681167673192817, -19.99999999999996092, 8.439963682974193304 ) ) ;
#1437 = CARTESIAN_POINT ( 'NONE',  ( -94.68503769654333269, -20.00000000000001776, 66.59596559380320002 ) ) ;
#1438 = CARTESIAN_POINT ( 'NONE',  ( 17.22553680019732170, 0.000000000000000000, -111.4127880581185224 ) ) ;
#1439 = CARTESIAN_POINT ( 'NONE',  ( 51.60601316274062356, 5.551115123125782702E-14, -35.94681257796081297 ) ) ;
#1440 = CARTESIAN_POINT ( 'NONE',  ( -52.01191719506145716, 5.551115123125782702E-14, -118.1229046015597248 ) ) ;
#1441 = CARTESIAN_POINT ( 'NONE',  ( 50.62818167504023847, 0.000000000000000000, -18.27880011073679256 ) ) ;
#1442 = CARTESIAN_POINT ( 'NONE',  ( 21.81150158193175770, -20.00000000000012790, 44.62560165856267957 ) ) ;
#1443 = CARTESIAN_POINT ( 'NONE',  ( 39.87526466716828111, 5.551115123125782702E-14, -87.86935695543057534 ) ) ;
#1444 = CARTESIAN_POINT ( 'NONE',  ( -10.42834940910857711, -19.99999999999996092, 65.49205115096710017 ) ) ;
#1445 = CARTESIAN_POINT ( 'NONE',  ( -0.1293994474064269484, -20.00000000000001776, 59.48944947772054093 ) ) ;
#1446 = CARTESIAN_POINT ( 'NONE',  ( -122.4052326049210109, -19.99999999999996092, 33.46295798025181512 ) ) ;
#1447 = CARTESIAN_POINT ( 'NONE',  ( 51.01818241924348030, -19.99999999999996092, -22.89324777624311835 ) ) ;
#1448 = CARTESIAN_POINT ( 'NONE',  ( -59.61695752531898052, -20.00000000000000355, 78.41014084394873862 ) ) ;
#1449 = CARTESIAN_POINT ( 'NONE',  ( 19.05605074891453299, 0.000000000000000000, -110.2066151331286505 ) ) ;
#1450 = CARTESIAN_POINT ( 'NONE',  ( 51.48529649433368149, -20.00000000000012790, -30.55971032871173065 ) ) ;
#1451 = CARTESIAN_POINT ( 'NONE',  ( -121.5411088798030192, -20.00000000000001776, 35.33551934314368737 ) ) ;
#1452 = CARTESIAN_POINT ( 'NONE',  ( -43.27643655143425860, 5.551115123125782702E-14, -120.8028368137938884 ) ) ;
#1453 = CARTESIAN_POINT ( 'NONE',  ( 22.53991191228896085, 0.000000000000000000, 44.17595457144953741 ) ) ;
#1454 = CARTESIAN_POINT ( 'NONE',  ( 19.39644319135813078, 5.551226637544473270E-14, 46.15727246470369494 ) ) ;
#1455 = CARTESIAN_POINT ( 'NONE',  ( -127.1607648525227034, 7.632783294297951215E-14, 19.52521036931193876 ) ) ;
#1456 = PERSON_AND_ORGANIZATION_ROLE ( 'design_supplier' ) ;
#1457 = CARTESIAN_POINT ( 'NONE',  ( 32.90975794553216360, 5.551115123125782702E-14, -97.78080439318401318 ) ) ;
#1458 = CARTESIAN_POINT ( 'NONE',  ( -27.00533910110357283, 0.000000000000000000, 72.69872668113406178 ) ) ;
#1459 = CARTESIAN_POINT ( 'NONE',  ( -19.17586175756872535, -19.99999999999996092, 69.66249347204070830 ) ) ;
#1460 = CARTESIAN_POINT ( 'NONE',  ( 0.1481171039682234736, -20.00000000000001776, 59.31192629988225207 ) ) ;
#1461 = CARTESIAN_POINT ( 'NONE',  ( -121.6520684680621969, -19.99999999999996092, 35.10283458194920314 ) ) ;
#1462 = CARTESIAN_POINT ( 'NONE',  ( 50.70670384260639452, -19.99999999999996092, -19.15106108192119905 ) ) ;
#1463 = CARTESIAN_POINT ( 'NONE',  ( -55.58326045101522084, -20.00000000000001776, 78.46171173131298815 ) ) ;
#1464 = CARTESIAN_POINT ( 'NONE',  ( 35.11795262706132092, 0.000000000000000000, -95.04132051301388628 ) ) ;
#1465 = CARTESIAN_POINT ( 'NONE',  ( 51.60263153826367244, -20.00000000000012790, -35.40794485902389255 ) ) ;
#1466 = CARTESIAN_POINT ( 'NONE',  ( -116.9493286637175089, -20.00000000000001776, 43.66136977519715145 ) ) ;
#1467 = CARTESIAN_POINT ( 'NONE',  ( -57.22483542718588723, -20.00000000000012790, -115.9962497806018717 ) ) ;
#1468 = CARTESIAN_POINT ( 'NONE',  ( 50.39958061885709384, 0.000000000000000000, -15.72863441350816771 ) ) ;
#1469 = CARTESIAN_POINT ( 'NONE',  ( 21.60359604963184310, 5.551115123125782702E-14, 44.75440734744778126 ) ) ;
#1470 = CARTESIAN_POINT ( 'NONE',  ( -128.6706776714159446, 7.632783294297951215E-14, 11.68322730900676198 ) ) ;
#1471 = PERSON_AND_ORGANIZATION ( #523, #955 ) ;
#1472 = CARTESIAN_POINT ( 'NONE',  ( 8.340899792126313272, 5.551115123125782702E-14, -116.2458920374993170 ) ) ;
#1473 = CARTESIAN_POINT ( 'NONE',  ( -54.43947350759615489, 0.000000000000000000, 78.43859188351987655 ) ) ;
#1474 = CARTESIAN_POINT ( 'NONE',  ( 17.51357088440134291, -19.99999999999996092, 47.40335867023027561 ) ) ;
#1475 = CARTESIAN_POINT ( 'NONE',  ( -0.1293994474064269484, 7.632783294297951215E-14, 59.48944947772054093 ) ) ;
#1476 = CARTESIAN_POINT ( 'NONE',  ( -116.2204630106661369, -19.99999999999996092, 44.79149375771373798 ) ) ;
#1477 = CARTESIAN_POINT ( 'NONE',  ( 50.32485479848425314, -19.99999999999996092, -14.88965294346866841 ) ) ;
#1478 = CARTESIAN_POINT ( 'NONE',  ( -55.29519143091741284, -20.00000000000001776, 78.45682915636554355 ) ) ;
#1479 = CARTESIAN_POINT ( 'NONE',  ( 7.755588561810863979, 0.000000000000000000, -116.5092462251899548 ) ) ;
#1480 = CARTESIAN_POINT ( 'NONE',  ( 50.53789653535024939, -20.00000000000012790, -53.05453507092891385 ) ) ;
#1481 = CARTESIAN_POINT ( 'NONE',  ( -125.7181023157574771, 7.632783294297951215E-14, 24.70927758410383746 ) ) ;
#1482 = CARTESIAN_POINT ( 'NONE',  ( -129.4760151037038156, 0.000000000000000000, -2.511994379362889163 ) ) ;
#1483 = CARTESIAN_POINT ( 'NONE',  ( 49.50320319898033006, 0.000000000000000000, -0.8556534209899837595 ) ) ;
#1484 = CARTESIAN_POINT ( 'NONE',  ( 49.62998113401841493, 5.551115123125782702E-14, -5.403744440580422470 ) ) ;
#1485 = CARTESIAN_POINT ( 'NONE',  ( -129.4874360166335236, -20.00000000000001776, -1.884072117899359355 ) ) ;
#1486 = CARTESIAN_POINT ( 'NONE',  ( 18.53755701006575407, 5.551115123125782702E-14, -110.5579486497398847 ) ) ;
#1487 = CARTESIAN_POINT ( 'NONE',  ( -17.78675981555228347, 0.000000000000000000, 69.05667336042611737 ) ) ;
#1488 = CARTESIAN_POINT ( 'NONE',  ( 0.000000000000000000, -291.0347536423743122, 5.000000000000000000 ) ) ;
#1489 = CARTESIAN_POINT ( 'NONE',  ( -5.793959756283265428, -20.00000000000001776, 62.93593016691814768 ) ) ;
#1490 = CARTESIAN_POINT ( 'NONE',  ( -111.1829728514031927, -19.99999999999996092, 51.63641580393029074 ) ) ;
#1491 = CARTESIAN_POINT ( 'NONE',  ( 51.09921565350534678, -19.99999999999996092, -23.95096365654801573 ) ) ;
#1492 = CARTESIAN_POINT ( 'NONE',  ( -74.15997792014951528, 7.632783294297951215E-14, 76.03403163126750997 ) ) ;
#1493 = CARTESIAN_POINT ( 'NONE',  ( 35.11795262706132092, -19.99999999999996092, -95.04132051301388628 ) ) ;
#1494 = CARTESIAN_POINT ( 'NONE',  ( 4.124921580705903423, 0.000000000000000000, -118.0432716656920462 ) ) ;
#1495 = CARTESIAN_POINT ( 'NONE',  ( 51.34674632723962873, 5.551115123125782702E-14, -44.82015892852106020 ) ) ;
#1496 = CARTESIAN_POINT ( 'NONE',  ( -122.1946182690568605, -20.00000000000001776, 33.93355812150608841 ) ) ;
#1497 = CARTESIAN_POINT ( 'NONE',  ( -60.62724300935363431, 3.470787899848748271E-15, -114.4010018259188257 ) ) ;
#1498 = CARTESIAN_POINT ( 'NONE',  ( 49.84512783099553701, 0.000000000000000000, -9.041093252998193108 ) ) ;
#1499 = CARTESIAN_POINT ( 'NONE',  ( 49.76042787922807520, -20.00000000000012790, -7.783446917636369200 ) ) ;
#1500 = CARTESIAN_POINT ( 'NONE',  ( -128.9522483117305001, 7.632783294297951215E-14, 9.522968386197320001 ) ) ;
#1501 = CARTESIAN_POINT ( 'NONE',  ( 16.96076102961903942, -20.00000000000012790, -111.5799928847266642 ) ) ;
#1502 = CARTESIAN_POINT ( 'NONE',  ( 47.25915048090024584, -20.00000000000012790, -69.15322846317690164 ) ) ;
#1503 = CARTESIAN_POINT ( 'NONE',  ( -44.27641730380435092, 0.000000000000000000, 77.30029459563290573 ) ) ;
#1504 = CARTESIAN_POINT ( 'NONE',  ( 4.546114878954291783, -19.99999999999996092, 56.40679971669614901 ) ) ;
#1505 = CARTESIAN_POINT ( 'NONE',  ( 5.057820633891095596, -20.00000000000001776, 56.05786293753121896 ) ) ;
#1506 = CARTESIAN_POINT ( 'NONE',  ( -84.87125771882590186, -19.99999999999996092, 72.10015590158110399 ) ) ;
#1507 = CARTESIAN_POINT ( 'NONE',  ( 51.60263153826367244, -19.99999999999996092, -35.40794485902389255 ) ) ;
#1508 = CARTESIAN_POINT ( 'NONE',  ( -49.31559220099565266, -20.00000000000002132, 78.09417462167117208 ) ) ;
#1509 = CARTESIAN_POINT ( 'NONE',  ( 47.25915048090024584, -19.99999999999996092, -69.15322846317690164 ) ) ;
#1510 = CARTESIAN_POINT ( 'NONE',  ( -10.87303857892230852, 0.000000000000000000, -122.1054868595228271 ) ) ;
#1511 = CARTESIAN_POINT ( 'NONE',  ( 49.21281020900265446, -20.00000000000012790, -60.97735468751677246 ) ) ;
#1512 = CARTESIAN_POINT ( 'NONE',  ( -117.9204969418632629, 7.632783294297951215E-14, 42.08547793237669765 ) ) ;
#1513 = CARTESIAN_POINT ( 'NONE',  ( -76.45722790407356229, -20.00000000000013145, -105.0821285558930924 ) ) ;
#1514 = CARTESIAN_POINT ( 'NONE',  ( 23.79971334286688744, -19.99999999999996092, 43.42343161258244066 ) ) ;
#1515 = CARTESIAN_POINT ( 'NONE',  ( 51.00632098749691323, 0.000000000000000000, -22.74216770976778790 ) ) ;
#1516 = CARTESIAN_POINT ( 'NONE',  ( 49.56025171902470561, -20.00000000000012790, -3.667940681710162298 ) ) ;
#1517 = CARTESIAN_POINT ( 'NONE',  ( -92.72927147329460240, -20.00000000000003553, -90.39652765472814622 ) ) ;
#1518 = CARTESIAN_POINT ( 'NONE',  ( 22.78794839372698178, 1.388437451599282919E-14, -107.5106555247134565 ) ) ;
#1519 = CARTESIAN_POINT ( 'NONE',  ( 46.80987172797131279, 0.000000000000000000, -70.73417885548211359 ) ) ;
#1520 = CARTESIAN_POINT ( 'NONE',  ( 41.49800814767645818, 5.551115123125782702E-14, -84.84539904336486416 ) ) ;
#1521 = CARTESIAN_POINT ( 'NONE',  ( -30.36294514356157137, 0.000000000000000000, 73.82088577318062050 ) ) ;
#1522 = CARTESIAN_POINT ( 'NONE',  ( 18.03507939691665385, -19.99999999999996092, 47.05494426100010941 ) ) ;
#1523 = MANIFOLD_SOLID_BREP ( '͹̨-����1', #2285 ) ;
#1524 = CARTESIAN_POINT ( 'NONE',  ( -112.2422989938534954, -19.99999999999996092, 50.32247296271139447 ) ) ;
#1525 = CARTESIAN_POINT ( 'NONE',  ( 49.87400677096078283, -19.99999999999996092, -57.42651392814180156 ) ) ;
#1526 = CARTESIAN_POINT ( 'NONE',  ( -26.76668319554417153, 7.632783294297951215E-14, 72.61516529951001075 ) ) ;
#1527 = CARTESIAN_POINT ( 'NONE',  ( 46.80987172797131279, -19.99999999999996092, -70.73417885548211359 ) ) ;
#1528 = CARTESIAN_POINT ( 'NONE',  ( -2.463039689489825879, 0.000000000000000000, -120.2192638986974060 ) ) ;
#1529 = CARTESIAN_POINT ( 'NONE',  ( 51.21479659127104611, -20.00000000000011013, -46.73973678480606253 ) ) ;
#1530 = CARTESIAN_POINT ( 'NONE',  ( -101.5471042339753325, -20.00000000000001776, 61.42310594634543719 ) ) ;
#1531 = CARTESIAN_POINT ( 'NONE',  ( -92.72927147329481556, 5.096405513113831856E-14, -90.39652765472796148 ) ) ;
#1532 = CARTESIAN_POINT ( 'NONE',  ( 49.50044265339554528, -19.99999999999996092, 0.3689785969205332528 ) ) ;
#1533 = CARTESIAN_POINT ( 'NONE',  ( 51.52439768775324325, 0.000000000000000000, -31.63674869751964636 ) ) ;
#1534 = CARTESIAN_POINT ( 'NONE',  ( 49.78441859511718803, 5.551115123125782702E-14, -8.158991391389141867 ) ) ;
#1535 = CARTESIAN_POINT ( 'NONE',  ( -56.22899161407421786, -19.99999999999996092, -116.4374071061360212 ) ) ;
#1536 = CARTESIAN_POINT ( 'NONE',  ( 5.806216155932554024, -20.00000000000013145, -117.3713502677025815 ) ) ;
#1537 = CARTESIAN_POINT ( 'NONE',  ( 50.79342338069284324, 0.000000000000000000, -50.99451787454055562 ) ) ;
#1538 = CARTESIAN_POINT ( 'NONE',  ( 42.97374300944745329, 5.901317087652378923E-14, -81.75564295957148886 ) ) ;
#1539 = CARTESIAN_POINT ( 'NONE',  ( 8.050365266391439789, 0.000000000000000000, 53.99075554980895220 ) ) ;
#1540 = DIRECTION ( 'NONE',  ( 0.000000000000000000, 1.000000000000000000, 0.000000000000000000 ) ) ;
#1541 = CARTESIAN_POINT ( 'NONE',  ( -108.1464367951323595, -20.00000000000000355, 55.14173609230107331 ) ) ;
#1542 = CARTESIAN_POINT ( 'NONE',  ( 49.75510737549914353, -19.99999999999996092, -58.11457446047672448 ) ) ;
#1543 = CARTESIAN_POINT ( 'NONE',  ( -42.93215923663036904, -20.00000000000001776, 77.03785291521705858 ) ) ;
#1544 = CARTESIAN_POINT ( 'NONE',  ( 44.80581018794283210, -19.99999999999996092, -76.99464947145492033 ) ) ;
#1545 = CARTESIAN_POINT ( 'NONE',  ( 49.63158365553966433, 5.551115123125782702E-14, -58.80184936450197597 ) ) ;
#1546 = CARTESIAN_POINT ( 'NONE',  ( -111.6106994635894551, -20.00000000000001776, 51.11416544137317430 ) ) ;
#1547 = CARTESIAN_POINT ( 'NONE',  ( -117.9204969418632629, 0.000000000000000000, 42.08547793237669765 ) ) ;
#1548 = CARTESIAN_POINT ( 'NONE',  ( 51.18167503062554857, 0.000000000000000000, -25.08784028690395829 ) ) ;
#1549 = CARTESIAN_POINT ( 'NONE',  ( 49.67159211951238262, 3.469516648465295951E-14, -6.280823685573901471 ) ) ;
#1550 = CARTESIAN_POINT ( 'NONE',  ( -19.85671718029569632, 5.551115123125782702E-14, -123.0753430006841569 ) ) ;
#1551 = CARTESIAN_POINT ( 'NONE',  ( 45.33770611185969557, 0.000000000000000000, -75.43954745966217956 ) ) ;
#1552 = CARTESIAN_POINT ( 'NONE',  ( 44.53073589504786867, 5.551115123125782702E-14, -77.76900206211855959 ) ) ;
#1553 = CARTESIAN_POINT ( 'NONE',  ( -0.7228372298186391820, 0.000000000000000000, 59.86742984984006455 ) ) ;
#1554 = CARTESIAN_POINT ( 'NONE',  ( -43.46942103264829882, -19.99999999999996092, 77.14499561982570697 ) ) ;
#1555 = CARTESIAN_POINT ( 'NONE',  ( 50.68616962074600707, -19.99999999999996092, -51.90022960017601861 ) ) ;
#1556 = CARTESIAN_POINT ( 'NONE',  ( -34.00081559821660449, 7.632783294297951215E-14, 74.89447852776694958 ) ) ;
#1557 = CARTESIAN_POINT ( 'NONE',  ( 27.75431474961860445, -19.99999999999996092, -103.2160882854444850 ) ) ;
#1558 = CARTESIAN_POINT ( 'NONE',  ( -108.1464367951323595, -20.00000000000005684, 55.14173609230107331 ) ) ;
#1559 = CARTESIAN_POINT ( 'NONE',  ( -116.9493286637175089, 0.000000000000000000, 43.66136977519715145 ) ) ;
#1560 = CARTESIAN_POINT ( 'NONE',  ( 50.21297094262821759, 5.551115123125782702E-14, -13.63116255152852574 ) ) ;
#1561 = CARTESIAN_POINT ( 'NONE',  ( -10.26963300617390296, -20.00000000000012790, -122.0025033980326867 ) ) ;
#1562 = CC_DESIGN_PERSON_AND_ORGANIZATION_ASSIGNMENT ( #1913, #1456, ( #1657 ) ) ;
#1563 = CARTESIAN_POINT ( 'NONE',  ( 51.30351024987134423, 0.000000000000000000, -45.46004790749576330 ) ) ;
#1564 = CARTESIAN_POINT ( 'NONE',  ( 11.57839334049134017, -19.99999999999998579, 51.51163436276678453 ) ) ;
#1565 = CARTESIAN_POINT ( 'NONE',  ( -10.94937066434446926, 0.000000000000000000, 65.76481197185002259 ) ) ;
#1566 = CARTESIAN_POINT ( 'NONE',  ( -64.74922165851184275, 0.000000000000000000, 77.93369936062418901 ) ) ;
#1567 = CARTESIAN_POINT ( 'NONE',  ( -42.66371149413935626, -19.99999999999996092, 76.98337897201457736 ) ) ;
#1568 = CARTESIAN_POINT ( 'NONE',  ( -28.20153311051890199, -20.00000000000001776, 73.10822117639575879 ) ) ;
#1569 = CARTESIAN_POINT ( 'NONE',  ( -4.541226766950385851, -19.99999999999995026, -120.7995455505896132 ) ) ;
#1570 = CARTESIAN_POINT ( 'NONE',  ( -104.8716184396033242, -20.00000000000001776, 58.43370798492313867 ) ) ;
#1571 = CARTESIAN_POINT ( 'NONE',  ( -121.8717491532040214, 0.000000000000000000, 34.63639759781418093 ) ) ;
#1572 = CARTESIAN_POINT ( 'NONE',  ( 51.12277894026831859, -20.00000000000012790, -24.26634888399338408 ) ) ;
#1573 = CARTESIAN_POINT ( 'NONE',  ( -13.54398843061486346, -20.00000000000012790, -122.5020150523949383 ) ) ;
#1574 = CARTESIAN_POINT ( 'NONE',  ( 49.83482081050772905, 0.000000000000000000, -57.65594381449523809 ) ) ;
#1575 = CARTESIAN_POINT ( 'NONE',  ( 9.484185590923500442, -20.00000000000001776, 52.98469153336755255 ) ) ;
#1576 = CARTESIAN_POINT ( 'NONE',  ( -1.636029221319765359, 0.000000000000000000, 60.43981166104636316 ) ) ;
#1577 = CARTESIAN_POINT ( 'NONE',  ( -63.06307262078764353, 0.000000000000000000, 78.12638543682125203 ) ) ;
#1578 = CARTESIAN_POINT ( 'NONE',  ( -28.68143359144950821, -19.99999999999996092, 73.26776639316233286 ) ) ;
#1579 = CARTESIAN_POINT ( 'NONE',  ( -22.18493113863153710, 6.592625400915578039E-14, 70.91310450693258360 ) ) ;
#1580 = FACE_OUTER_BOUND ( 'NONE', #1181, .T. ) ;
#1581 = CARTESIAN_POINT ( 'NONE',  ( 10.08052372452229584, -19.99999999999996092, -115.4202727622199376 ) ) ;
#1582 = CARTESIAN_POINT ( 'NONE',  ( -19.85671718029569632, -19.99999999999996092, -123.0753430006841569 ) ) ;
#1583 = CARTESIAN_POINT ( 'NONE',  ( -110.7920837712101871, -20.00000000000001776, 52.10748862797155567 ) ) ;
#1584 = CARTESIAN_POINT ( 'NONE',  ( -129.0310780333887806, 0.000000000000000000, 8.801127704571324983 ) ) ;
#1585 = CARTESIAN_POINT ( 'NONE',  ( 51.21509251654160266, 5.551115123125782702E-14, -25.58086702696008885 ) ) ;
#1586 = CARTESIAN_POINT ( 'NONE',  ( -21.81712805980776793, 5.551115123125782702E-14, -123.1487448981797570 ) ) ;
#1587 = VERTEX_POINT ( 'NONE', #200 ) ;
#1588 = CARTESIAN_POINT ( 'NONE',  ( 5.682957060195414911, -20.00000000000001776, 55.62966591814172546 ) ) ;
#1589 = CARTESIAN_POINT ( 'NONE',  ( 4.273751219550913305, 0.000000000000000000, 56.59213139650884017 ) ) ;
#1590 = CARTESIAN_POINT ( 'NONE',  ( -93.51718370160276095, 0.000000000000000000, 67.36045995795137742 ) ) ;
#1591 = CARTESIAN_POINT ( 'NONE',  ( -55.29519143091741284, -19.99999999999996092, 78.45682915636554355 ) ) ;
#1592 = CARTESIAN_POINT ( 'NONE',  ( -9.387088208597152317, 6.592349931641735286E-14, 64.94494642785943483 ) ) ;
#1593 = DIRECTION ( 'NONE',  ( 0.000000000000000000, -1.000000000000000000, -0.000000000000000000 ) ) ;
#1594 = CARTESIAN_POINT ( 'NONE',  ( -15.37318809960927624, -19.99999999999994316, -122.7421592891669206 ) ) ;
#1595 = CARTESIAN_POINT ( 'NONE',  ( -53.48542933102067565, -19.99999999999996092, -117.5649766825596743 ) ) ;
#1596 = CARTESIAN_POINT ( 'NONE',  ( -84.10626293068369819, 7.632783294297951215E-14, 72.44831078576937955 ) ) ;
#1597 = CARTESIAN_POINT ( 'NONE',  ( -125.6475718117742417, 0.000000000000000000, 24.93157111480556054 ) ) ;
#1598 = CARTESIAN_POINT ( 'NONE',  ( 50.17809600094982869, -20.00000000000012790, -13.23800602164816631 ) ) ;
#1599 = CARTESIAN_POINT ( 'NONE',  ( -24.60191788636571530, -20.00000000000012790, -123.1703470127124262 ) ) ;
#1600 = CARTESIAN_POINT ( 'NONE',  ( 21.81150158193175770, 0.000000000000000000, 44.62560165856267957 ) ) ;
#1601 = CARTESIAN_POINT ( 'NONE',  ( 13.18665676102053652, -20.00000000000001776, 50.38195317046943700 ) ) ;
#1602 = CARTESIAN_POINT ( 'NONE',  ( -74.97161444849950840, 0.000000000000000000, 75.80414773897172154 ) ) ;
#1603 = CARTESIAN_POINT ( 'NONE',  ( -57.60013807714198464, -19.99999999999996092, 78.45591741695893973 ) ) ;
#1604 = CARTESIAN_POINT ( 'NONE',  ( -9.387088208597152317, -20.00000000000002842, 64.94494642785943483 ) ) ;
#1605 = CARTESIAN_POINT ( 'NONE',  ( 49.50565156742613482, -19.99999999999996092, -1.100559448580909816 ) ) ;
#1606 = CARTESIAN_POINT ( 'NONE',  ( 19.54502513277726905, -19.99999999999996092, -109.8706579685754292 ) ) ;
#1607 = CARTESIAN_POINT ( 'NONE',  ( -62.56210371022137906, -19.99999999999996092, -113.3702237230749290 ) ) ;
#1608 = CARTESIAN_POINT ( 'NONE',  ( -92.80837680599543660, -20.00000000000001776, 67.80641633341419094 ) ) ;
#1609 = CARTESIAN_POINT ( 'NONE',  ( 51.07644370267638578, -20.00000000000012790, -23.64873031153743455 ) ) ;
#1610 = CARTESIAN_POINT ( 'NONE',  ( -52.01191719506145716, -20.00000000000012790, -118.1229046015597248 ) ) ;
#1611 = ORIENTED_EDGE ( 'NONE', *, *, #2482, .T. ) ;
#1612 = CARTESIAN_POINT ( 'NONE',  ( 6.557318504557803962, -20.00000000000000711, 55.02897804736888787 ) ) ;
#1613 = CARTESIAN_POINT ( 'NONE',  ( -74.15997792014951528, 0.000000000000000000, 76.03403163126750997 ) ) ;
#1614 = CARTESIAN_POINT ( 'NONE',  ( -1.483541683495443575, -19.99999999999996092, 60.34487985667941246 ) ) ;
#1615 = CARTESIAN_POINT ( 'NONE',  ( -8.353309885965673587, -20.00000000000002842, 64.38383071306036243 ) ) ;
#1616 = CARTESIAN_POINT ( 'NONE',  ( -62.28575225596777187, 0.000000000000000000, -113.5174472558108505 ) ) ;
#1617 = CARTESIAN_POINT ( 'NONE',  ( -31.70998576005503011, -19.99999999999996092, -122.7904226875422324 ) ) ;
#1618 = CARTESIAN_POINT ( 'NONE',  ( -89.73580366604433323, -20.00000000000000000, 69.64528322942405225 ) ) ;
#1619 = CARTESIAN_POINT ( 'NONE',  ( 51.46990184618029218, 5.551115123125782702E-14, -30.20079357857337499 ) ) ;
#1620 = CARTESIAN_POINT ( 'NONE',  ( -28.31657301337418886, -20.00000000000017408, -123.0714098106126642 ) ) ;
#1621 = EDGE_CURVE ( 'NONE', #2491, #2265, #1745, .T. ) ;
#1622 = DIRECTION ( 'NONE',  ( 0.000000000000000000, 1.000000000000000000, 0.000000000000000000 ) ) ;
#1623 = CARTESIAN_POINT ( 'NONE',  ( 21.60359604963184310, -20.00000000000012790, 44.75440734744778126 ) ) ;
#1624 = COORDINATED_UNIVERSAL_TIME_OFFSET ( 8, 0, .AHEAD. ) ;
#1625 = CARTESIAN_POINT ( 'NONE',  ( 34.59749925276162941, -20.00000000000012790, -95.71145274398466540 ) ) ;
#1626 = CARTESIAN_POINT ( 'NONE',  ( 2.632865330328374665, -19.99999999999998224, 57.69423138867009015 ) ) ;
#1627 = CARTESIAN_POINT ( 'NONE',  ( -18.96213954244151267, 7.632783294297951215E-14, 69.57031740676416121 ) ) ;
#1628 = CARTESIAN_POINT ( 'NONE',  ( -64.75000000054512839, 0.000000000000000000, -112.1502897897701132 ) ) ;
#1629 = CARTESIAN_POINT ( 'NONE',  ( -118.7983679148496066, -19.99999999999996092, 40.58235565491597185 ) ) ;
#1630 = CARTESIAN_POINT ( 'NONE',  ( -83.33667901593418037, -20.00000000000001776, 72.78583814852792955 ) ) ;
#1631 = CARTESIAN_POINT ( 'NONE',  ( 33.48283189665496451, 0.000000000000000000, -97.09970239047501650 ) ) ;
#1632 = CARTESIAN_POINT ( 'NONE',  ( 51.41598157247413070, 5.551115123125782702E-14, -29.03409751142283568 ) ) ;
#1633 = CARTESIAN_POINT ( 'NONE',  ( -32.84024468456922818, 5.551115123125782702E-14, -122.6708730619252066 ) ) ;
#1634 = ORIENTED_EDGE ( 'NONE', *, *, #205, .T. ) ;
#1635 = CARTESIAN_POINT ( 'NONE',  ( 22.53991191228896440, 7.286068217515526290E-14, 44.17595457144954452 ) ) ;
#1636 = APPROVAL_DATE_TIME ( #2480, #570 ) ;
#1637 = CARTESIAN_POINT ( 'NONE',  ( 34.04553329087870139, 5.551115123125782702E-14, -96.40977019935317571 ) ) ;
#1638 = CARTESIAN_POINT ( 'NONE',  ( -3.472014375773822437, -19.99999999999994671, 61.56911946717546869 ) ) ;
#1639 = CARTESIAN_POINT ( 'NONE',  ( -0.4197035304408086032, -20.00000000000001776, 59.67463931839357372 ) ) ;
#1640 = CARTESIAN_POINT ( 'NONE',  ( -66.91345849861176021, 0.000000000000000000, -110.8735210708625658 ) ) ;
#1641 = CARTESIAN_POINT ( 'NONE',  ( -127.6043102191263046, -19.99999999999996803, 17.70278522131204468 ) ) ;
#1642 = CARTESIAN_POINT ( 'NONE',  ( -92.80837680599543660, 7.632783294297951215E-14, 67.80641633341419094 ) ) ;
#1643 = CARTESIAN_POINT ( 'NONE',  ( 40.15820535823866777, 0.000000000000000000, -87.36737144137099165 ) ) ;
#1644 = CARTESIAN_POINT ( 'NONE',  ( 51.56021606764876708, 6.939162991119396925E-14, -32.71391870664295709 ) ) ;
#1645 = CARTESIAN_POINT ( 'NONE',  ( -30.42608774114449588, 5.551115123125782702E-14, -122.9051990072463383 ) ) ;
#1646 = CARTESIAN_POINT ( 'NONE',  ( 50.32485479848425314, 0.000000000000000000, -14.88965294346866841 ) ) ;
#1647 = CARTESIAN_POINT ( 'NONE',  ( 21.29222178689738953, -20.00000000000012790, 44.94840558092926130 ) ) ;
#1648 = CARTESIAN_POINT ( 'NONE',  ( 17.82631548349032968, 0.000000000000000000, 47.19406691161561440 ) ) ;
#1649 = CARTESIAN_POINT ( 'NONE',  ( 34.04553329087870139, -20.00000000000012790, -96.40977019935317571 ) ) ;
#1650 = CARTESIAN_POINT ( 'NONE',  ( -14.87040112620456256, -19.99999999999994316, 67.72318329009644344 ) ) ;
#1651 = CARTESIAN_POINT ( 'NONE',  ( 0.5637247653766245259, 7.632783294297951215E-14, 59.04459495799539326 ) ) ;
#1652 = CARTESIAN_POINT ( 'NONE',  ( -122.9453616487184746, -19.99999999999996092, 32.22856187268961037 ) ) ;
#1653 = CARTESIAN_POINT ( 'NONE',  ( 50.78254850884610505, -19.99999999999996092, -20.02355694446560008 ) ) ;
#1654 = CARTESIAN_POINT ( 'NONE',  ( -55.29519143091741284, 7.632783294297951215E-14, 78.45682915636554355 ) ) ;
#1655 = CARTESIAN_POINT ( 'NONE',  ( 19.31415285978262730, 0.000000000000000000, -110.0292822171434466 ) ) ;
#1656 = CARTESIAN_POINT ( 'NONE',  ( 51.60713445721283676, -20.00000000000012790, -36.48568142080739563 ) ) ;
#1657 = PRODUCT_DEFINITION_FORMATION_WITH_SPECIFIED_SOURCE ( '�', '', #2300, .NOT_KNOWN. ) ;
#1658 = CARTESIAN_POINT ( 'NONE',  ( -117.3755861750766485, -20.00000000000001776, 42.97635088227298894 ) ) ;
#1659 = CARTESIAN_POINT ( 'NONE',  ( -41.91531366363294353, -20.00000000000012790, -121.1276235419878020 ) ) ;
#1660 = AXIS2_PLACEMENT_3D ( 'NONE', #2387, #1676, #1290 ) ;
#1661 = CARTESIAN_POINT ( 'NONE',  ( 49.76831680214849740, 0.000000000000000000, -7.908635213554092047 ) ) ;
#1662 = CARTESIAN_POINT ( 'NONE',  ( 20.98186833761895542, -20.00000000000012790, 45.14402156672510102 ) ) ;
#1663 = CARTESIAN_POINT ( 'NONE',  ( -127.6043102191262903, 6.941595403442450653E-14, 17.70278522131204468 ) ) ;
#1664 = CALENDAR_DATE ( 2025, 23, 6 ) ;
#1665 = CARTESIAN_POINT ( 'NONE',  ( 28.16251043025159717, 5.551115123125782702E-14, -102.8293965443078690 ) ) ;
#1666 = CARTESIAN_POINT ( 'NONE',  ( -37.05500290117037565, 0.000000000000000000, 75.70806472073167015 ) ) ;
#1667 = CARTESIAN_POINT ( 'NONE',  ( -13.52571114240749139, -19.99999999999996092, 67.06633594643399476 ) ) ;
#1668 = CARTESIAN_POINT ( 'NONE',  ( -0.7228372298186391820, -20.00000000000001776, 59.86742984984006455 ) ) ;
#1669 = CARTESIAN_POINT ( 'NONE',  ( -121.8717491532040214, -19.99999999999996092, 34.63639759781418093 ) ) ;
#1670 = CARTESIAN_POINT ( 'NONE',  ( 49.83580093688390633, -19.99999999999996092, -8.909857504362820535 ) ) ;
#1671 = CARTESIAN_POINT ( 'NONE',  ( -66.47054351877997647, -20.00000000000001776, 77.68918181519318011 ) ) ;
#1672 = CC_DESIGN_DATE_AND_TIME_ASSIGNMENT ( #1431, #438, ( #2001 ) ) ;
#1673 = CARTESIAN_POINT ( 'NONE',  ( 41.11003035848399634, 0.000000000000000000, -85.60832763688040359 ) ) ;
#1674 = CARTESIAN_POINT ( 'NONE',  ( 51.41598157247413070, -20.00000000000012790, -29.03409751142283568 ) ) ;
#1675 = CARTESIAN_POINT ( 'NONE',  ( -122.6562147185706664, -20.00000000000001776, 32.89495036707205600 ) ) ;
#1676 = DIRECTION ( 'NONE',  ( 0.000000000000000000, 1.000000000000000000, 0.000000000000000000 ) ) ;
#1677 = CARTESIAN_POINT ( 'NONE',  ( 49.54905545651282495, 0.000000000000000000, -3.301253372065207969 ) ) ;
#1678 = CARTESIAN_POINT ( 'NONE',  ( 19.39644319135813078, -20.00000000000004263, 46.15727246470369494 ) ) ;
#1679 = CARTESIAN_POINT ( 'NONE',  ( -128.7219415320301437, 7.632783294297951215E-14, 11.32380647641311278 ) ) ;
#1680 = CARTESIAN_POINT ( 'NONE',  ( 4.124921580705903423, -20.00000000000013145, -118.0432716656920604 ) ) ;
#1681 = CARTESIAN_POINT ( 'NONE',  ( -35.22010231652344459, 0.000000000000000000, 75.22900213415194060 ) ) ;
#1682 = CARTESIAN_POINT ( 'NONE',  ( 20.02967353960259800, -19.99999999999996092, 45.75049248394338974 ) ) ;
#1683 = CARTESIAN_POINT ( 'NONE',  ( -2.550976623467477111, -20.00000000000000355, 61.00941629251993703 ) ) ;
#1684 = CARTESIAN_POINT ( 'NONE',  ( -129.4803471162713322, -19.99999999999996092, 1.878741283067044909 ) ) ;
#1685 = CARTESIAN_POINT ( 'NONE',  ( 50.57593982971102520, -19.99999999999996092, -17.69728476121133909 ) ) ;
#1686 = CARTESIAN_POINT ( 'NONE',  ( -57.88817428785220187, 7.632783294297951215E-14, 78.44937974168955463 ) ) ;
#1687 = CARTESIAN_POINT ( 'NONE',  ( -24.25383301481175735, 0.000000000000000000, -123.1735823698482903 ) ) ;
#1688 = CARTESIAN_POINT ( 'NONE',  ( 50.68616962074600707, 5.551115123125782702E-14, -51.90022960017601861 ) ) ;
#1689 = CARTESIAN_POINT ( 'NONE',  ( -125.6475718117742417, 7.632783294297951215E-14, 24.93157111480556054 ) ) ;
#1690 = CARTESIAN_POINT ( 'NONE',  ( -128.7508621342097115, 0.000000000000000000, -35.73466032044944285 ) ) ;
#1691 = CARTESIAN_POINT ( 'NONE',  ( 49.50565156742613482, 0.000000000000000000, -1.100559448580909816 ) ) ;
#1692 = CARTESIAN_POINT ( 'NONE',  ( 49.51298643245002040, 7.286068217515526290E-14, -1.834253210643385312 ) ) ;
#1693 = CARTESIAN_POINT ( 'NONE',  ( -129.4977157630163447, -20.00000000000001776, -0.9420329443480879306 ) ) ;
#1694 = CARTESIAN_POINT ( 'NONE',  ( 19.54502513277726905, -20.00000000000012790, -109.8706579685754292 ) ) ;
#1695 = CARTESIAN_POINT ( 'NONE',  ( -46.77261666362249315, 0.000000000000000000, 77.73435343406451636 ) ) ;
#1696 = CARTESIAN_POINT ( 'NONE',  ( 13.18665676102053652, -19.99999999999996092, 50.38195317046943700 ) ) ;
#1697 = CARTESIAN_POINT ( 'NONE',  ( -7.156191635272812768, 7.632783294297951215E-14, 63.71297257456365060 ) ) ;
#1698 = CARTESIAN_POINT ( 'NONE',  ( -77.52538958140971204, -19.99999999999996092, 75.00927806677137255 ) ) ;
#1699 = CARTESIAN_POINT ( 'NONE',  ( 51.00632098749691323, -19.99999999999996092, -22.74216770976778790 ) ) ;
#1700 = CARTESIAN_POINT ( 'NONE',  ( -53.01409402611336219, -20.00000000000001776, 78.37747181922769357 ) ) ;
#1701 = CARTESIAN_POINT ( 'NONE',  ( -30.16909703282262711, 0.000000000000000000, -122.9254475656117052 ) ) ;
#1702 = CARTESIAN_POINT ( 'NONE',  ( 49.87400677096078283, 5.551115123125782702E-14, -57.42651392814180156 ) ) ;
#1703 = CARTESIAN_POINT ( 'NONE',  ( -124.4564739653316821, -20.00000000000003908, 28.47328801694881761 ) ) ;
#1704 = CARTESIAN_POINT ( 'NONE',  ( -65.02194148750272973, 5.551115123125782702E-14, -111.9932842990695434 ) ) ;
#1705 = CARTESIAN_POINT ( 'NONE',  ( 23.79971334286688744, 0.000000000000000000, 43.42343161258244066 ) ) ;
#1706 = CARTESIAN_POINT ( 'NONE',  ( 49.56025171902470561, 5.551115123125782702E-14, -3.667940681710162298 ) ) ;
#1707 = CARTESIAN_POINT ( 'NONE',  ( -129.4760151037038156, 7.632783294297951215E-14, -2.511994379362889163 ) ) ;
#1708 = CARTESIAN_POINT ( 'NONE',  ( 20.00493776790120037, -20.00000000000012790, -109.5507431866233645 ) ) ;
#1709 = CARTESIAN_POINT ( 'NONE',  ( 46.80987172797131279, -20.00000000000012790, -70.73417885548211359 ) ) ;
#1710 = CARTESIAN_POINT ( 'NONE',  ( -25.01410161728600201, 0.000000000000000000, 71.98619272219966092 ) ) ;
#1711 = CARTESIAN_POINT ( 'NONE',  ( 12.95687420016295732, -19.99999999999996092, 50.54329255766865714 ) ) ;
#1712 = CARTESIAN_POINT ( 'NONE',  ( 5.433032131151517952, 7.632783294297951215E-14, 55.80113336847321648 ) ) ;
#1713 = CARTESIAN_POINT ( 'NONE',  ( -100.1660112179642255, -19.99999999999996447, 62.59392271035594035 ) ) ;
#1714 = CARTESIAN_POINT ( 'NONE',  ( 50.54985171713744307, -19.99999999999996092, -17.40652414260651781 ) ) ;
#1715 = CARTESIAN_POINT ( 'NONE',  ( -73.34528383903773374, 7.632783294297951215E-14, 76.25222234531258891 ) ) ;
#1716 = CARTESIAN_POINT ( 'NONE',  ( 21.36604536440060542, -19.99999999999996092, -108.5646001690925004 ) ) ;
#1717 = CARTESIAN_POINT ( 'NONE',  ( 7.462100287057490178, 0.000000000000000000, -116.6390405258233187 ) ) ;
#1718 = CARTESIAN_POINT ( 'NONE',  ( 50.59877643039445161, 5.551115123125782702E-14, -52.59302673992866772 ) ) ;
#1719 = CARTESIAN_POINT ( 'NONE',  ( -124.4564739653316821, 4.859138737622419990E-14, 28.47328801694881761 ) ) ;
#1720 = CARTESIAN_POINT ( 'NONE',  ( -63.11313588007047315, 5.551115123125782702E-14, -113.0726405349380030 ) ) ;
#1721 = CARTESIAN_POINT ( 'NONE',  ( 20.98186833761895542, -19.99999999999996092, 45.14402156672510102 ) ) ;
#1722 = CARTESIAN_POINT ( 'NONE',  ( 51.58441435932608954, 0.000000000000000000, -33.79141238531252611 ) ) ;
#1723 = CARTESIAN_POINT ( 'NONE',  ( 49.54905545651282495, 5.551115123125782702E-14, -3.301253372065207969 ) ) ;
#1724 = CARTESIAN_POINT ( 'NONE',  ( -128.6336001328637622, 7.632783294297951215E-14, 11.94318509636946146 ) ) ;
#1725 = CARTESIAN_POINT ( 'NONE',  ( 9.792247895761185816, -20.00000000000012790, -115.5612655792238854 ) ) ;
#1726 = CARTESIAN_POINT ( 'NONE',  ( 46.88637266789675095, -20.00000000000012790, -70.47115945102700607 ) ) ;
#1727 = CARTESIAN_POINT ( 'NONE',  ( -56.15946300404878144, 0.000000000000000000, 78.46767066211108954 ) ) ;
#1728 = CARTESIAN_POINT ( 'NONE',  ( 4.682233257293409778, -19.99999999999996092, 56.31404076559702787 ) ) ;
#1729 = CARTESIAN_POINT ( 'NONE',  ( -76.65450521231949210, -19.99999999999996092, 75.29244041032883672 ) ) ;
#1730 = CARTESIAN_POINT ( 'NONE',  ( 50.10913760715088472, -19.99999999999997158, -56.04984635634863821 ) ) ;
#1731 = CARTESIAN_POINT ( 'NONE',  ( -26.76668319554417153, -20.00000000000001776, 72.61516529951001075 ) ) ;
#1732 = CARTESIAN_POINT ( 'NONE',  ( 27.54906536193227140, -19.99999999999996092, -103.4082038842701650 ) ) ;
#1733 = CARTESIAN_POINT ( 'NONE',  ( -22.51315545083975778, 0.000000000000000000, -123.1648849447235818 ) ) ;
#1734 = CARTESIAN_POINT ( 'NONE',  ( 49.11103017930160064, -20.00000000000012790, -61.47273330371334765 ) ) ;
#1735 = CARTESIAN_POINT ( 'NONE',  ( -109.9028091002120107, -20.00000000000001776, 53.15380114543378909 ) ) ;
#1736 = CARTESIAN_POINT ( 'NONE',  ( -85.03287892652217295, -20.00000000000013145, -98.29153084069817226 ) ) ;
#1737 = FACE_OUTER_BOUND ( 'NONE', #153, .T. ) ;
#1738 = CARTESIAN_POINT ( 'NONE',  ( 51.09921565350534678, 0.000000000000000000, -23.95096365654801573 ) ) ;
#1739 = CARTESIAN_POINT ( 'NONE',  ( 49.60204255628193692, -20.00000000000012790, -4.777181090898568350 ) ) ;
#1740 = CARTESIAN_POINT ( 'NONE',  ( -21.46918146116993853, -19.99999999999996092, -123.1384148528315308 ) ) ;
#1741 = CARTESIAN_POINT ( 'NONE',  ( 17.22553680019732170, -20.00000000000012790, -111.4127880581185224 ) ) ;
#1742 = CARTESIAN_POINT ( 'NONE',  ( 51.59644578789679770, 0.000000000000000000, -38.24994706658554833 ) ) ;
#1743 = CARTESIAN_POINT ( 'NONE',  ( 46.80987172797131279, 5.551115123125782702E-14, -70.73417885548211359 ) ) ;
#1744 = CARTESIAN_POINT ( 'NONE',  ( -14.87040112620456256, 0.000000000000000000, 67.72318329009644344 ) ) ;
#1745 = LINE ( 'NONE', #2601, #736 ) ;
#1746 = CARTESIAN_POINT ( 'NONE',  ( -96.50144569378835513, -19.99999999999996092, 65.34637712929919928 ) ) ;
#1747 = CARTESIAN_POINT ( 'NONE',  ( 49.36077760558745808, -19.99999999999996092, -60.23330114618072173 ) ) ;
#1748 = CARTESIAN_POINT ( 'NONE',  ( -26.54700716717497144, -20.00000000000001776, 72.53824940506697772 ) ) ;
#1749 = CARTESIAN_POINT ( 'NONE',  ( 40.29801143434923461, -19.99999999999996092, -87.11545506444522857 ) ) ;
#1750 = CARTESIAN_POINT ( 'NONE',  ( 50.50678222508265947, 5.551115123125782702E-14, -53.28519827119630037 ) ) ;
#1751 = CARTESIAN_POINT ( 'NONE',  ( -101.7588352641920864, -20.00000000000001776, 61.24361170753233807 ) ) ;
#1752 = CARTESIAN_POINT ( 'NONE',  ( -129.4625456320161163, 0.000000000000000000, 2.504740734368369193 ) ) ;
#1753 = CARTESIAN_POINT ( 'NONE',  ( 40.46461181318350242, -19.99999999999995381, 33.33645270168894825 ) ) ;
#1754 = CARTESIAN_POINT ( 'NONE',  ( 51.20409094949378215, 0.000000000000000000, -25.41651556977052806 ) ) ;
#1755 = CARTESIAN_POINT ( 'NONE',  ( 49.91242943906904372, -20.00000000000012790, -9.959598821137969793 ) ) ;
#1756 = CARTESIAN_POINT ( 'NONE',  ( -15.37318809960927801, 7.288826218588958467E-14, -122.7421592891669064 ) ) ;
#1757 = CARTESIAN_POINT ( 'NONE',  ( 47.03760586891066708, 0.000000000000000000, -69.94460621013507762 ) ) ;
#1758 = CARTESIAN_POINT ( 'NONE',  ( 40.29801143434923461, 5.551115123125782702E-14, -87.11545506444522857 ) ) ;
#1759 = CARTESIAN_POINT ( 'NONE',  ( -10.42834940910857711, 0.000000000000000000, 65.49205115096710017 ) ) ;
#1760 = CYLINDRICAL_SURFACE ( 'NONE', #960, 5.000000000000000000 ) ;
#1761 = VECTOR ( 'NONE', #2675, 1000.000000000000000 ) ;
#1762 = CARTESIAN_POINT ( 'NONE',  ( -91.28905843082895899, -19.99999999999994671, 68.75420203449246515 ) ) ;
#1763 = CARTESIAN_POINT ( 'NONE',  ( 51.31829509714933124, -19.99999999999996092, -45.24677742679540415 ) ) ;
#1764 = CARTESIAN_POINT ( 'NONE',  ( -44.27641730380435092, -20.00000000000001776, 77.30029459563290573 ) ) ;
#1765 = CARTESIAN_POINT ( 'NONE',  ( 29.16577802237477357, -19.99999999999996092, -101.8446268855277594 ) ) ;
#1766 = CARTESIAN_POINT ( 'NONE',  ( -112.8618512654651624, 7.632783294297951215E-14, 49.52156947672241927 ) ) ;
#1767 = CARTESIAN_POINT ( 'NONE',  ( -122.1946182690568605, 0.000000000000000000, 33.93355812150608841 ) ) ;
#1768 = CARTESIAN_POINT ( 'NONE',  ( 50.70670384260639452, 5.551115123125782702E-14, -19.15106108192119905 ) ) ;
#1769 = CARTESIAN_POINT ( 'NONE',  ( -0.8856510321941735153, 5.551115123125782702E-14, -119.7547863644266641 ) ) ;
#1770 = CARTESIAN_POINT ( 'NONE',  ( 50.95554354861209134, 0.000000000000000000, -49.50683570441576364 ) ) ;
#1771 = CARTESIAN_POINT ( 'NONE',  ( 46.88637266789675095, 5.551115123125782702E-14, -70.47115945102700607 ) ) ;
#1772 = CARTESIAN_POINT ( 'NONE',  ( -4.553535077850229484, 0.000000000000000000, 62.21047661934098727 ) ) ;
#1773 = CARTESIAN_POINT ( 'NONE',  ( -66.47054351877997647, 0.000000000000000000, 77.68918181519318011 ) ) ;
#1774 = CARTESIAN_POINT ( 'NONE',  ( -67.34939302101429348, -19.99999999999996092, 77.54683420850896880 ) ) ;
#1775 = CARTESIAN_POINT ( 'NONE',  ( 50.74155815899545985, -19.99999999999996092, -51.43803015732397199 ) ) ;
#1776 = CARTESIAN_POINT ( 'NONE',  ( -47.33717511649421539, 7.632783294297951215E-14, 77.81727633936685606 ) ) ;
#1777 = CARTESIAN_POINT ( 'NONE',  ( 25.50749373707376222, -19.99999999999996092, -105.2456952650657200 ) ) ;
#1778 = CARTESIAN_POINT ( 'NONE',  ( -113.9844221095793273, 9.371347995328660165E-14, 48.05750821316517829 ) ) ;
#1779 = CARTESIAN_POINT ( 'NONE',  ( -116.2204630106661369, 0.000000000000000000, 44.79149375771373798 ) ) ;
#1780 = CARTESIAN_POINT ( 'NONE',  ( 50.39958061885709384, -20.00000000000009592, -15.72863441350816949 ) ) ;
#1781 = CARTESIAN_POINT ( 'NONE',  ( -0.2581821330022430194, 5.551115123125782702E-14, -119.5577400436045536 ) ) ;
#1782 = CARTESIAN_POINT ( 'NONE',  ( 49.87400677096078283, 0.000000000000000000, -57.42651392814180156 ) ) ;
#1783 = CARTESIAN_POINT ( 'NONE',  ( 13.94824710662830469, 7.632783294297951215E-14, 49.84858612404512002 ) ) ;
#1784 = CARTESIAN_POINT ( 'NONE',  ( -3.472014375773822437, 0.000000000000000000, 61.56911946717546869 ) ) ;
#1785 = CARTESIAN_POINT ( 'NONE',  ( -65.30977265023543055, 0.000000000000000000, 77.85775972433361858 ) ) ;
#1786 = CARTESIAN_POINT ( 'NONE',  ( -33.27128674496474048, -19.99999999999996092, 74.68653014757245501 ) ) ;
#1787 = CARTESIAN_POINT ( 'NONE',  ( -34.73187493297466233, 7.632783294297951215E-14, 75.09711934980325054 ) ) ;
#1788 = CARTESIAN_POINT ( 'NONE',  ( 17.75292958639460750, -19.99999999999996092, -111.0749599269824870 ) ) ;
#1789 = CARTESIAN_POINT ( 'NONE',  ( -62.28575225596777187, -19.99999999999996092, -113.5174472558108505 ) ) ;
#1790 = CARTESIAN_POINT ( 'NONE',  ( -102.8066196075553194, 7.632783294297951215E-14, 60.33329179887377336 ) ) ;
#1791 = CARTESIAN_POINT ( 'NONE',  ( -111.6106994635894551, 0.000000000000000000, 51.11416544137317430 ) ) ;
#1792 = CARTESIAN_POINT ( 'NONE',  ( 50.25021244593059322, -20.00000000000012790, -14.05066406785236133 ) ) ;
#1793 = CARTESIAN_POINT ( 'NONE',  ( -8.380125966729714548, 5.551115123125782702E-14, -121.6486729768819544 ) ) ;
#1794 = CARTESIAN_POINT ( 'NONE',  ( 49.45627457812179983, 0.000000000000000000, -59.73667303977961751 ) ) ;
#1795 = CARTESIAN_POINT ( 'NONE',  ( 16.33094912897125894, 7.632783294297951215E-14, 48.20523126937127500 ) ) ;
#1796 = CARTESIAN_POINT ( 'NONE',  ( -17.20145857536769540, 0.000000000000000000, 68.79447167826144494 ) ) ;
#1797 = CARTESIAN_POINT ( 'NONE',  ( -89.73580366604431902, 0.000000000000000000, 69.64528322942403804 ) ) ;
#1798 = CARTESIAN_POINT ( 'NONE',  ( -55.58326045101522084, -19.99999999999996092, 78.46171173131298815 ) ) ;
#1799 = CARTESIAN_POINT ( 'NONE',  ( -17.39640560672453873, 7.632783294297951215E-14, 68.88221302896101861 ) ) ;
#1800 = CARTESIAN_POINT ( 'NONE',  ( 49.58195702961020146, -19.99999999999996092, -4.278989871772089337 ) ) ;
#1801 = AXIS2_PLACEMENT_3D ( 'NONE', #2552, #1917, #1900 ) ;
#1802 = CARTESIAN_POINT ( 'NONE',  ( 13.89835636338382763, -20.00000000000000355, -113.4357447059060178 ) ) ;
#1803 = CARTESIAN_POINT ( 'NONE',  ( -41.23241196420706700, -19.99999999999996092, -121.2797746702288180 ) ) ;
#1804 = CARTESIAN_POINT ( 'NONE',  ( -85.37826836450481949, -20.00000000000001776, 71.86181726706877271 ) ) ;
#1805 = CARTESIAN_POINT ( 'NONE',  ( -125.0824567456206324, 0.000000000000000000, 26.71266463056862861 ) ) ;
#1806 = CARTESIAN_POINT ( 'NONE',  ( 50.86056100486585763, 6.938926882954919021E-14, -20.92947672260961767 ) ) ;
#1807 = CARTESIAN_POINT ( 'NONE',  ( -10.54033026498034076, 5.551115123125782702E-14, -122.0487034034466234 ) ) ;
#1808 = CARTESIAN_POINT ( 'NONE',  ( 20.02967353960259800, 0.000000000000000000, 45.75049248394338974 ) ) ;
#1809 = CARTESIAN_POINT ( 'NONE',  ( 17.20173752596267391, 7.632783294297951215E-14, 47.61399838119800165 ) ) ;
#1810 = DIRECTION ( 'NONE',  ( 0.000000000000000000, 0.000000000000000000, 1.000000000000000000 ) ) ;
#1811 = CARTESIAN_POINT ( 'NONE',  ( -83.59365087280993123, 0.000000000000000000, 72.67435216997441216 ) ) ;
#1812 = CARTESIAN_POINT ( 'NONE',  ( -66.47054351877997647, -19.99999999999996092, 77.68918181519318011 ) ) ;
#1813 = CARTESIAN_POINT ( 'NONE',  ( -16.03171606414514727, -20.00000000000000000, 68.26799642397809009 ) ) ;
#1814 = PLANE ( 'NONE',  #2246 ) ;
#1815 = CARTESIAN_POINT ( 'NONE',  ( 9.213887237051345380, -19.99999999999996092, -115.8395525048318007 ) ) ;
#1816 = CARTESIAN_POINT ( 'NONE',  ( -39.40738219996372749, -19.99999999999998579, -121.6809174247599969 ) ) ;
#1817 = CARTESIAN_POINT ( 'NONE',  ( -78.10336296875237849, 7.632783294297951215E-14, 74.81300027630393856 ) ) ;
#1818 = CARTESIAN_POINT ( 'NONE',  ( 50.11091833051023769, 5.551115123125782702E-14, -12.45146762077314229 ) ) ;
#1819 = CARTESIAN_POINT ( 'NONE',  ( -48.47109339016709129, -20.00000000000013500, -119.3599668928096662 ) ) ;
#1820 = EDGE_LOOP ( 'NONE', ( #579, #1611 ) ) ;
#1821 = CARTESIAN_POINT ( 'NONE',  ( 13.30155241857413628, -20.00000000000001776, 50.30128971157188289 ) ) ;
#1822 = CARTESIAN_POINT ( 'NONE',  ( 12.61222662111836357, 0.000000000000000000, 50.78533904703667901 ) ) ;
#1823 = CARTESIAN_POINT ( 'NONE',  ( -69.94653127023265426, 0.000000000000000000, 77.07752360735038621 ) ) ;
#1824 = CARTESIAN_POINT ( 'NONE',  ( -2.550976623467477111, -19.99999999999994671, 61.00941629251994414 ) ) ;
#1825 = CARTESIAN_POINT ( 'NONE',  ( -10.42834940910857711, -20.00000000000001776, 65.49205115096710017 ) ) ;
#1826 = CARTESIAN_POINT ( 'NONE',  ( -56.89353884261510785, 0.000000000000000000, -116.1447553068789205 ) ) ;
#1827 = CARTESIAN_POINT ( 'NONE',  ( -66.91345849861176021, -19.99999999999996092, -110.8735210708625658 ) ) ;
#1828 = CARTESIAN_POINT ( 'NONE',  ( -93.51718370160276095, 7.632783294297951215E-14, 67.36045995795137742 ) ) ;
#1829 = CARTESIAN_POINT ( 'NONE',  ( 51.58137804748420052, 4.510555216386451190E-14, -39.42609392346017216 ) ) ;
#1830 = CARTESIAN_POINT ( 'NONE',  ( -37.56964623071704068, -20.00000000000015277, -122.0191121278882633 ) ) ;
#1831 = EDGE_LOOP ( 'NONE', ( #2686, #2240, #1217, #2050 ) ) ;
#1832 = CARTESIAN_POINT ( 'NONE',  ( 14.92024357882816155, -20.00000000000002487, 49.17232787526844362 ) ) ;
#1833 = CARTESIAN_POINT ( 'NONE',  ( 18.03507939691665385, 0.000000000000000000, 47.05494426100010941 ) ) ;
#1834 = CARTESIAN_POINT ( 'NONE',  ( 25.73827728829178341, 5.551115123125782702E-14, -105.0459965900394081 ) ) ;
#1835 = CARTESIAN_POINT ( 'NONE',  ( 0.9785441820457513318, -19.99999999999996092, 58.77604897261603867 ) ) ;
#1836 = CARTESIAN_POINT ( 'NONE',  ( -25.01410161728600201, 7.632783294297951215E-14, 71.98619272219966092 ) ) ;
#1837 = CARTESIAN_POINT ( 'NONE',  ( -44.41290313332778084, 0.000000000000000000, -120.5164121113516700 ) ) ;
#1838 = CARTESIAN_POINT ( 'NONE',  ( -129.4625456320161163, -19.99999999999996092, 2.504740734368369193 ) ) ;
#1839 = CARTESIAN_POINT ( 'NONE',  ( -76.07161900691700396, -20.00000000000001776, 75.47360850646779795 ) ) ;
#1840 = CARTESIAN_POINT ( 'NONE',  ( 41.36983466679547661, 0.000000000000000000, -85.10028809484080625 ) ) ;
#1841 = CARTESIAN_POINT ( 'NONE',  ( 51.60730743718889357, -20.00000000000012790, -36.68171445823583099 ) ) ;
#1842 = CARTESIAN_POINT ( 'NONE',  ( -39.40738219996373459, 3.123732045614412445E-14, -121.6809174247599827 ) ) ;
#1843 = VERTEX_POINT ( 'NONE', #1265 ) ;
#1844 = CARTESIAN_POINT ( 'NONE',  ( 40.46461181318350953, 4.535363353450360483E-14, 33.33645270168894825 ) ) ;
#1845 = CARTESIAN_POINT ( 'NONE',  ( 26.19724553481832530, -20.00000000000012790, -104.6435958490237681 ) ) ;
#1846 = CARTESIAN_POINT ( 'NONE',  ( -5.963642856679958193, -19.99999999999996092, 63.03409649068042597 ) ) ;
#1847 = CARTESIAN_POINT ( 'NONE',  ( -12.18626195950498570, 7.632783294297951215E-14, 66.39898455646060427 ) ) ;
#1848 = CARTESIAN_POINT ( 'NONE',  ( -33.56192751471936475, 0.000000000000000000, -122.5880874016560114 ) ) ;
#1849 = CARTESIAN_POINT ( 'NONE',  ( -116.0957921304937202, -19.99999999999998579, -66.42701805493732081 ) ) ;
#1850 = CARTESIAN_POINT ( 'NONE',  ( -83.59365087280993123, 7.632783294297951215E-14, 72.67435216997441216 ) ) ;
#1851 = CARTESIAN_POINT ( 'NONE',  ( 24.16908639259605707, 0.000000000000000000, -106.4038288145628854 ) ) ;
#1852 = CARTESIAN_POINT ( 'NONE',  ( 51.59644578789679770, -20.00000000000012790, -38.24994706658554833 ) ) ;
#1853 = CARTESIAN_POINT ( 'NONE',  ( -45.54472912241198657, 5.551115123125782702E-14, -120.2110751163697273 ) ) ;
#1854 = CARTESIAN_POINT ( 'NONE',  ( 49.71309374743501053, 0.000000000000000000, -7.032307711728085664 ) ) ;
#1855 = CARTESIAN_POINT ( 'NONE',  ( 49.49315600617617861, 5.551115123125782702E-14, 0.8587744204191594122 ) ) ;
#1856 = CARTESIAN_POINT ( 'NONE',  ( 17.30564935187787867, 0.000000000000000000, 47.54373689131065106 ) ) ;
#1857 = CARTESIAN_POINT ( 'NONE',  ( 34.41453161609500455, -20.00000000000012790, -95.94502503767380119 ) ) ;
#1858 = CARTESIAN_POINT ( 'NONE',  ( -20.89294423600530948, -19.99999999999996092, 70.38275560592806812 ) ) ;
#1859 = CARTESIAN_POINT ( 'NONE',  ( 4.682233257293409778, 7.632783294297951215E-14, 56.31404076559702787 ) ) ;
#1860 = CARTESIAN_POINT ( 'NONE',  ( -43.27643655143425860, 0.000000000000000000, -120.8028368137938884 ) ) ;
#1861 = CARTESIAN_POINT ( 'NONE',  ( -125.6475718117742417, -19.99999999999996092, 24.93157111480556054 ) ) ;
#1862 = CARTESIAN_POINT ( 'NONE',  ( 51.60697595736790078, -19.99999999999996092, -36.30605828324158324 ) ) ;
#1863 = CARTESIAN_POINT ( 'NONE',  ( -71.65388179840904570, 9.719289011069462584E-14, 76.69771247719907592 ) ) ;
#1864 = CARTESIAN_POINT ( 'NONE',  ( 39.14474852173184871, 0.000000000000000000, -89.11114154477184002 ) ) ;
#1865 = CARTESIAN_POINT ( 'NONE',  ( 51.59908559496192737, 5.551115123125782702E-14, -35.04871536410139754 ) ) ;
#1866 = CARTESIAN_POINT ( 'NONE',  ( -31.70998576005503011, 5.551115123125782702E-14, -122.7904226875422324 ) ) ;
#1867 = CARTESIAN_POINT ( 'NONE',  ( 49.48769540844705261, 0.000000000000000000, 1.103631804891946899 ) ) ;
#1868 = CARTESIAN_POINT ( 'NONE',  ( 17.82631548349032968, 7.632783294297951215E-14, 47.19406691161561440 ) ) ;
#1869 = CARTESIAN_POINT ( 'NONE',  ( -128.8197399366202376, -20.00000000000001776, 10.60429027317190886 ) ) ;
#1870 = CARTESIAN_POINT ( 'NONE',  ( 39.14474852173184871, 5.551115123125782702E-14, -89.11114154477184002 ) ) ;
#1871 = CARTESIAN_POINT ( 'NONE',  ( -19.60383248577016246, -19.99999999999996092, 69.84562531224278814 ) ) ;
#1872 = CARTESIAN_POINT ( 'NONE',  ( -1.483541683495443575, 7.632783294297951215E-14, 60.34487985667941246 ) ) ;
#1873 = CARTESIAN_POINT ( 'NONE',  ( -125.0824567456206324, -19.99999999999998579, 26.71266463056862861 ) ) ;
#1874 = CARTESIAN_POINT ( 'NONE',  ( 49.84512783099553701, -19.99999999999996092, -9.041093252998193108 ) ) ;
#1875 = CARTESIAN_POINT ( 'NONE',  ( -52.72926689194367356, -20.00000000000001776, 78.36102878402387262 ) ) ;
#1876 = CARTESIAN_POINT ( 'NONE',  ( 12.31789068132317944, 0.000000000000000000, -114.2776201646975665 ) ) ;
#1877 = CARTESIAN_POINT ( 'NONE',  ( 51.59644578789679770, 5.551115123125782702E-14, -38.24994706658554833 ) ) ;
#1878 = CARTESIAN_POINT ( 'NONE',  ( -123.6370030962872022, -20.00000000000001776, 30.54919196655774627 ) ) ;
#1879 = CARTESIAN_POINT ( 'NONE',  ( -56.22899161407421786, 5.551115123125782702E-14, -116.4374071061360212 ) ) ;
#1880 = CARTESIAN_POINT ( 'NONE',  ( 49.49315600617617861, 0.000000000000000000, 0.8587744204191594122 ) ) ;
#1881 = CARTESIAN_POINT ( 'NONE',  ( 18.03507939691665385, -20.00000000000001776, 47.05494426100010941 ) ) ;
#1882 = CARTESIAN_POINT ( 'NONE',  ( -92.72927147329460240, 5.824463443558664978E-14, -90.39652765472814622 ) ) ;
#1883 = CARTESIAN_POINT ( 'NONE',  ( 35.96228319995660883, 5.551115123125782702E-14, -93.90668538692479217 ) ) ;
#1884 = CARTESIAN_POINT ( 'NONE',  ( -33.27128674496474048, 0.000000000000000000, 74.68653014757245501 ) ) ;
#1885 = CARTESIAN_POINT ( 'NONE',  ( 5.682957060195414911, -19.99999999999996092, 55.62966591814172546 ) ) ;
#1886 = CARTESIAN_POINT ( 'NONE',  ( -5.963642856679958193, 7.632783294297951215E-14, 63.03409649068042597 ) ) ;
#1887 = CARTESIAN_POINT ( 'NONE',  ( -92.72927147329460240, -19.99999999999997513, -90.39652765472814622 ) ) ;
#1888 = CARTESIAN_POINT ( 'NONE',  ( 51.46990184618029218, -19.99999999999996092, -30.20079357857337499 ) ) ;
#1889 = CARTESIAN_POINT ( 'NONE',  ( -69.94653127023264005, 9.719289011069462584E-14, 77.07752360735038621 ) ) ;
#1890 = CARTESIAN_POINT ( 'NONE',  ( 22.78794839372698533, 0.000000000000000000, -107.5106555247134708 ) ) ;
#1891 = CARTESIAN_POINT ( 'NONE',  ( 50.74155815899545985, 5.551115123125782702E-14, -51.43803015732397199 ) ) ;
#1892 = CARTESIAN_POINT ( 'NONE',  ( -125.0824567456206324, 4.859138737622419990E-14, 26.71266463056862506 ) ) ;
#1893 = CARTESIAN_POINT ( 'NONE',  ( -66.37537232518388919, 5.551115123125782702E-14, -111.1973730022443902 ) ) ;
#1894 = CARTESIAN_POINT ( 'NONE',  ( 49.49989625310188046, 0.000000000000000000, -0.3658254723889683979 ) ) ;
#1895 = CARTESIAN_POINT ( 'NONE',  ( 25.06976616508368139, -20.00000000000012790, 42.68415153795506001 ) ) ;
#1896 = CARTESIAN_POINT ( 'NONE',  ( -128.6706776714159446, -20.00000000000001776, 11.68322730900676198 ) ) ;
#1897 = PERSON_AND_ORGANIZATION_ROLE ( 'classification_officer' ) ;
#1898 = CARTESIAN_POINT ( 'NONE',  ( 0.8468535878387041249, 5.551115123125782702E-14, -119.1997901568326768 ) ) ;
#1899 = CARTESIAN_POINT ( 'NONE',  ( -20.24750900356831096, 0.000000000000000000, 70.11633915912553050 ) ) ;
#1900 = DIRECTION ( 'NONE',  ( 0.000000000000000000, 0.000000000000000000, -1.000000000000000000 ) ) ;
#1901 = CARTESIAN_POINT ( 'NONE',  ( -4.553535077850229484, -20.00000000000001776, 62.21047661934098727 ) ) ;
#1902 = CARTESIAN_POINT ( 'NONE',  ( -81.71298466505622571, -20.00000000000000355, 73.49026997145310247 ) ) ;
#1903 = CARTESIAN_POINT ( 'NONE',  ( 49.82690861468730503, -19.99999999999996092, -8.784736478369667978 ) ) ;
#1904 = CARTESIAN_POINT ( 'NONE',  ( -55.00993103614651147, -20.00000000000001776, 78.45199418571671401 ) ) ;
#1905 = CARTESIAN_POINT ( 'NONE',  ( -10.26963300617390296, 0.000000000000000000, -122.0025033980326867 ) ) ;
#1906 = CARTESIAN_POINT ( 'NONE',  ( 50.79342338069284324, 5.551115123125782702E-14, -50.99451787454055562 ) ) ;
#1907 = EDGE_CURVE ( 'NONE', #773, #2491, #2287, .T. ) ;
#1908 = CARTESIAN_POINT ( 'NONE',  ( -120.7412538822430434, 9.024176811774550438E-14, 37.01283332760738176 ) ) ;
#1909 = CARTESIAN_POINT ( 'NONE',  ( -129.5000000000000000, 0.000000000000000000, 8.581040066880929462E-11 ) ) ;
#1910 = CARTESIAN_POINT ( 'NONE',  ( 49.76042787922807520, 0.000000000000000000, -7.783446917636369200 ) ) ;
#1911 = CARTESIAN_POINT ( 'NONE',  ( 49.83580093688390633, -20.00000000000012790, -8.909857504362820535 ) ) ;
#1912 = CARTESIAN_POINT ( 'NONE',  ( -129.4999999999997726, 7.632783294297951215E-14, 0.3131212143296822625 ) ) ;
#1913 = PERSON_AND_ORGANIZATION ( #523, #955 ) ;
#1914 = CARTESIAN_POINT ( 'NONE',  ( 9.213887237051345380, -20.00000000000012790, -115.8395525048318007 ) ) ;
#1915 = CARTESIAN_POINT ( 'NONE',  ( 46.35082716652500068, -20.00000000000010303, -72.31242910035031457 ) ) ;
#1916 = CARTESIAN_POINT ( 'NONE',  ( -24.79581652707136996, 0.000000000000000000, 71.90541381624007045 ) ) ;
#1917 = DIRECTION ( 'NONE',  ( 0.000000000000000000, 1.000000000000000000, 0.000000000000000000 ) ) ;
#1918 = CARTESIAN_POINT ( 'NONE',  ( -6.814600367417289029, -20.00000000000001776, 63.52053528322309006 ) ) ;
#1919 = CARTESIAN_POINT ( 'NONE',  ( -94.68503769654333269, -19.99999999999996092, 66.59596559380320002 ) ) ;
#1920 = CARTESIAN_POINT ( 'NONE',  ( 51.50584349341072254, -19.99999999999996092, -31.09819820871665996 ) ) ;
#1921 = CARTESIAN_POINT ( 'NONE',  ( -53.58397132981144040, -20.00000000000001776, 78.40649445923749283 ) ) ;
#1922 = CARTESIAN_POINT ( 'NONE',  ( 45.86003871538047605, -19.99999999999993605, -73.88109810337266481 ) ) ;
#1923 = CARTESIAN_POINT ( 'NONE',  ( 0.8468535878387041249, 0.000000000000000000, -119.1997901568326768 ) ) ;
#1924 = CARTESIAN_POINT ( 'NONE',  ( 50.95554354861209134, 5.551115123125782702E-14, -49.50683570441576364 ) ) ;
#1925 = CARTESIAN_POINT ( 'NONE',  ( -123.6370030962872022, 7.632783294297951215E-14, 30.54919196655774627 ) ) ;
#1926 = CARTESIAN_POINT ( 'NONE',  ( -56.89353884261510785, 5.551115123125782702E-14, -116.1447553068789205 ) ) ;
#1927 = CARTESIAN_POINT ( 'NONE',  ( 49.58680367459361094, -19.99999999999996092, -4.401179784317896804 ) ) ;
#1928 = CARTESIAN_POINT ( 'NONE',  ( 51.56021606764876708, 0.000000000000000000, -32.71391870664295709 ) ) ;
#1929 = CARTESIAN_POINT ( 'NONE',  ( 49.89281698080696970, 5.551115123125782702E-14, -9.697197145967182408 ) ) ;
#1930 = CARTESIAN_POINT ( 'NONE',  ( -129.3877953043125046, -20.00000000000006750, 4.695768305446559765 ) ) ;
#1931 = CARTESIAN_POINT ( 'NONE',  ( 12.07152312242263115, 5.551115123125782702E-14, -114.4088541446789122 ) ) ;
#1932 = AXIS2_PLACEMENT_3D ( 'NONE', #2577, #246, #2173 ) ;
#1933 = CARTESIAN_POINT ( 'NONE',  ( 44.62300543444951728, -20.00000000000012790, -77.51109135463727284 ) ) ;
#1934 = CARTESIAN_POINT ( 'NONE',  ( -51.01971425229723422, 0.000000000000000000, 78.26233652172082600 ) ) ;
#1935 = CARTESIAN_POINT ( 'NONE',  ( 6.557318504557803962, -19.99999999999995026, 55.02897804736889498 ) ) ;
#1936 = CARTESIAN_POINT ( 'NONE',  ( -116.5147322082902548, -19.99999999999996092, 44.34124998634074188 ) ) ;
#1937 = CARTESIAN_POINT ( 'NONE',  ( 49.45627457812179983, -19.99999999999996092, -59.73667303977961751 ) ) ;
#1938 = CARTESIAN_POINT ( 'NONE',  ( -28.20153311051890199, 7.632783294297951215E-14, 73.10822117639575879 ) ) ;
#1939 = CARTESIAN_POINT ( 'NONE',  ( 34.04553329087870139, -19.99999999999996092, -96.40977019935317571 ) ) ;
#1940 = CARTESIAN_POINT ( 'NONE',  ( -21.20036392216272247, 0.000000000000000000, -123.1304340380191036 ) ) ;
#1941 = CARTESIAN_POINT ( 'NONE',  ( 50.10913760715087761, -20.00000000000013856, -56.04984635634863821 ) ) ;
#1942 = CARTESIAN_POINT ( 'NONE',  ( -110.9674427789724120, 7.632783294297951215E-14, 51.89615792779741099 ) ) ;
#1943 = CARTESIAN_POINT ( 'NONE',  ( -60.62724300935363431, -20.00000000000017764, -114.4010018259188257 ) ) ;
#1944 = CARTESIAN_POINT ( 'NONE',  ( 49.48769540844705261, -19.99999999999996092, 1.103631804891946899 ) ) ;
#1945 = CARTESIAN_POINT ( 'NONE',  ( 50.93515218559669933, 0.000000000000000000, -21.83568461803147542 ) ) ;
#1946 = CARTESIAN_POINT ( 'NONE',  ( 49.61841663398499236, -20.00000000000012790, -5.153137685305441806 ) ) ;
#1947 = CARTESIAN_POINT ( 'NONE',  ( -42.59672923295495650, -19.99999999999996092, -120.9686758397632502 ) ) ;
#1948 = CARTESIAN_POINT ( 'NONE',  ( 19.31415285978262730, -20.00000000000012790, -110.0292822171434466 ) ) ;
#1949 = CARTESIAN_POINT ( 'NONE',  ( 50.68616962074600707, 0.000000000000000000, -51.90022960017601861 ) ) ;
#1950 = CARTESIAN_POINT ( 'NONE',  ( 45.86003871538047605, 8.327802413086483168E-14, -73.88109810337266481 ) ) ;
#1951 = CARTESIAN_POINT ( 'NONE',  ( -37.85265994069385442, 0.000000000000000000, 75.90562749205517434 ) ) ;
#1952 = CYLINDRICAL_SURFACE ( 'NONE', #919, 5.000000000000000000 ) ;
#1953 = EDGE_CURVE ( 'NONE', #773, #1843, #636, .T. ) ;
#1954 = CARTESIAN_POINT ( 'NONE',  ( -102.8066196075553194, -19.99999999999996092, 60.33329179887377336 ) ) ;
#1955 = CARTESIAN_POINT ( 'NONE',  ( 50.59877643039445161, -19.99999999999996092, -52.59302673992866772 ) ) ;
#1956 = CARTESIAN_POINT ( 'NONE',  ( -33.27128674496474048, 7.632783294297951215E-14, 74.68653014757245501 ) ) ;
#1957 = CARTESIAN_POINT ( 'NONE',  ( 42.26731446118830604, -19.99999999999995737, -83.31553689717276256 ) ) ;
#1958 = CARTESIAN_POINT ( 'NONE',  ( 51.41007643163150931, -20.00000000000012790, -43.75310471236029031 ) ) ;
#1959 = CARTESIAN_POINT ( 'NONE',  ( -109.9028091002120107, 7.632783294297951215E-14, 53.15380114543378909 ) ) ;
#1960 = CARTESIAN_POINT ( 'NONE',  ( -128.8197399366202376, 0.000000000000000000, 10.60429027317190886 ) ) ;
#1961 = CARTESIAN_POINT ( 'NONE',  ( 21.60359604963184310, -19.99999999999996092, 44.75440734744778126 ) ) ;
#1962 = CARTESIAN_POINT ( 'NONE',  ( 51.07644370267638578, 0.000000000000000000, -23.64873031153743455 ) ) ;
#1963 = CARTESIAN_POINT ( 'NONE',  ( 49.71309374743501053, 3.469516648465295951E-14, -7.032307711728085664 ) ) ;
#1964 = CARTESIAN_POINT ( 'NONE',  ( -45.54472912241198657, -19.99999999999996092, -120.2110751163697273 ) ) ;
#1965 = CARTESIAN_POINT ( 'NONE',  ( 12.07152312242263115, -20.00000000000012790, -114.4088541446789122 ) ) ;
#1966 = CARTESIAN_POINT ( 'NONE',  ( 50.10913760715088472, 0.000000000000000000, -56.04984635634863821 ) ) ;
#1967 = CARTESIAN_POINT ( 'NONE',  ( 47.25915048090024584, 5.551115123125782702E-14, -69.15322846317690164 ) ) ;
#1968 = CARTESIAN_POINT ( 'NONE',  ( 11.57839334049134017, 0.000000000000000000, 51.51163436276678453 ) ) ;
#1969 = DIRECTION ( 'NONE',  ( 0.000000000000000000, 0.000000000000000000, 1.000000000000000000 ) ) ;
#1970 = CARTESIAN_POINT ( 'NONE',  ( -78.39169886996567982, -19.99999999999996092, 74.71298519571119812 ) ) ;
#1971 = CARTESIAN_POINT ( 'NONE',  ( 51.45193353370415679, -19.99999999999996092, -42.95231572942017806 ) ) ;
#1972 = CARTESIAN_POINT ( 'NONE',  ( -37.05500290117037565, -20.00000000000001776, 75.70806472073167015 ) ) ;
#1973 = CARTESIAN_POINT ( 'NONE',  ( 33.10177136322258207, -19.99999999999996092, -97.55460974277552566 ) ) ;
#1974 = CARTESIAN_POINT ( 'NONE',  ( -115.0549709025911227, -20.00000000000000000, 46.55498834132154684 ) ) ;
#1975 = CARTESIAN_POINT ( 'NONE',  ( -128.4345039255549636, 0.000000000000000000, 13.24102769379488542 ) ) ;
#1976 = CARTESIAN_POINT ( 'NONE',  ( 50.20134151889784135, -20.00000000000012790, -13.50011076918494979 ) ) ;
#1977 = CARTESIAN_POINT ( 'NONE',  ( -20.66280894226789400, 5.551115123125782702E-14, -123.1117744659034230 ) ) ;
#1978 = CARTESIAN_POINT ( 'NONE',  ( 50.76859245241129770, 0.000000000000000000, -51.20685325700620893 ) ) ;
#1979 = CARTESIAN_POINT ( 'NONE',  ( 42.26731446118829894, 5.901317087652378923E-14, -83.31553689717276256 ) ) ;
#1980 = CARTESIAN_POINT ( 'NONE',  ( 12.26760969666340628, 0.000000000000000000, 51.02742916898561987 ) ) ;
#1981 = CARTESIAN_POINT ( 'NONE',  ( -67.93388461167023706, 0.000000000000000000, 77.44427978224626941 ) ) ;
#1982 = CARTESIAN_POINT ( 'NONE',  ( -73.34528383903773374, -19.99999999999996092, 76.25222234531258891 ) ) ;
#1983 = CARTESIAN_POINT ( 'NONE',  ( 50.79342338069284324, -19.99999999999996092, -50.99451787454055562 ) ) ;
#1984 = CARTESIAN_POINT ( 'NONE',  ( -28.92163404090119272, 7.632783294297951215E-14, 73.34677835327282480 ) ) ;
#1985 = CARTESIAN_POINT ( 'NONE',  ( 25.73827728829178341, -19.99999999999996092, -105.0459965900394081 ) ) ;
#1986 = CARTESIAN_POINT ( 'NONE',  ( -109.3588531647842075, 7.632783294297951215E-14, 53.77252852411366035 ) ) ;
#1987 = CARTESIAN_POINT ( 'NONE',  ( -129.3877953043125046, 0.000000000000000000, 4.695768305446558877 ) ) ;
#1988 = ADVANCED_FACE ( 'NONE', ( #10 ), #1760, .F. ) ;
#1989 = CARTESIAN_POINT ( 'NONE',  ( 50.62818167504023847, 5.551115123125782702E-14, -18.27880011073679256 ) ) ;
#1990 = CARTESIAN_POINT ( 'NONE',  ( -21.46918146116993853, 5.551115123125782702E-14, -123.1384148528315308 ) ) ;
#1991 = CARTESIAN_POINT ( 'NONE',  ( 51.42147048789126984, 0.000000000000000000, -43.53962622368017321 ) ) ;
#1992 = CARTESIAN_POINT ( 'NONE',  ( 5.682957060195414911, 7.632783294297951215E-14, 55.62966591814172546 ) ) ;
#1993 = CARTESIAN_POINT ( 'NONE',  ( -4.862863974609586748, 0.000000000000000000, 62.39316224379291498 ) ) ;
#1994 = CARTESIAN_POINT ( 'NONE',  ( -73.61714511069955336, 0.000000000000000000, 76.18061813125923720 ) ) ;
#1995 = CARTESIAN_POINT ( 'NONE',  ( -53.58397132981144040, -19.99999999999996092, 78.40649445923749283 ) ) ;
#1996 = CARTESIAN_POINT ( 'NONE',  ( -45.92699257212385788, 7.632783294297951215E-14, 77.60054074431145921 ) ) ;
#1997 = CARTESIAN_POINT ( 'NONE',  ( 0.05490916692789240411, -19.99999999999996092, -119.4572137791683417 ) ) ;
#1998 = CARTESIAN_POINT ( 'NONE',  ( -105.5794034487033741, -20.00000000000001776, 57.74650836856939407 ) ) ;
#1999 = CARTESIAN_POINT ( 'NONE',  ( -126.8782094281515924, 0.000000000000000000, 20.66264512997127767 ) ) ;
#2000 = CARTESIAN_POINT ( 'NONE',  ( 50.32485479848425314, -20.00000000000012790, -14.88965294346866841 ) ) ;
#2001 = PRODUCT_DEFINITION ( '�', '', #1657, #477 ) ;
#2002 = CARTESIAN_POINT ( 'NONE',  ( -0.8856510321941735153, -20.00000000000012790, -119.7547863644266641 ) ) ;
#2003 = CARTESIAN_POINT ( 'NONE',  ( 47.67007564144812193, 0.000000000000000000, -67.62724568802136105 ) ) ;
#2004 = CARTESIAN_POINT ( 'NONE',  ( 14.27217189126470132, -20.00000000000001776, 49.62306209157688386 ) ) ;
#2005 = CARTESIAN_POINT ( 'NONE',  ( 5.057820633891095596, 0.000000000000000000, 56.05786293753121896 ) ) ;
#2006 = CARTESIAN_POINT ( 'NONE',  ( -105.3444564052637418, 0.000000000000000000, 57.97657700773928013 ) ) ;
#2007 = CARTESIAN_POINT ( 'NONE',  ( -65.30977265023543055, -19.99999999999996092, 77.85775972433361858 ) ) ;
#2008 = CARTESIAN_POINT ( 'NONE',  ( -11.82093474377541220, -20.00000000000001776, 66.21328390212673298 ) ) ;
#2009 = CARTESIAN_POINT ( 'NONE',  ( 11.57727768316423678, -19.99999999999996092, -114.6684867550572733 ) ) ;
#2010 = CARTESIAN_POINT ( 'NONE',  ( -56.89353884261510785, -19.99999999999996092, -116.1447553068789205 ) ) ;
#2011 = CARTESIAN_POINT ( 'NONE',  ( -94.22012091887013696, 7.632783294297951215E-14, 66.90506011229875583 ) ) ;
#2012 = CARTESIAN_POINT ( 'NONE',  ( -117.5585055560666490, 0.000000000000000000, 42.68018531140014460 ) ) ;
#2013 = CARTESIAN_POINT ( 'NONE',  ( 50.54985171713744307, -20.00000000000012790, -17.40652414260651781 ) ) ;
#2014 = CARTESIAN_POINT ( 'NONE',  ( 0.05490916692789240411, -20.00000000000012790, -119.4572137791683417 ) ) ;
#2015 = ORIENTED_EDGE ( 'NONE', *, *, #2654, .T. ) ;
#2016 = CARTESIAN_POINT ( 'NONE',  ( 17.20173752596267391, -20.00000000000001776, 47.61399838119800165 ) ) ;
#2017 = CARTESIAN_POINT ( 'NONE',  ( 2.632865330328374665, 0.000000000000000000, 57.69423138867009015 ) ) ;
#2018 = CARTESIAN_POINT ( 'NONE',  ( -92.80837680599543660, 0.000000000000000000, 67.80641633341419094 ) ) ;
#2019 = CARTESIAN_POINT ( 'NONE',  ( -35.46441832298955177, -19.99999999999996092, 75.29418522044761630 ) ) ;
#2020 = CARTESIAN_POINT ( 'NONE',  ( -12.56788713749394581, 7.632783294297951215E-14, 66.59179244902037453 ) ) ;
#2021 = CARTESIAN_POINT ( 'NONE',  ( 49.50320319898033006, -19.99999999999996092, -0.8556534209899837595 ) ) ;
#2022 = CARTESIAN_POINT ( 'NONE',  ( -2.463039689489825879, -19.99999999999996092, -120.2192638986974060 ) ) ;
#2023 = CARTESIAN_POINT ( 'NONE',  ( -19.05121447182947492, -19.99999999999996092, -123.0293863438063653 ) ) ;
#2024 = CARTESIAN_POINT ( 'NONE',  ( -81.71298466505622571, 3.471093628998207533E-14, 73.49026997145310247 ) ) ;
#2025 = CARTESIAN_POINT ( 'NONE',  ( -110.4391590463845318, 0.000000000000000000, 52.52831893443158862 ) ) ;
#2026 = CARTESIAN_POINT ( 'NONE',  ( 50.22537971841382642, -20.00000000000012790, -13.77099683920330797 ) ) ;
#2027 = CARTESIAN_POINT ( 'NONE',  ( -10.87303857892230852, -20.00000000000012790, -122.1054868595228271 ) ) ;
#2028 = EDGE_LOOP ( 'NONE', ( #977, #553, #118, #2015 ) ) ;
#2029 = CARTESIAN_POINT ( 'NONE',  ( 17.30564935187787867, 7.632783294297951215E-14, 47.54373689131065106 ) ) ;
#2030 = CARTESIAN_POINT ( 'NONE',  ( -73.34528383903773374, 0.000000000000000000, 76.25222234531258891 ) ) ;
#2031 = CARTESIAN_POINT ( 'NONE',  ( -42.93215923663036904, -19.99999999999996092, 77.03785291521705858 ) ) ;
#2032 = CARTESIAN_POINT ( 'NONE',  ( -10.94937066434446926, -20.00000000000001776, 65.76481197185002259 ) ) ;
#2033 = CARTESIAN_POINT ( 'NONE',  ( -50.25207415870747241, 0.000000000000000000, -118.7716868452241670 ) ) ;
#2034 = CARTESIAN_POINT ( 'NONE',  ( 19.05605074891453299, -19.99999999999996092, -110.2066151331286505 ) ) ;
#2035 = CARTESIAN_POINT ( 'NONE',  ( -65.02194148750272973, -19.99999999999996092, -111.9932842990695434 ) ) ;
#2036 = CARTESIAN_POINT ( 'NONE',  ( -75.51059716021592294, 7.632783294297951215E-14, 75.64398578034990805 ) ) ;
#2037 = CARTESIAN_POINT ( 'NONE',  ( 51.59895698255707686, -20.00000000000012790, -38.05393003776695338 ) ) ;
#2038 = CARTESIAN_POINT ( 'NONE',  ( -35.72137456326715466, 5.551115123125782702E-14, -122.2939593457911513 ) ) ;
#2039 = CARTESIAN_POINT ( 'NONE',  ( 16.54838941662214680, 7.632783294297951215E-14, 48.05704554464010414 ) ) ;
#2040 = MECHANICAL_CONTEXT ( 'NONE', #60, 'mechanical' ) ;
#2041 = CARTESIAN_POINT ( 'NONE',  ( 26.87791350244314970, -20.00000000000012790, -104.0309690332582875 ) ) ;
#2042 = CARTESIAN_POINT ( 'NONE',  ( -10.94937066434446926, -19.99999999999996092, 65.76481197185002259 ) ) ;
#2043 = CARTESIAN_POINT ( 'NONE',  ( -17.78675981555228347, -20.00000000000001776, 69.05667336042611737 ) ) ;
#2044 = CARTESIAN_POINT ( 'NONE',  ( -46.29613354169254080, 0.000000000000000000, -119.9968429281379230 ) ) ;
#2045 = CARTESIAN_POINT ( 'NONE',  ( -126.3650522573549182, -19.99999999999996092, 22.54763282941418012 ) ) ;
#2046 = CARTESIAN_POINT ( 'NONE',  ( -88.15072787745076255, -20.00000000000001776, 70.47844636153047304 ) ) ;
#2047 = CARTESIAN_POINT ( 'NONE',  ( 36.12789818374803730, 0.000000000000000000, -93.67741564871558069 ) ) ;
#2048 = CARTESIAN_POINT ( 'NONE',  ( 51.50360533813308450, 5.551115123125782702E-14, -41.77724108331201336 ) ) ;
#2049 = CARTESIAN_POINT ( 'NONE',  ( -46.67105423220181848, -20.00000000000012790, -119.8870579116000101 ) ) ;
#2050 = ORIENTED_EDGE ( 'NONE', *, *, #1953, .F. ) ;
#2051 = CARTESIAN_POINT ( 'NONE',  ( 18.76638974813169725, -20.00000000000004263, 46.56895594186020304 ) ) ;
#2052 = CARTESIAN_POINT ( 'NONE',  ( 20.02967353960259800, 0.000000000000000000, 45.75049248394338974 ) ) ;
#2053 = CARTESIAN_POINT ( 'NONE',  ( 39.87526466716828111, -20.00000000000012790, -87.86935695543057534 ) ) ;
#2054 = CARTESIAN_POINT ( 'NONE',  ( -7.327202959124728743, -19.99999999999996092, 63.80880633059798868 ) ) ;
#2055 = CARTESIAN_POINT ( 'NONE',  ( -13.14202307012637760, 7.632783294297951215E-14, 66.87766618532096174 ) ) ;
#2056 = CARTESIAN_POINT ( 'NONE',  ( -39.40738219996372749, 0.000000000000000000, -121.6809174247599969 ) ) ;
#2057 = CARTESIAN_POINT ( 'NONE',  ( -117.9204969418632629, -19.99999999999996092, 42.08547793237669765 ) ) ;
#2058 = CARTESIAN_POINT ( 'NONE',  ( -96.50144569378835513, -20.00000000000001776, 65.34637712929919928 ) ) ;
#2059 = CARTESIAN_POINT ( 'NONE',  ( 34.41453161609500455, 0.000000000000000000, -95.94502503767380119 ) ) ;
#2060 = CARTESIAN_POINT ( 'NONE',  ( 51.50584349341072254, -20.00000000000012790, -31.09819820871665996 ) ) ;
#2061 = CARTESIAN_POINT ( 'NONE',  ( -41.46018906097607726, -20.00000000000012790, -121.2297091130487559 ) ) ;
#2062 = EDGE_LOOP ( 'NONE', ( #2227, #1168 ) ) ;
#2063 = CARTESIAN_POINT ( 'NONE',  ( 49.49315600617617861, -20.00000000000012790, 0.8587744204191594122 ) ) ;
#2064 = CARTESIAN_POINT ( 'NONE',  ( 14.27217189126470132, 0.000000000000000000, 49.62306209157688386 ) ) ;
#2065 = CARTESIAN_POINT ( 'NONE',  ( 26.87791350244314970, 5.551115123125782702E-14, -104.0309690332582875 ) ) ;
#2066 = CARTESIAN_POINT ( 'NONE',  ( -11.82093474377541220, -19.99999999999996092, 66.21328390212673298 ) ) ;
#2067 = CARTESIAN_POINT ( 'NONE',  ( -3.472014375773822437, -20.00000000000000355, 61.56911946717546869 ) ) ;
#2068 = CARTESIAN_POINT ( 'NONE',  ( -35.72137456326715466, 0.000000000000000000, -122.2939593457911513 ) ) ;
#2069 = CARTESIAN_POINT ( 'NONE',  ( -127.0683811205223464, -19.99999999999996092, 19.90479372005860981 ) ) ;
#2070 = CARTESIAN_POINT ( 'NONE',  ( 50.39958061885709384, -19.99999999999992895, -15.72863441350816771 ) ) ;
#2071 = CARTESIAN_POINT ( 'NONE',  ( -47.61972254090697731, -20.00000000000001776, 77.85682153795127647 ) ) ;
#2072 = CARTESIAN_POINT ( 'NONE',  ( 21.14100974632476948, 0.000000000000000000, -108.7314013359610385 ) ) ;
#2073 = CARTESIAN_POINT ( 'NONE',  ( 51.45467478115176618, -20.00000000000012790, -29.85678794750674214 ) ) ;
#2074 = CARTESIAN_POINT ( 'NONE',  ( -26.46010300103632673, 1.041251170589371132E-14, -123.1530756718361062 ) ) ;
#2075 = CARTESIAN_POINT ( 'NONE',  ( 49.92233151645315559, 0.000000000000000000, -10.09079242440099122 ) ) ;
#2076 = CARTESIAN_POINT ( 'NONE',  ( 17.82631548349032968, -20.00000000000001776, 47.19406691161561440 ) ) ;
#2077 = DATE_AND_TIME ( #1277, #879 ) ;
#2078 = CARTESIAN_POINT ( 'NONE',  ( 28.76741398491165924, -20.00000000000012790, -102.2414406384184247 ) ) ;
#2079 = CARTESIAN_POINT ( 'NONE',  ( -27.00533910110357283, -19.99999999999996092, 72.69872668113406178 ) ) ;
#2080 = CARTESIAN_POINT ( 'NONE',  ( 3.590697315574320481, 7.632783294297951215E-14, 57.05230132488167527 ) ) ;
#2081 = CARTESIAN_POINT ( 'NONE',  ( -129.3877953043125046, -20.00000000000001421, 4.695768305446558877 ) ) ;
#2082 = CARTESIAN_POINT ( 'NONE',  ( 50.93515218559669933, -19.99999999999994316, -21.83568461803147542 ) ) ;
#2083 = CARTESIAN_POINT ( 'NONE',  ( -63.34443353004982669, 7.632783294297951215E-14, 78.09759352273987076 ) ) ;
#2084 = CARTESIAN_POINT ( 'NONE',  ( 26.87791350244314970, 0.000000000000000000, -104.0309690332582875 ) ) ;
#2085 = CARTESIAN_POINT ( 'NONE',  ( 51.43969347507100309, -20.00000000000012790, -29.52768997513725324 ) ) ;
#2086 = CARTESIAN_POINT ( 'NONE',  ( -116.9493286637175089, 7.632783294297951215E-14, 43.66136977519715145 ) ) ;
#2087 = CARTESIAN_POINT ( 'NONE',  ( -63.11313588007047315, -20.00000000000012790, -113.0726405349380030 ) ) ;
#2088 = CARTESIAN_POINT ( 'NONE',  ( 49.98174421862142225, 0.000000000000000000, -10.87795719545778361 ) ) ;
#2089 = CARTESIAN_POINT ( 'NONE',  ( 21.08526458345998833, -20.00000000000012790, 45.07872929278507002 ) ) ;
#2090 = CARTESIAN_POINT ( 'NONE',  ( -129.4977157630163447, 7.632783294297951215E-14, -0.9420329443480879306 ) ) ;
#2091 = APPROVAL_ROLE ( '' ) ;
#2092 = CARTESIAN_POINT ( 'NONE',  ( 27.32625277886246451, 5.551115123125782702E-14, -103.6167588198287035 ) ) ;
#2093 = CARTESIAN_POINT ( 'NONE',  ( -59.61695752531898052, 0.000000000000000000, 78.41014084394873862 ) ) ;
#2094 = CARTESIAN_POINT ( 'NONE',  ( -6.814600367417289029, -19.99999999999996092, 63.52053528322309006 ) ) ;
#2095 = CARTESIAN_POINT ( 'NONE',  ( -5.963642856679958193, -20.00000000000001776, 63.03409649068042597 ) ) ;
#2096 = CARTESIAN_POINT ( 'NONE',  ( -127.1607648525227034, -19.99999999999996092, 19.52521036931193876 ) ) ;
#2097 = CARTESIAN_POINT ( 'NONE',  ( 51.48529649433368149, -19.99999999999996092, -30.55971032871173065 ) ) ;
#2098 = CARTESIAN_POINT ( 'NONE',  ( -63.06307262078764353, -20.00000000000001776, 78.12638543682125203 ) ) ;
#2099 = CARTESIAN_POINT ( 'NONE',  ( 40.43645442432390524, 0.000000000000000000, -86.86599483055951509 ) ) ;
#2100 = CARTESIAN_POINT ( 'NONE',  ( 50.84197167677016438, 5.551115123125782702E-14, -50.56971688759801253 ) ) ;
#2101 = CARTESIAN_POINT ( 'NONE',  ( -118.4519498029571167, 7.632783294297951215E-14, 41.18626717311109076 ) ) ;
#2102 = CARTESIAN_POINT ( 'NONE',  ( -54.21736718819953182, -20.00000000000012790, -117.2736892399965001 ) ) ;
#2103 = CIRCLE ( 'NONE', #1932, 5.000000000000000000 ) ;
#2104 = CARTESIAN_POINT ( 'NONE',  ( 49.58680367459361094, 0.000000000000000000, -4.401179784317896804 ) ) ;
#2105 = CARTESIAN_POINT ( 'NONE',  ( 23.79971334286688744, -20.00000000000012790, 43.42343161258244066 ) ) ;
#2106 = CARTESIAN_POINT ( 'NONE',  ( -129.5000000000000000, -20.00000000000001776, 8.581040066880929462E-11 ) ) ;
#2107 = CARTESIAN_POINT ( 'NONE',  ( 19.05605074891453299, 5.551115123125782702E-14, -110.2066151331286505 ) ) ;
#2108 = CARTESIAN_POINT ( 'NONE',  ( -26.76668319554417153, 0.000000000000000000, 72.61516529951001075 ) ) ;
#2109 = CARTESIAN_POINT ( 'NONE',  ( 10.20043375948320730, -19.99999999999996092, 52.48071781588148355 ) ) ;
#2110 = CARTESIAN_POINT ( 'NONE',  ( -5.793959756283265428, 7.632783294297951215E-14, 62.93593016691814768 ) ) ;
#2111 = ADVANCED_FACE ( 'NONE', ( #914 ), #639, .T. ) ;
#2112 = CARTESIAN_POINT ( 'NONE',  ( -93.51718370160276095, -19.99999999999996092, 67.36045995795137742 ) ) ;
#2113 = CARTESIAN_POINT ( 'NONE',  ( 50.75750202414033652, -19.99999999999996092, -19.73270474737402935 ) ) ;
#2114 = CARTESIAN_POINT ( 'NONE',  ( -65.88356323938853620, -20.00000000000001776, 77.77637115800037293 ) ) ;
#2115 = CARTESIAN_POINT ( 'NONE',  ( -24.60191788636571530, 0.000000000000000000, -123.1703470127124262 ) ) ;
#2116 = CARTESIAN_POINT ( 'NONE',  ( 51.43191855534384871, -20.00000000000012790, -43.34387173567770901 ) ) ;
#2117 = CARTESIAN_POINT ( 'NONE',  ( -126.0603109557135753, -20.00000000000001776, 23.59448828656127617 ) ) ;
#2118 = DIRECTION ( 'NONE',  ( 0.000000000000000000, 1.000000000000000000, 0.000000000000000000 ) ) ;
#2119 = CARTESIAN_POINT ( 'NONE',  ( 49.62998113401841493, 0.000000000000000000, -5.403744440580422470 ) ) ;
#2120 = CARTESIAN_POINT ( 'NONE',  ( 49.50320319898033006, -20.00000000000012790, -0.8556534209899837595 ) ) ;
#2121 = CARTESIAN_POINT ( 'NONE',  ( -129.5000000000000000, 7.632783294297951215E-14, 8.581040066880929462E-11 ) ) ;
#2122 = APPROVAL_DATE_TIME ( #2309, #2256 ) ;
#2123 = CARTESIAN_POINT ( 'NONE',  ( 11.57727768316423678, -20.00000000000012790, -114.6684867550572733 ) ) ;
#2124 = CARTESIAN_POINT ( 'NONE',  ( 44.80581018794283210, -20.00000000000012790, -76.99464947145492033 ) ) ;
#2125 = CARTESIAN_POINT ( 'NONE',  ( -28.92163404090119272, 0.000000000000000000, 73.34677835327282480 ) ) ;
#2126 = CARTESIAN_POINT ( 'NONE',  ( 16.54838941662214680, -19.99999999999996092, 48.05704554464010414 ) ) ;
#2127 = CARTESIAN_POINT ( 'NONE',  ( 4.546114878954291783, 7.632783294297951215E-14, 56.40679971669614901 ) ) ;
#2128 = CARTESIAN_POINT ( 'NONE',  ( -92.80837680599543660, -19.99999999999996092, 67.80641633341419094 ) ) ;
#2129 = CARTESIAN_POINT ( 'NONE',  ( 51.41598157247413070, -19.99999999999996092, -29.03409751142283568 ) ) ;
#2130 = CARTESIAN_POINT ( 'NONE',  ( -67.34939302101429348, -20.00000000000001776, 77.54683420850896880 ) ) ;
#2131 = CC_DESIGN_PERSON_AND_ORGANIZATION_ASSIGNMENT ( #2373, #2355, ( #1657 ) ) ;
#2132 = CARTESIAN_POINT ( 'NONE',  ( 47.03760586891066708, -19.99999999999996092, -69.94460621013507762 ) ) ;
#2133 = CARTESIAN_POINT ( 'NONE',  ( -10.54033026498034076, 0.000000000000000000, -122.0487034034466234 ) ) ;
#2134 = CARTESIAN_POINT ( 'NONE',  ( 49.83482081050772905, -20.00000000000012790, -57.65594381449523809 ) ) ;
#2135 = CARTESIAN_POINT ( 'NONE',  ( -123.3657692343279564, 7.632783294297951215E-14, 31.22307011933158094 ) ) ;
#2136 = CARTESIAN_POINT ( 'NONE',  ( 0.000000000000000000, 0.000000000000000000, 0.000000000000000000 ) ) ;
#2137 = CARTESIAN_POINT ( 'NONE',  ( 49.57257198614433946, -19.99999999999996092, -4.034597820128161594 ) ) ;
#2138 = CARTESIAN_POINT ( 'NONE',  ( 49.10252081831276882, 0.000000000000000000, 18.37515543364829185 ) ) ;
#2139 = CARTESIAN_POINT ( 'NONE',  ( 49.84512783099553701, -20.00000000000012790, -9.041093252998193108 ) ) ;
#2140 = CARTESIAN_POINT ( 'NONE',  ( -129.4803471162713322, -20.00000000000001776, 1.878741283067044909 ) ) ;
#2141 = APPROVAL_ROLE ( '' ) ;
#2142 = CARTESIAN_POINT ( 'NONE',  ( 22.78794839372698178, -20.00000000000017053, -107.5106555247134565 ) ) ;
#2143 = CARTESIAN_POINT ( 'NONE',  ( 47.98374848186276154, -20.00000000000012790, -66.40242838053158891 ) ) ;
#2144 = CARTESIAN_POINT ( 'NONE',  ( -22.18493113863153710, 0.000000000000000000, 70.91310450693258360 ) ) ;
#2145 = CARTESIAN_POINT ( 'NONE',  ( 16.33094912897125894, -19.99999999999996092, 48.20523126937127500 ) ) ;
#2146 = CARTESIAN_POINT ( 'NONE',  ( -102.1803053071303253, -19.99999999999996092, 60.88227345021810777 ) ) ;
#2147 = CARTESIAN_POINT ( 'NONE',  ( 51.47931251055641155, -19.99999999999996092, -42.36483913670944190 ) ) ;
#2148 = CARTESIAN_POINT ( 'NONE',  ( -33.51431560956927314, 7.632783294297951215E-14, 74.75635934435723584 ) ) ;
#2149 = CARTESIAN_POINT ( 'NONE',  ( 46.88637266789675095, -19.99999999999996092, -70.47115945102700607 ) ) ;
#2150 = CARTESIAN_POINT ( 'NONE',  ( -12.54060952988803379, 0.000000000000000000, -122.3659187891908715 ) ) ;
#2151 = CARTESIAN_POINT ( 'NONE',  ( 50.95554354861209134, -20.00000000000012790, -49.50683570441576364 ) ) ;
#2152 = CARTESIAN_POINT ( 'NONE',  ( -122.1946182690568605, 7.632783294297951215E-14, 33.93355812150608841 ) ) ;
#2153 = CARTESIAN_POINT ( 'NONE',  ( -58.93961871507562478, -20.00000000000017764, -115.2275886881577520 ) ) ;
#2154 = CARTESIAN_POINT ( 'NONE',  ( -85.03287892652203084, 0.000000000000000000, -98.29153084069828594 ) ) ;
#2155 = CC_DESIGN_APPROVAL ( #570, ( #2001 ) ) ;
#2156 = CARTESIAN_POINT ( 'NONE',  ( 51.60697595736790078, 0.000000000000000000, -36.30605828324158324 ) ) ;
#2157 = CARTESIAN_POINT ( 'NONE',  ( 49.59177519026921033, 5.551115123125782702E-14, -4.526517841407068588 ) ) ;
#2158 = CARTESIAN_POINT ( 'NONE',  ( -44.41290313332778084, -19.99999999999996092, -120.5164121113516700 ) ) ;
#2159 = CARTESIAN_POINT ( 'NONE',  ( 7.755588561810863979, 5.551115123125782702E-14, -116.5092462251899548 ) ) ;
#2160 = VECTOR ( 'NONE', #2342, 1000.000000000000000 ) ;
#2161 = CARTESIAN_POINT ( 'NONE',  ( 51.59895698255707686, 0.000000000000000000, -38.05393003776695338 ) ) ;
#2162 = CARTESIAN_POINT ( 'NONE',  ( 41.11003035848399634, -20.00000000000012790, -85.60832763688040359 ) ) ;
#2163 = CARTESIAN_POINT ( 'NONE',  ( -57.88817428785220187, 0.000000000000000000, 78.44937974168955463 ) ) ;
#2164 = CARTESIAN_POINT ( 'NONE',  ( 17.30564935187787867, -19.99999999999996092, 47.54373689131065106 ) ) ;
#2165 = CARTESIAN_POINT ( 'NONE',  ( -94.91662646091890565, -19.99999999999996092, 66.44012601042292943 ) ) ;
#2166 = CARTESIAN_POINT ( 'NONE',  ( 50.97703082561967847, -19.99999999999996092, -49.29413594754481664 ) ) ;
#2167 = CARTESIAN_POINT ( 'NONE',  ( -35.72907972730385495, -20.00000000000001776, 75.36479642356148645 ) ) ;
#2168 = CARTESIAN_POINT ( 'NONE',  ( 34.41453161609500455, -19.99999999999996092, -95.94502503767380119 ) ) ;
#2169 = CARTESIAN_POINT ( 'NONE',  ( -19.85671718029569632, 0.000000000000000000, -123.0753430006841569 ) ) ;
#2170 = CARTESIAN_POINT ( 'NONE',  ( 50.59877643039445161, -20.00000000000012790, -52.59302673992866772 ) ) ;
#2171 = CARTESIAN_POINT ( 'NONE',  ( -110.4391590463845318, 7.632783294297951215E-14, 52.52831893443158862 ) ) ;
#2172 = CARTESIAN_POINT ( 'NONE',  ( -120.7412538822430434, 0.000000000000000000, 37.01283332760738176 ) ) ;
#2173 = DIRECTION ( 'NONE',  ( 0.000000000000000000, 0.000000000000000000, 1.000000000000000000 ) ) ;
#2174 = CARTESIAN_POINT ( 'NONE',  ( 51.46990184618029218, 0.000000000000000000, -30.20079357857337499 ) ) ;
#2175 = CARTESIAN_POINT ( 'NONE',  ( 49.50565156742613482, -20.00000000000012790, -1.100559448580909816 ) ) ;
#2176 = CARTESIAN_POINT ( 'NONE',  ( -30.16909703282262711, -19.99999999999996092, -122.9254475656117052 ) ) ;
#2177 = CARTESIAN_POINT ( 'NONE',  ( 21.36604536440060542, 5.551115123125782702E-14, -108.5646001690925004 ) ) ;
#2178 = CARTESIAN_POINT ( 'NONE',  ( 49.21281020900265446, 0.000000000000000000, -60.97735468751677246 ) ) ;
#2179 = CARTESIAN_POINT ( 'NONE',  ( 47.47446799662348127, 5.551115123125782702E-14, -68.36017980852041376 ) ) ;
#2180 = CARTESIAN_POINT ( 'NONE',  ( 10.20043375948320730, 0.000000000000000000, 52.48071781588148355 ) ) ;
#2181 = CARTESIAN_POINT ( 'NONE',  ( 0.000000000000000000, -291.0347536423743122, 0.000000000000000000 ) ) ;
#2182 = CARTESIAN_POINT ( 'NONE',  ( -86.47721361563715448, -19.99999999999996092, 71.33296961983802476 ) ) ;
#2183 = CARTESIAN_POINT ( 'NONE',  ( 50.53789653535024939, -19.99999999999996092, -53.05453507092891385 ) ) ;
#2184 = CARTESIAN_POINT ( 'NONE',  ( -41.05288845932073372, -19.99999999999999289, 76.65650759774368339 ) ) ;
#2185 = CARTESIAN_POINT ( 'NONE',  ( 41.49800814767645818, -19.99999999999996092, -84.84539904336486416 ) ) ;
#2186 = CARTESIAN_POINT ( 'NONE',  ( -97.28132202487695679, 7.632783294297951215E-14, 64.78188867709052090 ) ) ;
#2187 = CARTESIAN_POINT ( 'NONE',  ( -126.3650522573549182, 0.000000000000000000, 22.54763282941418012 ) ) ;
#2188 = CARTESIAN_POINT ( 'NONE',  ( 49.57257198614433946, 5.551115123125782702E-14, -4.034597820128161594 ) ) ;
#2189 = CARTESIAN_POINT ( 'NONE',  ( -17.20968287482271819, -20.00000000000011013, -122.9180218039841179 ) ) ;
#2190 = CARTESIAN_POINT ( 'NONE',  ( 45.07481546528706673, 0.000000000000000000, -76.21812071197938110 ) ) ;
#2191 = CARTESIAN_POINT ( 'NONE',  ( 44.24054334592742777, -20.00000000000012790, -78.57421265901723473 ) ) ;
#2192 = CARTESIAN_POINT ( 'NONE',  ( 0.1481171039682234736, 0.000000000000000000, 59.31192629988225207 ) ) ;
#2193 = CARTESIAN_POINT ( 'NONE',  ( -106.8860885959012137, 0.000000000000000000, 56.46695503076981737 ) ) ;
#2194 = CARTESIAN_POINT ( 'NONE',  ( -56.15946300404878144, -19.99999999999996092, 78.46767066211108954 ) ) ;
#2195 = CARTESIAN_POINT ( 'NONE',  ( 51.21479659127105322, -19.99999999999994316, -46.73973678480606253 ) ) ;
#2196 = CARTESIAN_POINT ( 'NONE',  ( -43.46942103264829882, -20.00000000000001776, 77.14499561982570697 ) ) ;
#2197 = CARTESIAN_POINT ( 'NONE',  ( 28.16251043025159717, -19.99999999999996092, -102.8293965443078690 ) ) ;
#2198 = CARTESIAN_POINT ( 'NONE',  ( -112.2422989938534954, -20.00000000000001776, 50.32247296271139447 ) ) ;
#2199 = CARTESIAN_POINT ( 'NONE',  ( -113.9844221095793131, 0.000000000000000000, 48.05750821316517829 ) ) ;
#2200 = CARTESIAN_POINT ( 'NONE',  ( 51.11050652135115513, -20.00000000000012790, -24.10208743479802251 ) ) ;
#2201 = CARTESIAN_POINT ( 'NONE',  ( -21.20036392216272247, -20.00000000000012790, -123.1304340380191036 ) ) ;
#2202 = CARTESIAN_POINT ( 'NONE',  ( 50.97703082561967847, 0.000000000000000000, -49.29413594754481664 ) ) ;
#2203 = CARTESIAN_POINT ( 'NONE',  ( 8.050365266391439789, 7.632783294297951215E-14, 53.99075554980895220 ) ) ;
#2204 = CARTESIAN_POINT ( 'NONE',  ( -6.303394235830309000, 0.000000000000000000, 63.22976334717490943 ) ) ;
#2205 = CARTESIAN_POINT ( 'NONE',  ( -97.02217272581705743, 0.000000000000000000, 64.97115982847300586 ) ) ;
#2206 = CARTESIAN_POINT ( 'NONE',  ( -74.15997792014951528, -19.99999999999996092, 76.03403163126750997 ) ) ;
#2207 = CARTESIAN_POINT ( 'NONE',  ( -27.48318014371006157, -20.00000000000001776, 72.86433793012173510 ) ) ;
#2208 = CARTESIAN_POINT ( 'NONE',  ( -9.728720907734265566, -19.99999999999996092, -121.9072767739475012 ) ) ;
#2209 = CARTESIAN_POINT ( 'NONE',  ( -106.8860885959011995, -20.00000000000005684, 56.46695503076981026 ) ) ;
#2210 = CARTESIAN_POINT ( 'NONE',  ( -127.9853351376479225, 0.000000000000000000, 15.86627060831177438 ) ) ;
#2211 = CARTESIAN_POINT ( 'NONE',  ( 51.18167503062554857, 5.551115123125782702E-14, -25.08784028690395829 ) ) ;
#2212 = CARTESIAN_POINT ( 'NONE',  ( -8.111050854786261866, 5.551115123125782702E-14, -121.5938092314922443 ) ) ;
#2213 = CARTESIAN_POINT ( 'NONE',  ( 51.41007643163150931, 0.000000000000000000, -43.75310471236029031 ) ) ;
#2214 = CARTESIAN_POINT ( 'NONE',  ( 12.61222662111836357, -20.00000000000001776, 50.78533904703667901 ) ) ;
#2215 = CARTESIAN_POINT ( 'NONE',  ( -1.178907913980798305, 0.000000000000000000, 60.15446801300607405 ) ) ;
#2216 = CARTESIAN_POINT ( 'NONE',  ( -83.33667901593418037, 0.000000000000000000, 72.78583814852792955 ) ) ;
#2217 = CARTESIAN_POINT ( 'NONE',  ( 48.74928983766282187, 4.857810310017286514E-14, -63.20552471462799105 ) ) ;
#2218 = CARTESIAN_POINT ( 'NONE',  ( -27.48318014371006157, -19.99999999999996092, 72.86433793012173510 ) ) ;
#2219 = CARTESIAN_POINT ( 'NONE',  ( -11.99568713701364686, 7.632783294297951215E-14, 66.30211285429210477 ) ) ;
#2220 = CARTESIAN_POINT ( 'NONE',  ( 49.62998113401841493, -19.99999999999996092, -5.403744440580422470 ) ) ;
#2221 = CARTESIAN_POINT ( 'NONE',  ( -12.54060952988803379, -19.99999999999996092, -122.3659187891908715 ) ) ;
#2222 = CARTESIAN_POINT ( 'NONE',  ( -24.25383301481175735, -19.99999999999996092, -123.1735823698482903 ) ) ;
#2223 = CARTESIAN_POINT ( 'NONE',  ( -104.1535127323550114, 7.632783294297951215E-14, 59.11039688955156635 ) ) ;
#2224 = CARTESIAN_POINT ( 'NONE',  ( -123.3657692343279564, 0.000000000000000000, 31.22307011933158094 ) ) ;
#2225 = CARTESIAN_POINT ( 'NONE',  ( 50.78254850884610505, 5.551115123125782702E-14, -20.02355694446560008 ) ) ;
#2226 = CARTESIAN_POINT ( 'NONE',  ( -12.54060952988803379, 5.551115123125782702E-14, -122.3659187891908715 ) ) ;
#2227 = ORIENTED_EDGE ( 'NONE', *, *, #2654, .F. ) ;
#2228 = CARTESIAN_POINT ( 'NONE',  ( 13.62459849027508696, 7.632783294297951215E-14, 50.07450886118270716 ) ) ;
#2229 = CARTESIAN_POINT ( 'NONE',  ( 5.682957060195414911, 0.000000000000000000, 55.62966591814172546 ) ) ;
#2230 = CARTESIAN_POINT ( 'NONE',  ( -96.50144569378835513, 0.000000000000000000, 65.34637712929919928 ) ) ;
#2231 = CARTESIAN_POINT ( 'NONE',  ( -47.61972254090697731, -19.99999999999996092, 77.85682153795127647 ) ) ;
#2232 = CARTESIAN_POINT ( 'NONE',  ( -12.18626195950498570, -20.00000000000001776, 66.39898455646060427 ) ) ;
#2233 = CARTESIAN_POINT ( 'NONE',  ( 49.76831680214849740, -19.99999999999996092, -7.908635213554092047 ) ) ;
#2234 = CARTESIAN_POINT ( 'NONE',  ( 12.31789068132317944, -19.99999999999996092, -114.2776201646975665 ) ) ;
#2235 = CARTESIAN_POINT ( 'NONE',  ( -53.97369837112504598, -19.99999999999996092, -117.3715580433952255 ) ) ;
#2236 = CARTESIAN_POINT ( 'NONE',  ( -77.52538958140971204, 7.632783294297951215E-14, 75.00927806677137255 ) ) ;
#2237 = CARTESIAN_POINT ( 'NONE',  ( -108.1464367951323595, 0.000000000000000000, 55.14173609230107331 ) ) ;
#2238 = CARTESIAN_POINT ( 'NONE',  ( 50.31240049552030058, -20.00000000000012790, -14.74982270330691847 ) ) ;
#2239 = CARTESIAN_POINT ( 'NONE',  ( -19.85671718029569632, -20.00000000000012790, -123.0753430006841569 ) ) ;
#2240 = ORIENTED_EDGE ( 'NONE', *, *, #1621, .T. ) ;
#2241 = CARTESIAN_POINT ( 'NONE',  ( 10.20043375948320730, 7.632783294297951215E-14, 52.48071781588148355 ) ) ;
#2242 = CARTESIAN_POINT ( 'NONE',  ( -101.7588352641920864, 0.000000000000000000, 61.24361170753233807 ) ) ;
#2243 = CARTESIAN_POINT ( 'NONE',  ( -69.94653127023265426, -19.99999999999994316, 77.07752360735038621 ) ) ;
#2244 = CARTESIAN_POINT ( 'NONE',  ( -13.52571114240749139, -20.00000000000001776, 67.06633594643399476 ) ) ;
#2245 = CARTESIAN_POINT ( 'NONE',  ( -32.47914282259673513, 0.000000000000000000, -122.7098531783965427 ) ) ;
#2246 = AXIS2_PLACEMENT_3D ( 'NONE', #264, #664, #1115 ) ;
#2247 = CARTESIAN_POINT ( 'NONE',  ( 2.420418011890569154, -19.99999999999996092, -118.6539249205416837 ) ) ;
#2248 = CARTESIAN_POINT ( 'NONE',  ( -65.56468234292636055, -19.99999999999996092, -111.6772951104127571 ) ) ;
#2249 = CARTESIAN_POINT ( 'NONE',  ( -75.77959884317611738, 7.632783294297951215E-14, 75.56229239589087854 ) ) ;
#2250 = CARTESIAN_POINT ( 'NONE',  ( 51.09921565350534678, 5.551115123125782702E-14, -23.95096365654801573 ) ) ;
#2251 = CARTESIAN_POINT ( 'NONE',  ( -26.46010300103632673, -20.00000000000017408, -123.1530756718361062 ) ) ;
#2252 = CARTESIAN_POINT ( 'NONE',  ( 20.34646017237346172, 0.000000000000000000, 45.54737814320932188 ) ) ;
#2253 = CARTESIAN_POINT ( 'NONE',  ( 15.57028483676377562, 6.938938348339045991E-14, 48.72443881651166464 ) ) ;
#2254 = APPROVAL_STATUS ( 'not_yet_approved' ) ;
#2255 = CARTESIAN_POINT ( 'NONE',  ( 35.62807943856389414, -20.00000000000012790, -94.36307671759372795 ) ) ;
#2256 = APPROVAL ( #2534, '未' ) ;
#2257 = CARTESIAN_POINT ( 'NONE',  ( -4.399035330093670204, -19.99999999999996092, 62.11885607241923424 ) ) ;
#2258 = CARTESIAN_POINT ( 'NONE',  ( -20.67762688974612928, -20.00000000000001776, 70.29436978891735066 ) ) ;
#2259 = CARTESIAN_POINT ( 'NONE',  ( -60.62724300935362720, 0.000000000000000000, -114.4010018259188257 ) ) ;
#2260 = CARTESIAN_POINT ( 'NONE',  ( -128.6706776714159446, -19.99999999999996092, 11.68322730900676198 ) ) ;
#2261 = CARTESIAN_POINT ( 'NONE',  ( -86.47721361563715448, 7.632783294297951215E-14, 71.33296961983802476 ) ) ;
#2262 = CARTESIAN_POINT ( 'NONE',  ( 10.33127914490979826, 0.000000000000000000, -115.2976308006951598 ) ) ;
#2263 = CARTESIAN_POINT ( 'NONE',  ( 51.55042934964712487, 4.510555216386451190E-14, -40.60193007014022015 ) ) ;
#2264 = CARTESIAN_POINT ( 'NONE',  ( -48.47109339016709129, 4.859116782409714700E-14, -119.3599668928096662 ) ) ;
#2265 = VERTEX_POINT ( 'NONE', #2278 ) ;
#2266 = CARTESIAN_POINT ( 'NONE',  ( 40.46461181318350953, -20.00000000000013856, 33.33645270168894825 ) ) ;
#2267 = APPLICATION_PROTOCOL_DEFINITION ( 'international standard', 'config_control_design', 1994, #2401 ) ;
#2268 = CARTESIAN_POINT ( 'NONE',  ( 33.48283189665496451, 5.551115123125782702E-14, -97.09970239047501650 ) ) ;
#2269 = CARTESIAN_POINT ( 'NONE',  ( 3.864130500561947734, -19.99999999999996092, 56.86855092835146763 ) ) ;
#2270 = CARTESIAN_POINT ( 'NONE',  ( -13.52571114240749139, 7.632783294297951215E-14, 67.06633594643399476 ) ) ;
#2271 = CARTESIAN_POINT ( 'NONE',  ( -54.21736718819953182, 0.000000000000000000, -117.2736892399965001 ) ) ;
#2272 = CARTESIAN_POINT ( 'NONE',  ( -126.2565438054511446, -19.99999999999996092, 22.92292496891065312 ) ) ;
#2273 = CARTESIAN_POINT ( 'NONE',  ( -85.91370299552444578, -20.00000000000001776, 71.60633161112411926 ) ) ;
#2274 = CARTESIAN_POINT ( 'NONE',  ( 21.36604536440060542, 0.000000000000000000, -108.5646001690925004 ) ) ;
#2275 = CARTESIAN_POINT ( 'NONE',  ( 51.45193353370415679, 5.551115123125782702E-14, -42.95231572942017806 ) ) ;
#2276 = CARTESIAN_POINT ( 'NONE',  ( -32.84024468456922818, -20.00000000000012790, -122.6708730619252066 ) ) ;
#2277 = VERTEX_POINT ( 'NONE', #2492 ) ;
#2278 = CARTESIAN_POINT ( 'NONE',  ( 6.123233995736766282E-16, 0.000000000000000000, -5.000000000000000000 ) ) ;
#2279 = CARTESIAN_POINT ( 'NONE',  ( 14.16416037428063390, 0.000000000000000000, 49.69818416124040539 ) ) ;
#2280 = CARTESIAN_POINT ( 'NONE',  ( 34.77191147670843918, 5.551115123125782702E-14, -95.48880209419294829 ) ) ;
#2281 = CARTESIAN_POINT ( 'NONE',  ( 3.590697315574320481, -19.99999999999996092, 57.05230132488167527 ) ) ;
#2282 = ADVANCED_BREP_SHAPE_REPRESENTATION ( 'songliaotulun', ( #1523, #637 ), #243 ) ;
#2283 = CARTESIAN_POINT ( 'NONE',  ( 4.682233257293409778, -20.00000000000001776, 56.31404076559702787 ) ) ;
#2284 = CARTESIAN_POINT ( 'NONE',  ( -67.18190907798469880, 0.000000000000000000, -110.7106186986478775 ) ) ;
#2285 = CLOSED_SHELL ( 'NONE', ( #1248, #2325, #2111, #1988, #676, #634 ) ) ;
#2286 = CARTESIAN_POINT ( 'NONE',  ( -128.9522483117305001, -19.99999999999996092, 9.522968386197320001 ) ) ;
#2287 = CIRCLE ( 'NONE', #1801, 5.000000000000000000 ) ;
#2288 = CARTESIAN_POINT ( 'NONE',  ( -75.77959884317611738, -20.00000000000001776, 75.56229239589087854 ) ) ;
#2289 = CARTESIAN_POINT ( 'NONE',  ( 38.99506862350941816, 0.000000000000000000, -89.35731938282587805 ) ) ;
#2290 = CARTESIAN_POINT ( 'NONE',  ( 51.39082363538665987, 5.551115123125782702E-14, -28.54058036593078285 ) ) ;
#2291 = CARTESIAN_POINT ( 'NONE',  ( -41.91531366363294353, 5.551115123125782702E-14, -121.1276235419878020 ) ) ;
#2292 = CARTESIAN_POINT ( 'NONE',  ( 50.70670384260639452, 0.000000000000000000, -19.15106108192119905 ) ) ;
#2293 = CARTESIAN_POINT ( 'NONE',  ( 24.01058400007767446, -20.00000000000012790, 43.29885824951507800 ) ) ;
#2294 =( NAMED_UNIT ( * ) SI_UNIT ( $, .STERADIAN. ) SOLID_ANGLE_UNIT ( ) );
#2295 = CARTESIAN_POINT ( 'NONE',  ( 36.12789818374803730, 5.551115123125782702E-14, -93.67741564871558069 ) ) ;
#2296 = CARTESIAN_POINT ( 'NONE',  ( -20.67762688974612928, -19.99999999999996092, 70.29436978891735066 ) ) ;
#2297 = CARTESIAN_POINT ( 'NONE',  ( 2.632865330328375109, -20.00000000000003908, 57.69423138867008305 ) ) ;
#2298 = CARTESIAN_POINT ( 'NONE',  ( -129.4977157630163447, -19.99999999999996092, -0.9420329443480879306 ) ) ;
#2299 = CARTESIAN_POINT ( 'NONE',  ( 51.39082363538665987, -19.99999999999996092, -28.54058036593078285 ) ) ;
#2300 = PRODUCT ( 'songliaotulun', 'songliaotulun', '', ( #2040 ) ) ;
#2301 = CARTESIAN_POINT ( 'NONE',  ( -53.01409402611336219, 7.632783294297951215E-14, 78.37747181922769357 ) ) ;
#2302 = CARTESIAN_POINT ( 'NONE',  ( 44.24054334592742777, 0.000000000000000000, -78.57421265901723473 ) ) ;
#2303 = CARTESIAN_POINT ( 'NONE',  ( 51.39934733251038068, -20.00000000000012790, -28.70507894506157243 ) ) ;
#2304 = CARTESIAN_POINT ( 'NONE',  ( -118.9696084491365866, -20.00000000000001776, 40.27928763494469422 ) ) ;
#2305 = CARTESIAN_POINT ( 'NONE',  ( -52.25829640503464191, 5.551115123125782702E-14, -118.0320746506285161 ) ) ;
#2306 = CARTESIAN_POINT ( 'NONE',  ( 49.67159211951238973, 0.000000000000000000, -6.280823685573901471 ) ) ;
#2307 = CARTESIAN_POINT ( 'NONE',  ( 18.13955117993316790, -20.00000000000001776, 46.98551810541323448 ) ) ;
#2308 = CARTESIAN_POINT ( 'NONE',  ( -128.3033947512872146, 7.632783294297951215E-14, 14.01781071032383785 ) ) ;
#2309 = DATE_AND_TIME ( #1664, #971 ) ;
#2310 = CARTESIAN_POINT ( 'NONE',  ( 30.59522651820464390, 7.636584222983149263E-14, -100.4029381557891867 ) ) ;
#2311 = CARTESIAN_POINT ( 'NONE',  ( -47.61972254090697731, 0.000000000000000000, 77.85682153795127647 ) ) ;
#2312 = CARTESIAN_POINT ( 'NONE',  ( -5.793959756283265428, -19.99999999999996092, 62.93593016691814768 ) ) ;
#2313 = CARTESIAN_POINT ( 'NONE',  ( 3.590697315574320481, -20.00000000000001776, 57.05230132488167527 ) ) ;
#2314 = CARTESIAN_POINT ( 'NONE',  ( -129.4691628007138888, -19.99999999999996092, -2.825930586947254408 ) ) ;
#2315 = CARTESIAN_POINT ( 'NONE',  ( 50.86056100486586473, -19.99999999999994316, -20.92947672260961767 ) ) ;
#2316 = CARTESIAN_POINT ( 'NONE',  ( -63.90678189668969367, -20.00000000000001776, 78.03636024072366695 ) ) ;
#2317 = CARTESIAN_POINT ( 'NONE',  ( 20.68894613626922663, 0.000000000000000000, -109.0623157083288675 ) ) ;
#2318 = CARTESIAN_POINT ( 'NONE',  ( 51.28110269957004874, 3.469512610300317148E-14, -26.56698743352724534 ) ) ;
#2319 = CARTESIAN_POINT ( 'NONE',  ( -116.5147322082902548, 7.632783294297951215E-14, 44.34124998634074188 ) ) ;
#2320 = CARTESIAN_POINT ( 'NONE',  ( -53.97369837112504598, -20.00000000000012790, -117.3715580433952255 ) ) ;
#2321 = CARTESIAN_POINT ( 'NONE',  ( 49.51298643245002040, 0.000000000000000000, -1.834253210643385534 ) ) ;
#2322 = CARTESIAN_POINT ( 'NONE',  ( 21.81150158193175770, 5.551115123125782702E-14, 44.62560165856267957 ) ) ;
#2323 = CARTESIAN_POINT ( 'NONE',  ( -128.3479233113372118, -20.00000000000001776, 13.75902508009009928 ) ) ;
#2324 = CARTESIAN_POINT ( 'NONE',  ( 2.159105926112661056, -20.00000000000012790, -118.7475422520810326 ) ) ;
#2325 = ADVANCED_FACE ( 'NONE', ( #2504 ), #1109, .T. ) ;
#2326 = CARTESIAN_POINT ( 'NONE',  ( -45.08456346526175196, 0.000000000000000000, 77.44924956539111349 ) ) ;
#2327 = FACE_OUTER_BOUND ( 'NONE', #1831, .T. ) ;
#2328 = CARTESIAN_POINT ( 'NONE',  ( -4.399035330093670204, -20.00000000000001776, 62.11885607241923424 ) ) ;
#2329 = CARTESIAN_POINT ( 'NONE',  ( -95.71305161326323230, -19.99999999999996092, 65.89923666759715104 ) ) ;
#2330 = CARTESIAN_POINT ( 'NONE',  ( 50.47457959439152830, -19.99999999999992895, -16.56759150953199011 ) ) ;
#2331 = CARTESIAN_POINT ( 'NONE',  ( -73.61714511069955336, 7.632783294297951215E-14, 76.18061813125923720 ) ) ;
#2332 = CARTESIAN_POINT ( 'NONE',  ( 2.159105926112661056, 0.000000000000000000, -118.7475422520810326 ) ) ;
#2333 = CARTESIAN_POINT ( 'NONE',  ( 49.45627457812179983, -20.00000000000012790, -59.73667303977961751 ) ) ;
#2334 = CARTESIAN_POINT ( 'NONE',  ( -122.5094215587245117, 7.632783294297951215E-14, 33.22716381106157968 ) ) ;
#2335 = CARTESIAN_POINT ( 'NONE',  ( -55.22628520282423636, 5.551115123125782702E-14, -116.8633124305262356 ) ) ;
#2336 = CARTESIAN_POINT ( 'NONE',  ( 50.11091833051023769, 0.000000000000000000, -12.45146762077314229 ) ) ;
#2337 = CARTESIAN_POINT ( 'NONE',  ( 49.63592549654524788, -20.00000000000012790, -5.529040127166795493 ) ) ;
#2338 = CARTESIAN_POINT ( 'NONE',  ( -116.0957921304937202, -20.00000000000004974, -66.42701805493732081 ) ) ;
#2339 = CARTESIAN_POINT ( 'NONE',  ( 21.36604536440060542, -20.00000000000012790, -108.5646001690925004 ) ) ;
#2340 = CARTESIAN_POINT ( 'NONE',  ( 47.86011320911337208, -20.00000000000012790, -66.89280932137918967 ) ) ;
#2341 = CARTESIAN_POINT ( 'NONE',  ( -53.58397132981144040, 0.000000000000000000, 78.40649445923749283 ) ) ;
#2342 = DIRECTION ( 'NONE',  ( 0.000000000000000000, 1.000000000000000000, 0.000000000000000000 ) ) ;
#2343 = CARTESIAN_POINT ( 'NONE',  ( 3.453865562091568364, -20.00000000000001776, 57.14400468997541083 ) ) ;
#2344 = CARTESIAN_POINT ( 'NONE',  ( -116.0721812216613529, -19.99999999999996092, 45.01585746635308993 ) ) ;
#2345 = CARTESIAN_POINT ( 'NONE',  ( 51.20409094949378215, -19.99999999999996092, -25.41651556977052806 ) ) ;
#2346 = CARTESIAN_POINT ( 'NONE',  ( -71.65388179840904570, -19.99999999999999645, 76.69771247719907592 ) ) ;
#2347 = CARTESIAN_POINT ( 'NONE',  ( 44.43463219732166181, -19.99999999999996092, -78.03762996286312159 ) ) ;
#2348 = CARTESIAN_POINT ( 'NONE',  ( 2.420418011890569154, 0.000000000000000000, -118.6539249205416837 ) ) ;
#2349 = CARTESIAN_POINT ( 'NONE',  ( 49.36077760558745808, -20.00000000000012790, -60.23330114618072173 ) ) ;
#2350 = CARTESIAN_POINT ( 'NONE',  ( -117.9204969418632629, -20.00000000000001776, 42.08547793237669765 ) ) ;
#2351 = CARTESIAN_POINT ( 'NONE',  ( -63.93535156719103441, -20.00000000000012790, -112.6180045988345455 ) ) ;
#2352 = CARTESIAN_POINT ( 'NONE',  ( 49.57257198614433946, 0.000000000000000000, -4.034597820128161594 ) ) ;
#2353 = CARTESIAN_POINT ( 'NONE',  ( 49.80929827534748711, 5.551115123125782702E-14, -8.534482038563785622 ) ) ;
#2354 = CARTESIAN_POINT ( 'NONE',  ( -129.4999999999997726, -20.00000000000001776, 0.3131212143296822625 ) ) ;
#2355 = PERSON_AND_ORGANIZATION_ROLE ( 'creator' ) ;
#2356 =( BOUNDED_CURVE ( )  B_SPLINE_CURVE ( 3, ( #404, #841, #1690, #2545, #1482, #418, #1273, #1063, #1909, #2, #51, #278, #1752, #1128, #1987, #2660, #749, #1584, #104, #1960, #2440, #1352, #2453, #945, #1975, #723, #1151, #2210, #2427, #525, #509, #1999, #959, #2187, #263, #933, #1325, #1340, #485, #1597, #1805, #66, #698, #1378, #2224, #921, #2633, #1364, #316, #1767, #1571, #301, #906, #2172, #2621, #1165, #1114, #711, #1547, #2012, #2608, #2405, #1559, #2416, #1779, #90, #497, #2199, #290, #1140, #78, #1791, #2645, #735, #329, #2025, #1178, #1391, #538, #2237, #2193, #2652, #2006, #1346, #544, #2666, #1157, #1396, #503, #284, #2242, #84, #980, #939, #742, #2205, #2230, #951, #96, #2678, #1384, #515, #1590, #531, #2018, #322, #1797, #765, #308, #2446, #2422, #1171, #1370, #109, #966, #2433, #1811, #2216, #755, #1146, #927, #334, #296, #1358, #2459, #491, #1184, #1602, #1613, #1994, #2030, #121, #1823, #1134, #1981, #72, #1773, #2627, #717, #1785, #1566, #2639, #729, #1577, #1316, #2093, #2163, #2758, #215, #1727, #395, #619, #184, #1473, #2341, #254, #1104, #1934, #458, #2311, #26, #1695, #43, #1297, #2326, #1069, #1503, #2566, #9, #881, #861, #2359, #1951, #1249, #1666, #199, #2583, #2521, #1681, #1040, #671, #652, #1884, #606, #1521, #2125, #441, #2744, #409, #1458, #2108, #2377, #831, #2536, #1710, #1916, #1264, #2144, #1054, #234, #1899, #2551, #1086, #424, #846, #635, #1487, #1280, #1796, #913, #1744, #950, #490, #1383, #1345, #295, #2615, #2638, #1357, #1565, #321, #1759, #926, #1145, #938, #2432, #728, #2204, #1170, #716, #2421, #58, #1993, #1772, #83, #1784, #71, #1576, #2626, #2215, #1553, #705, #2651, #2410, #2192, #95, #898, #741, #307, #2017, #283, #514, #502, #1589, #2445, #1369, #1156, #2005, #530, #2229, #1133, #2600, #689, #1539, #2396, #476, #1122, #1333, #2180, #271, #1968, #1980, #155, #1822, #2505, #2711, #568, #543, #754, #1219, #2279, #2064, #2458, #1012, #1232, #2677, #1195, #965, #1000, #775, #1856, #799, #1648, #1833, #591, #120, #1419, #2052 ),
 .UNSPECIFIED., .F., .F. ) 
 B_SPLINE_CURVE_WITH_KNOTS ( ( 4, 3, 1, 1, 3, 1, 1, 3, 3, 1, 1, 3, 1, 1, 3, 3, 1, 1, 3, 1, 1, 3, 3, 1, 1, 3, 1, 1, 3, 3, 1, 1, 3, 1, 1, 3, 3, 1, 1, 3, 1, 1, 3, 3, 1, 1, 3, 1, 1, 3, 3, 1, 1, 3, 1, 1, 3, 3, 1, 1, 3, 1, 1, 3, 3, 1, 1, 3, 1, 1, 3, 3, 1, 1, 3, 1, 1, 3, 3, 1, 1, 3, 1, 1, 3, 3, 1, 1, 3, 1, 1, 3, 3, 1, 1, 3, 1, 1, 3, 3, 1, 1, 3, 1, 1, 3, 3, 1, 1, 3, 1, 1, 3, 3, 1, 1, 3, 1, 1, 3, 3, 1, 1, 3, 1, 1, 3, 3, 1, 1, 3, 1, 1, 3, 3, 1, 1, 3, 1, 1, 3, 3, 1, 1, 3, 3, 1, 1, 3, 1, 1, 3, 3, 1, 1, 3, 1, 1, 3, 4 ),
 ( 0.5000000000000000000, 0.6550764138353046828, 0.6566521526677713272, 0.6582278915002377495, 0.6598036303327043939, 0.6613749042232889286, 0.6629461781138734633, 0.6645174520044579980, 0.6739437293513814708, 0.6757655925086223370, 0.6775874556658632031, 0.6794093188231040692, 0.6807270151620066212, 0.6820447115009091732, 0.6833624078398117252, 0.6927708163343087033, 0.6947312072012420403, 0.6966915980681753773, 0.6986519889351086032, 0.6998222824594080294, 0.7009925759837073445, 0.7021628695080066596, 0.7115359789649384759, 0.7133585516330370746, 0.7151811243011356733, 0.7170036969692343831, 0.7182972990670370983, 0.7195909011648400355, 0.7208845032626427507, 0.7302057314729579751, 0.7319525319784347950, 0.7336993324839115038, 0.7354461329893882127, 0.7367956809228444204, 0.7381452288563006281, 0.7394947767897567248, 0.7487488558399204575, 0.7504425610849740913, 0.7521362663300275031, 0.7538299715750811369, 0.7552079995591323147, 0.7565860275431834925, 0.7579640555272347813, 0.7671375254812151656, 0.7687876468972852928, 0.7704377683133555310, 0.7720878897294256582, 0.7734807921110011808, 0.7748736944925765924, 0.7762665968741521150, 0.7853483461110593034, 0.7869586947502136276, 0.7885690433893678408, 0.7901793920285221651, 0.7915801464777876273, 0.7929809009270532005, 0.7943816553763186628, 0.8033635170333561781, 0.8049349413049555757, 0.8065063655765549733, 0.8080777898481542598, 0.8094834284617473674, 0.8108890670753404750, 0.8122947056889335826, 0.8211721165240093434, 0.8227035880850090965, 0.8242350596460087386, 0.8257665312070083807, 0.8271772845674514318, 0.8285880379278944829, 0.8299987912883375341, 0.8387715136697670992, 0.8402604035507472702, 0.8417492934317275521, 0.8432381833127078341, 0.8446574539534008608, 0.8460767245940939985, 0.8474959952347871361, 0.8561688937974085700, 0.8576146608714457775, 0.8590604279454829850, 0.8605061950195200815, 0.8619378661035769218, 0.8633695371876337621, 0.8648012082716907134, 0.8733894565979478664, 0.8748211276820692106, 0.8762527987661906659, 0.8776844698503120101, 0.8790590229074246587, 0.8804335759645373072, 0.8818081290216499557, 0.8900550277994588866, 0.8914295808565921853, 0.8928041339137255950, 0.8941786869708590046, 0.8954475735864373398, 0.8967164602020157860, 0.8979853468175942321, 0.9055983229405699664, 0.9068672095561753910, 0.9081360961717808156, 0.9094049827873862402, 0.9105729571206157003, 0.9117409314538452714, 0.9129089057870747315, 0.9199164822382096540, 0.9210844565713390830, 0.9222524309044685120, 0.9234204052375978300, 0.9244931866290468925, 0.9255659680204959550, 0.9266387494119450174, 0.9330752385992523434, 0.9341480199905981552, 0.9352208013819438559, 0.9362935827732896676, 0.9372772967450953008, 0.9382610107169009339, 0.9392447246887066781, 0.9451468739764307125, 0.9461305879481843872, 0.9471143019199381730, 0.9480980158916918477, 0.9489993832959422448, 0.9499007507001925310, 0.9508021181044428172, 0.9562102438845780927, 0.9571116112887866345, 0.9580129786929951763, 0.9589143460972037181, 0.9597409240073248027, 0.9605675019174459983, 0.9613940798275670829, 0.9663535120923015809, 0.9671800900021211289, 0.9680066679119405659, 0.9688332458217601140, 0.9695937138286618850, 0.9703541818355635451, 0.9711146498424653162, 0.9756774497501511378, 0.9771423771283525017, 0.9786073045065537546, 0.9800722318847550074, 0.9842989918398307170, 0.9850034518328271149, 0.9857079118258235129, 0.9864123718188200218, 0.9870725871294360187, 0.9877328024400520157, 0.9883930177506680126, 0.9923543000466041875, 0.9930145153483714848, 0.9936747306501387822, 0.9943349459519059685, 0.9949643995628596471, 0.9955938531738132147, 0.9962233067847667822, 1.000000000000000000 ),
 .UNSPECIFIED. ) 
 CURVE ( )  GEOMETRIC_REPRESENTATION_ITEM ( )  RATIONAL_B_SPLINE_CURVE ( ( 0.9530689267635147344, 0.9231967743027182927, 0.9388404653815467515, 1.000000000000000000, 1.000000000000000000, 1.000000000000000000, 1.000000000000000000, 1.000000000000000000, 1.000000000000000000, 1.000000000000000000, 1.000000000000000000, 1.000000000000000000, 1.000000000000000000, 1.000000000000000000, 0.9996136474098020752, 0.9996136474098020752, 1.000000000000000000, 1.000000000000000000, 1.000000000000000000, 1.000000000000000000, 1.000000000000000000, 1.000000000000000000, 1.000000000000000000, 1.000000000000000000, 1.000000000000000000, 1.000000000000000000, 1.000000000000000000, 0.9996108244030065260, 0.9996108244030065260, 1.000000000000000000, 1.000000000000000000, 1.000000000000000000, 1.000000000000000000, 1.000000000000000000, 1.000000000000000000, 1.000000000000000000, 1.000000000000000000, 1.000000000000000000, 1.000000000000000000, 1.000000000000000000, 0.9996063078272393598, 0.9996063078272393598, 1.000000000000000000, 1.000000000000000000, 1.000000000000000000, 1.000000000000000000, 1.000000000000000000, 1.000000000000000000, 1.000000000000000000, 1.000000000000000000, 1.000000000000000000, 1.000000000000000000, 1.000000000000000000, 0.9995994386224308359, 0.9995994386224308359, 1.000000000000000000, 1.000000000000000000, 1.000000000000000000, 1.000000000000000000, 1.000000000000000000, 1.000000000000000000, 1.000000000000000000, 1.000000000000000000, 1.000000000000000000, 1.000000000000000000, 1.000000000000000000, 0.9995901096559622889, 0.9995901096559622889, 1.000000000000000000, 1.000000000000000000, 1.000000000000000000, 1.000000000000000000, 1.000000000000000000, 1.000000000000000000, 1.000000000000000000, 1.000000000000000000, 1.000000000000000000, 1.000000000000000000, 1.000000000000000000, 0.9995781902139980746, 0.9995781902139980746, 1.000000000000000000, 1.000000000000000000, 1.000000000000000000, 1.000000000000000000, 1.000000000000000000, 1.000000000000000000, 1.000000000000000000, 1.000000000000000000, 1.000000000000000000, 1.000000000000000000, 1.000000000000000000, 0.9995635405903942061, 0.9995635405903942061, 1.000000000000000000, 1.000000000000000000, 1.000000000000000000, 1.000000000000000000, 1.000000000000000000, 1.000000000000000000, 1.000000000000000000, 1.000000000000000000, 1.000000000000000000, 1.000000000000000000, 1.000000000000000000, 0.9995460358774242993, 0.9995460358774242993, 1.000000000000000000, 1.000000000000000000, 1.000000000000000000, 1.000000000000000000, 1.000000000000000000, 1.000000000000000000, 1.000000000000000000, 1.000000000000000000, 1.000000000000000000, 1.000000000000000000, 1.000000000000000000, 0.9995256028155401484, 0.9995256028155401484, 1.000000000000000000, 1.000000000000000000, 1.000000000000000000, 1.000000000000000000, 1.000000000000000000, 1.000000000000000000, 1.000000000000000000, 1.000000000000000000, 1.000000000000000000, 1.000000000000000000, 1.000000000000000000, 0.9995022737163351545, 0.9995022737163351545, 1.000000000000000000, 1.000000000000000000, 1.000000000000000000, 1.000000000000000000, 1.000000000000000000, 1.000000000000000000, 1.000000000000000000, 1.000000000000000000, 1.000000000000000000, 1.000000000000000000, 1.000000000000000000, 0.9994762600386840612, 0.9994762600386840612, 1.000000000000000000, 1.000000000000000000, 1.000000000000000000, 1.000000000000000000, 1.000000000000000000, 1.000000000000000000, 1.000000000000000000, 1.000000000000000000, 1.000000000000000000, 1.000000000000000000, 1.000000000000000000, 0.9994480436684125557, 0.9994480436684125557, 1.000000000000000000, 1.000000000000000000, 1.000000000000000000, 1.000000000000000000, 1.000000000000000000, 1.000000000000000000, 1.000000000000000000, 1.000000000000000000, 1.000000000000000000, 1.000000000000000000, 1.000000000000000000, 0.9998643425550017838, 0.9998643425550017838, 1.000000000000000000, 1.000000000000000000, 1.000000000000000000, 1.000000000000000000, 1.000000000000000000, 1.000000000000000000, 1.000000000000000000, 1.000000000000000000, 1.000000000000000000, 1.000000000000000000, 1.000000000000000000, 0.9998796623900645386, 0.9998796623900645386, 1.000000000000000000, 1.000000000000000000, 1.000000000000000000, 1.000000000000000000, 1.000000000000000000, 1.000000000000000000, 1.000000000000000000, 1.000000000000000000, 1.000000000000000000, 1.000000000000000000, 1.000000000000000000, 0.9998974320300959562, 0.9998974320300959562, 1.000000000000000000, 1.000000000000000000, 1.000000000000000000, 1.000000000000000000, 1.000000000000000000, 1.000000000000000000, 1.000000000000000000, 1.000000000000000000, 1.000000000000000000, 1.000000000000000000, 1.000000000000000000, 0.9999174904647635254, 0.9999174904647635254, 1.000000000000000000, 1.000000000000000000, 1.000000000000000000, 1.000000000000000000, 1.000000000000000000, 1.000000000000000000, 1.000000000000000000, 1.000000000000000000, 1.000000000000000000, 1.000000000000000000, 1.000000000000000000, 0.9999392139473748387, 0.9999392139473748387, 1.000000000000000000, 1.000000000000000000, 1.000000000000000000, 1.000000000000000000, 1.000000000000000000, 1.000000000000000000, 1.000000000000000000, 1.000000000000000000, 1.000000000000000000, 1.000000000000000000, 1.000000000000000000, 0.9999612219496049059, 0.9999612219496049059, 1.000000000000000000, 1.000000000000000000, 1.000000000000000000, 1.000000000000000000, 1.000000000000000000, 1.000000000000000000, 1.000000000000000000, 1.000000000000000000, 1.000000000000000000, 1.000000000000000000, 1.000000000000000000, 0.9999810756281709567, 0.9999810756281709567, 1.000000000000000000, 1.000000000000000000, 1.000000000000000000, 1.000000000000000000, 1.000000000000000000, 1.000000000000000000, 1.000000000000000000, 1.000000000000000000, 1.000000000000000000, 1.000000000000000000, 1.000000000000000000, 0.9999952472409281423, 0.9999952472409281423, 1.000000000000000000, 1.000000000000000000, 1.000000000000000000, 1.000000000000000000, 1.000000000000000000, 1.000000000000000000, 0.9999999646649723184, 0.9999999646649723184, 1.000000000000000000, 1.000000000000000000, 1.000000000000000000, 1.000000000000000000, 1.000000000000000000, 1.000000000000000000, 1.000000000000000000, 1.000000000000000000, 1.000000000000000000, 1.000000000000000000, 1.000000000000000000, 0.9999935949233750287, 0.9999935949233750287, 1.000000000000000000, 1.000000000000000000, 1.000000000000000000, 1.000000000000000000, 1.000000000000000000, 1.000000000000000000, 1.000000000000000000, 1.000000000000000000, 1.000000000000000000, 1.000000000000000000, 1.000000000000000000, 0.9999799117517673697, 0.9999799117517673697, 1.000000000000000000 ) ) 
 REPRESENTATION_ITEM ( '' )  );
#2357 = CARTESIAN_POINT ( 'NONE',  ( 15.44668269742147082, 1.388409068686087972E-14, -112.5361272185191126 ) ) ;
#2358 = CARTESIAN_POINT ( 'NONE',  ( 47.47446799662348127, -20.00000000000012790, -68.36017980852041376 ) ) ;
#2359 = CARTESIAN_POINT ( 'NONE',  ( -39.44898702700189830, 0.000000000000000000, 76.29720836280768026 ) ) ;
#2360 = CARTESIAN_POINT ( 'NONE',  ( 5.433032131151517952, -19.99999999999996092, 55.80113336847321648 ) ) ;
#2361 = CARTESIAN_POINT ( 'NONE',  ( -113.9844221095793131, -19.99999999999994316, 48.05750821316517829 ) ) ;
#2362 = CARTESIAN_POINT ( 'NONE',  ( 49.92233151645315559, -19.99999999999996092, -10.09079242440099122 ) ) ;
#2363 = CARTESIAN_POINT ( 'NONE',  ( -37.58662798476806444, -20.00000000000001776, 75.84036954721234736 ) ) ;
#2364 = CARTESIAN_POINT ( 'NONE',  ( 45.33770611185969557, -19.99999999999996092, -75.43954745966217956 ) ) ;
#2365 = CARTESIAN_POINT ( 'NONE',  ( 1.635442794401139821, 0.000000000000000000, -118.9318768875595111 ) ) ;
#2366 = CARTESIAN_POINT ( 'NONE',  ( 51.10596113655771688, -20.00000000000011013, -48.01787158979779946 ) ) ;
#2367 = CARTESIAN_POINT ( 'NONE',  ( -126.5767260278997952, 7.632783294297951215E-14, 21.79550368694656370 ) ) ;
#2368 = CARTESIAN_POINT ( 'NONE',  ( -64.47882907447802836, 5.551115123125782702E-14, -112.3068503969331147 ) ) ;
#2369 = CARTESIAN_POINT ( 'NONE',  ( 49.10252081831276882, -19.99999999999995381, 18.37515543364829185 ) ) ;
#2370 = CARTESIAN_POINT ( 'NONE',  ( 51.21509251654160266, 0.000000000000000000, -25.58086702696008885 ) ) ;
#2371 = CARTESIAN_POINT ( 'NONE',  ( 49.82690861468730503, -20.00000000000012790, -8.784736478369667978 ) ) ;
#2372 = CARTESIAN_POINT ( 'NONE',  ( -129.4874360166335236, 7.632783294297951215E-14, -1.884072117899359355 ) ) ;
#2373 = PERSON_AND_ORGANIZATION ( #523, #955 ) ;
#2374 = CARTESIAN_POINT ( 'NONE',  ( 12.31789068132317944, 5.551115123125782702E-14, -114.2776201646975665 ) ) ;
#2375 = CARTESIAN_POINT ( 'NONE',  ( 47.47446799662348127, 0.000000000000000000, -68.36017980852041376 ) ) ;
#2376 = CARTESIAN_POINT ( 'NONE',  ( 41.36983466679547661, -20.00000000000012790, -85.10028809484080625 ) ) ;
#2377 = CARTESIAN_POINT ( 'NONE',  ( -26.54700716717497144, 0.000000000000000000, 72.53824940506697772 ) ) ;
#2378 = CARTESIAN_POINT ( 'NONE',  ( 14.92024357882815977, -19.99999999999996803, 49.17232787526845073 ) ) ;
#2379 = CARTESIAN_POINT ( 'NONE',  ( -103.4255272144312698, -19.99999999999996092, 59.77615962320127352 ) ) ;
#2380 = CARTESIAN_POINT ( 'NONE',  ( 51.49580163270221789, -19.99999999999996092, -41.97311881014217505 ) ) ;
#2381 = CARTESIAN_POINT ( 'NONE',  ( -44.81507147097113375, 7.632783294297951215E-14, 77.40020197676730618 ) ) ;
#2382 = CARTESIAN_POINT ( 'NONE',  ( 45.25065805927280849, -19.99999999999996092, -75.69926699584635799 ) ) ;
#2383 = CARTESIAN_POINT ( 'NONE',  ( -8.380125966729714548, 0.000000000000000000, -121.6486729768819544 ) ) ;
#2384 = CARTESIAN_POINT ( 'NONE',  ( 51.30351024987134423, 5.551115123125782702E-14, -45.46004790749576330 ) ) ;
#2385 = PRODUCT_RELATED_PRODUCT_CATEGORY ( 'detail', '', ( #2300 ) ) ;
#2386 = CARTESIAN_POINT ( 'NONE',  ( -106.8860885959011995, 3.470911016186583319E-14, 56.46695503076981026 ) ) ;
#2387 = CARTESIAN_POINT ( 'NONE',  ( 0.000000000000000000, -20.00000000000001776, 0.000000000000000000 ) ) ;
#2388 = CARTESIAN_POINT ( 'NONE',  ( 49.54905545651282495, -19.99999999999996092, -3.301253372065207969 ) ) ;
#2389 = CARTESIAN_POINT ( 'NONE',  ( 51.01818241924348030, 0.000000000000000000, -22.89324777624311835 ) ) ;
#2390 = CARTESIAN_POINT ( 'NONE',  ( 49.86397337730661405, 5.551115123125782702E-14, -9.303551122066266998 ) ) ;
#2391 = CARTESIAN_POINT ( 'NONE',  ( -60.62724300935362720, -20.00000000000001421, -114.4010018259188257 ) ) ;
#2392 = CARTESIAN_POINT ( 'NONE',  ( 7.462100287057490178, -20.00000000000012790, -116.6390405258233187 ) ) ;
#2393 = CC_DESIGN_APPROVAL ( #2256, ( #100 ) ) ;
#2394 = CARTESIAN_POINT ( 'NONE',  ( 50.59877643039445161, 0.000000000000000000, -52.59302673992866772 ) ) ;
#2395 = CARTESIAN_POINT ( 'NONE',  ( 40.71007645442282552, -20.00000000000012790, -86.36526296796421320 ) ) ;
#2396 = CARTESIAN_POINT ( 'NONE',  ( 8.289727415466247251, 0.000000000000000000, 53.82363855923255613 ) ) ;
#2397 = CARTESIAN_POINT ( 'NONE',  ( 18.13955117993316790, -19.99999999999996092, 46.98551810541323448 ) ) ;
#2398 = CARTESIAN_POINT ( 'NONE',  ( -111.6106994635894551, -19.99999999999996092, 51.11416544137317430 ) ) ;
#2399 = CARTESIAN_POINT ( 'NONE',  ( 48.04478905582770665, -19.99999999999996092, -66.15704461152211024 ) ) ;
#2400 = CARTESIAN_POINT ( 'NONE',  ( -46.77261666362249315, -20.00000000000001776, 77.73435343406451636 ) ) ;
#2401 = APPLICATION_CONTEXT ( 'configuration controlled 3d designs of mechanical parts and assemblies' ) ;
#2402 = CARTESIAN_POINT ( 'NONE',  ( 44.53073589504786867, -19.99999999999996092, -77.76900206211855959 ) ) ;
#2403 = CARTESIAN_POINT ( 'NONE',  ( 48.74928983766282187, -20.00000000000013145, -63.20552471462799105 ) ) ;
#2404 = CARTESIAN_POINT ( 'NONE',  ( -105.5794034487033741, 7.632783294297951215E-14, 57.74650836856939407 ) ) ;
#2405 = CARTESIAN_POINT ( 'NONE',  ( -117.2342658171822194, 0.000000000000000000, 43.20516329266511946 ) ) ;
#2406 = CARTESIAN_POINT ( 'NONE',  ( 49.98174421862142225, 4.857256843837331815E-14, -10.87795719545778539 ) ) ;
#2407 = CARTESIAN_POINT ( 'NONE',  ( -19.05121447182947492, 5.551115123125782702E-14, -123.0293863438063653 ) ) ;
#2408 = CARTESIAN_POINT ( 'NONE',  ( 50.32008439490863339, 0.000000000000000000, -54.66926620072963772 ) ) ;
#2409 = CARTESIAN_POINT ( 'NONE',  ( 47.98374848186276154, 5.551115123125782702E-14, -66.40242838053158891 ) ) ;
#2410 = CARTESIAN_POINT ( 'NONE',  ( -0.1293994474064269484, 0.000000000000000000, 59.48944947772054093 ) ) ;
#2411 = CARTESIAN_POINT ( 'NONE',  ( -35.72907972730385495, -19.99999999999996092, 75.36479642356148645 ) ) ;
#2412 = CARTESIAN_POINT ( 'NONE',  ( 51.60688421601678044, -19.99999999999996092, -37.07378121181979225 ) ) ;
#2413 = CARTESIAN_POINT ( 'NONE',  ( -44.27641730380435092, 7.632783294297951215E-14, 77.30029459563290573 ) ) ;
#2414 = CARTESIAN_POINT ( 'NONE',  ( 27.32625277886246451, -19.99999999999996092, -103.6167588198287035 ) ) ;
#2415 = CARTESIAN_POINT ( 'NONE',  ( -112.6564796893077300, 7.632783294297951215E-14, 49.78941588558322451 ) ) ;
#2416 = CARTESIAN_POINT ( 'NONE',  ( -116.5147322082902548, 0.000000000000000000, 44.34124998634074188 ) ) ;
#2417 = CARTESIAN_POINT ( 'NONE',  ( 50.28750706509866575, -20.00000000000012790, -14.47016087134193718 ) ) ;
#2418 = CARTESIAN_POINT ( 'NONE',  ( -10.87303857892230852, 5.551115123125782702E-14, -122.1054868595228271 ) ) ;
#2419 = CARTESIAN_POINT ( 'NONE',  ( 51.45193353370415679, 0.000000000000000000, -42.95231572942017806 ) ) ;
#2420 = CARTESIAN_POINT ( 'NONE',  ( 16.22228317437934919, 7.632783294297951215E-14, 48.27940352159782122 ) ) ;
#2421 = CARTESIAN_POINT ( 'NONE',  ( -5.638480805956834097, 0.000000000000000000, 62.84598133323770952 ) ) ;
#2422 = CARTESIAN_POINT ( 'NONE',  ( -86.47721361563715448, 0.000000000000000000, 71.33296961983802476 ) ) ;
#2423 = CARTESIAN_POINT ( 'NONE',  ( -34.73187493297466233, -19.99999999999996092, 75.09711934980325054 ) ) ;
#2424 = CARTESIAN_POINT ( 'NONE',  ( -47.33717511649421539, -20.00000000000001776, 77.81727633936685606 ) ) ;
#2425 = CARTESIAN_POINT ( 'NONE',  ( 20.00493776790120037, -19.99999999999996092, -109.5507431866233645 ) ) ;
#2426 = CARTESIAN_POINT ( 'NONE',  ( -102.8066196075553194, -20.00000000000001776, 60.33329179887377336 ) ) ;
#2427 = CARTESIAN_POINT ( 'NONE',  ( -127.6043102191263046, 0.000000000000000000, 17.70278522131204468 ) ) ;
#2428 = CARTESIAN_POINT ( 'NONE',  ( 51.14709905342319729, -20.00000000000012790, -24.59488857217514735 ) ) ;
#2429 = CARTESIAN_POINT ( 'NONE',  ( -15.37318809960927801, -20.00000000000011013, -122.7421592891669064 ) ) ;
#2430 = CARTESIAN_POINT ( 'NONE',  ( 48.41106004809751795, 0.000000000000000000, -64.68463125227637533 ) ) ;
#2431 = CARTESIAN_POINT ( 'NONE',  ( 10.88933467041642267, -19.99999999999998579, 51.99606392884955852 ) ) ;
#2432 = CARTESIAN_POINT ( 'NONE',  ( -7.156191635272812768, 0.000000000000000000, 63.71297257456365060 ) ) ;
#2433 = CARTESIAN_POINT ( 'NONE',  ( -84.10626293068369819, 0.000000000000000000, 72.44831078576937955 ) ) ;
#2434 = CARTESIAN_POINT ( 'NONE',  ( -28.20153311051890199, -19.99999999999996092, 73.10822117639575879 ) ) ;
#2435 = CARTESIAN_POINT ( 'NONE',  ( -13.71780122021332815, -20.00000000000001776, 67.16016713345182154 ) ) ;
#2436 = CARTESIAN_POINT ( 'NONE',  ( 49.52745485144710358, -19.99999999999994316, -2.567840970618994412 ) ) ;
#2437 = CARTESIAN_POINT ( 'NONE',  ( 0.8468535878387041249, -19.99999999999996092, -119.1997901568326768 ) ) ;
#2438 = CARTESIAN_POINT ( 'NONE',  ( -34.64291270945446399, -19.99999999999996092, -122.4494251740340047 ) ) ;
#2439 = CARTESIAN_POINT ( 'NONE',  ( -102.1803053071303253, 7.632783294297951215E-14, 60.88227345021810777 ) ) ;
#2440 = CARTESIAN_POINT ( 'NONE',  ( -128.7219415320301437, 0.000000000000000000, 11.32380647641311278 ) ) ;
#2441 = CARTESIAN_POINT ( 'NONE',  ( 50.86056100486585763, -20.00000000000011013, -20.92947672260961767 ) ) ;
#2442 = CARTESIAN_POINT ( 'NONE',  ( -4.541226766950385851, -20.00000000000011724, -120.7995455505895990 ) ) ;
#2443 = ORIENTED_EDGE ( 'NONE', *, *, #968, .T. ) ;
#2444 = CARTESIAN_POINT ( 'NONE',  ( 8.768046514931468138, -20.00000000000001776, 53.48882421083186500 ) ) ;
#2445 = CARTESIAN_POINT ( 'NONE',  ( 4.546114878954291783, 0.000000000000000000, 56.40679971669614901 ) ) ;
#2446 = CARTESIAN_POINT ( 'NONE',  ( -87.31727222775916175, 0.000000000000000000, 70.91196797698195553 ) ) ;
#2447 = CARTESIAN_POINT ( 'NONE',  ( -63.34443353004982669, -19.99999999999996092, 78.09759352273987076 ) ) ;
#2448 = CARTESIAN_POINT ( 'NONE',  ( -11.82093474377541220, 7.632783294297951215E-14, 66.21328390212673298 ) ) ;
#2449 = CARTESIAN_POINT ( 'NONE',  ( 49.71309374743501053, -19.99999999999998579, -7.032307711728085664 ) ) ;
#2450 = CARTESIAN_POINT ( 'NONE',  ( -17.20968287482271819, -19.99999999999994316, -122.9180218039841179 ) ) ;
#2451 = CARTESIAN_POINT ( 'NONE',  ( -43.05002587374138301, -19.99999999999996092, -120.8587579265771836 ) ) ;
#2452 = CARTESIAN_POINT ( 'NONE',  ( -95.71305161326323230, 7.632783294297951215E-14, 65.89923666759715104 ) ) ;
#2453 = CARTESIAN_POINT ( 'NONE',  ( -128.6336001328637622, 0.000000000000000000, 11.94318509636946146 ) ) ;
#2454 = CARTESIAN_POINT ( 'NONE',  ( 51.01818241924348030, 5.551115123125782702E-14, -22.89324777624311835 ) ) ;
#2455 = CARTESIAN_POINT ( 'NONE',  ( -2.463039689489825879, -20.00000000000012790, -120.2192638986974060 ) ) ;
#2456 = EDGE_LOOP ( 'NONE', ( #541, #1634, #107, #1205 ) ) ;
#2457 = CARTESIAN_POINT ( 'NONE',  ( 8.289727415466247251, 7.632783294297951215E-14, 53.82363855923255613 ) ) ;
#2458 = CARTESIAN_POINT ( 'NONE',  ( 14.92024357882815977, 0.000000000000000000, 49.17232787526845073 ) ) ;
#2459 = CARTESIAN_POINT ( 'NONE',  ( -76.07161900691700396, 0.000000000000000000, 75.47360850646779795 ) ) ;
#2460 = CARTESIAN_POINT ( 'NONE',  ( -57.02397927425486301, -19.99999999999996092, 78.46518698190715213 ) ) ;
#2461 = CARTESIAN_POINT ( 'NONE',  ( -8.353309885965673587, 6.592349931641735286E-14, 64.38383071306036243 ) ) ;
#2462 = CARTESIAN_POINT ( 'NONE',  ( 130.0000000000000000, -20.00000000000000000, 0.000000000000000000 ) ) ;
#2463 = CARTESIAN_POINT ( 'NONE',  ( 7.755588561810863979, -19.99999999999996092, -116.5092462251899548 ) ) ;
#2464 = CARTESIAN_POINT ( 'NONE',  ( -63.11313588007047315, -19.99999999999996092, -113.0726405349380030 ) ) ;
#2465 = CARTESIAN_POINT ( 'NONE',  ( -76.65450521231949210, -20.00000000000001776, 75.29244041032883672 ) ) ;
#2466 = CARTESIAN_POINT ( 'NONE',  ( 50.93515218559669933, 6.938926882954919021E-14, -21.83568461803147542 ) ) ;
#2467 = CARTESIAN_POINT ( 'NONE',  ( -53.48542933102067565, 5.551115123125782702E-14, -117.5649766825596743 ) ) ;
#2468 = CARTESIAN_POINT ( 'NONE',  ( 14.16416037428063390, 7.632783294297951215E-14, 49.69818416124040539 ) ) ;
#2469 = CARTESIAN_POINT ( 'NONE',  ( 32.90975794553216360, -20.00000000000012790, -97.78080439318401318 ) ) ;
#2470 = CARTESIAN_POINT ( 'NONE',  ( 0.1481171039682234736, -19.99999999999996092, 59.31192629988225207 ) ) ;
#2471 = CARTESIAN_POINT ( 'NONE',  ( -24.79581652707136996, -20.00000000000001776, 71.90541381624007045 ) ) ;
#2472 = CARTESIAN_POINT ( 'NONE',  ( -42.59672923295495650, 0.000000000000000000, -120.9686758397632502 ) ) ;
#2473 = CARTESIAN_POINT ( 'NONE',  ( -21.20036392216272247, -19.99999999999996092, -123.1304340380191036 ) ) ;
#2474 = CARTESIAN_POINT ( 'NONE',  ( -87.31727222775916175, -20.00000000000001776, 70.91196797698195553 ) ) ;
#2475 = CARTESIAN_POINT ( 'NONE',  ( 17.75292958639460750, 0.000000000000000000, -111.0749599269824870 ) ) ;
#2476 = CARTESIAN_POINT ( 'NONE',  ( 51.50584349341072254, 5.551115123125782702E-14, -31.09819820871665996 ) ) ;
#2477 = CARTESIAN_POINT ( 'NONE',  ( -43.27643655143425860, -20.00000000000012790, -120.8028368137938884 ) ) ;
#2478 = CARTESIAN_POINT ( 'NONE',  ( 20.13521060592572454, 0.000000000000000000, 45.68269667168101478 ) ) ;
#2479 = CARTESIAN_POINT ( 'NONE',  ( 21.91555844371887929, -20.00000000000012790, 44.56136744489663926 ) ) ;
#2480 = DATE_AND_TIME ( #2699, #239 ) ;
#2481 = CARTESIAN_POINT ( 'NONE',  ( 33.10177136322258207, 5.551115123125782702E-14, -97.55460974277552566 ) ) ;
#2482 = EDGE_CURVE ( 'NONE', #2491, #773, #1088, .T. ) ;
#2483 = CARTESIAN_POINT ( 'NONE',  ( 3.453865562091568364, -19.99999999999996092, 57.14400468997541083 ) ) ;
#2484 = CARTESIAN_POINT ( 'NONE',  ( -18.37367364860659080, -20.00000000000001776, 69.31529749443440380 ) ) ;
#2485 = CARTESIAN_POINT ( 'NONE',  ( -43.05002587374138301, 0.000000000000000000, -120.8587579265771836 ) ) ;
#2486 = CARTESIAN_POINT ( 'NONE',  ( -120.7412538822430434, -19.99999999999995026, 37.01283332760738176 ) ) ;
#2487 = CARTESIAN_POINT ( 'NONE',  ( -81.71298466505622571, -20.00000000000006040, 73.49026997145310247 ) ) ;
#2488 = CARTESIAN_POINT ( 'NONE',  ( 34.77191147670843918, 0.000000000000000000, -95.48880209419294829 ) ) ;
#2489 = CARTESIAN_POINT ( 'NONE',  ( 51.47931251055641155, 5.551115123125782702E-14, -42.36483913670944190 ) ) ;
#2490 = CARTESIAN_POINT ( 'NONE',  ( -41.46018906097607726, 5.551115123125782702E-14, -121.2297091130487559 ) ) ;
#2491 = VERTEX_POINT ( 'NONE', #209 ) ;
#2492 = CARTESIAN_POINT ( 'NONE',  ( -92.72927147329460240, -19.99999999999997513, -90.39652765472814622 ) ) ;
#2493 =( LENGTH_UNIT ( ) NAMED_UNIT ( * ) SI_UNIT ( .MILLI., .METRE. ) );
#2494 = CARTESIAN_POINT ( 'NONE',  ( 30.59522651820464390, -20.00000000000011013, -100.4029381557891867 ) ) ;
#2495 = CARTESIAN_POINT ( 'NONE',  ( -0.7228372298186391820, -19.99999999999996092, 59.86742984984006455 ) ) ;
#2496 = CARTESIAN_POINT ( 'NONE',  ( 0.5637247653766245259, -20.00000000000001776, 59.04459495799539326 ) ) ;
#2497 = CARTESIAN_POINT ( 'NONE',  ( -41.91531366363294353, 0.000000000000000000, -121.1276235419878020 ) ) ;
#2498 = CARTESIAN_POINT ( 'NONE',  ( -129.4518692242762370, -19.99999999999996092, 2.817679880413296978 ) ) ;
#2499 = CARTESIAN_POINT ( 'NONE',  ( -76.65450521231949210, 7.632783294297951215E-14, 75.29244041032883672 ) ) ;
#2500 = CARTESIAN_POINT ( 'NONE',  ( 29.36371972654129081, 0.000000000000000000, -101.6449902250432160 ) ) ;
#2501 = CARTESIAN_POINT ( 'NONE',  ( 51.39082363538665987, -20.00000000000012790, -28.54058036593078285 ) ) ;
#2502 = CARTESIAN_POINT ( 'NONE',  ( -35.36212523994198165, 5.551115123125782702E-14, -122.3473815124500419 ) ) ;
#2503 = CARTESIAN_POINT ( 'NONE',  ( 50.54985171713744307, 0.000000000000000000, -17.40652414260651781 ) ) ;
#2504 = FACE_OUTER_BOUND ( 'NONE', #2456, .T. ) ;
#2505 = CARTESIAN_POINT ( 'NONE',  ( 12.95687420016295732, 0.000000000000000000, 50.54329255766865714 ) ) ;
#2506 = CARTESIAN_POINT ( 'NONE',  ( 27.75431474961860445, 5.551115123125782702E-14, -103.2160882854444850 ) ) ;
#2507 = CARTESIAN_POINT ( 'NONE',  ( -25.01410161728600201, -19.99999999999996092, 71.98619272219966092 ) ) ;
#2508 = CARTESIAN_POINT ( 'NONE',  ( -6.814600367417289029, 7.632783294297951215E-14, 63.52053528322309006 ) ) ;
#2509 = CARTESIAN_POINT ( 'NONE',  ( -122.5094215587245117, -19.99999999999996092, 33.22716381106157968 ) ) ;
#2510 = CARTESIAN_POINT ( 'NONE',  ( 51.60713445721283676, -19.99999999999996092, -36.48568142080739563 ) ) ;
#2511 = CARTESIAN_POINT ( 'NONE',  ( -55.00993103614651147, 7.632783294297951215E-14, 78.45199418571671401 ) ) ;
#2512 = CARTESIAN_POINT ( 'NONE',  ( 27.32625277886246451, 0.000000000000000000, -103.6167588198287035 ) ) ;
#2513 = CARTESIAN_POINT ( 'NONE',  ( 51.60688421601678044, 5.551115123125782702E-14, -37.07378121181979225 ) ) ;
#2514 = CARTESIAN_POINT ( 'NONE',  ( -117.2342658171822194, -20.00000000000001776, 43.20516329266511946 ) ) ;
#2515 = CARTESIAN_POINT ( 'NONE',  ( -42.59672923295495650, -20.00000000000012790, -120.9686758397632502 ) ) ;
#2516 = CARTESIAN_POINT ( 'NONE',  ( 50.86056100486586473, 0.000000000000000000, -20.92947672260961767 ) ) ;
#2517 = CARTESIAN_POINT ( 'NONE',  ( 25.69962088368446018, -20.00000000000012790, 42.30578549601567317 ) ) ;
#2518 = CARTESIAN_POINT ( 'NONE',  ( -128.5569710679015998, 7.632783294297951215E-14, 12.46274780849702779 ) ) ;
#2519 = SHAPE_DEFINITION_REPRESENTATION ( #232, #2282 ) ;
#2520 = CARTESIAN_POINT ( 'NONE',  ( 38.09669512251599599, 6.942529984292635949E-14, -90.83487013523840403 ) ) ;
#2521 = CARTESIAN_POINT ( 'NONE',  ( -35.46441832298955177, 0.000000000000000000, 75.29418522044761630 ) ) ;
#2522 = CARTESIAN_POINT ( 'NONE',  ( -12.56788713749394581, -19.99999999999996092, 66.59179244902037453 ) ) ;
#2523 = CARTESIAN_POINT ( 'NONE',  ( 0.8403460821893833366, -20.00000000000001776, 58.86568000042766613 ) ) ;
#2524 = CARTESIAN_POINT ( 'NONE',  ( -128.7508621342097115, -19.99999999999997513, -35.73466032044944285 ) ) ;
#2525 = CARTESIAN_POINT ( 'NONE',  ( 50.20134151889784135, -19.99999999999996092, -13.50011076918494979 ) ) ;
#2526 = CARTESIAN_POINT ( 'NONE',  ( -64.74922165851184275, -20.00000000000001776, 77.93369936062418901 ) ) ;
#2527 = CARTESIAN_POINT ( 'NONE',  ( 39.87526466716828111, 0.000000000000000000, -87.86935695543057534 ) ) ;
#2528 = CARTESIAN_POINT ( 'NONE',  ( 51.51842810245634752, -20.00000000000012790, -31.45722471381438723 ) ) ;
#2529 = CARTESIAN_POINT ( 'NONE',  ( -121.5411088798030192, 7.632783294297951215E-14, 35.33551934314368737 ) ) ;
#2530 = DIRECTION ( 'NONE',  ( 0.000000000000000000, 0.000000000000000000, 1.000000000000000000 ) ) ;
#2531 = CARTESIAN_POINT ( 'NONE',  ( 40.46461181318350242, 0.000000000000000000, 33.33645270168894825 ) ) ;
#2532 = CARTESIAN_POINT ( 'NONE',  ( 20.02967353960259800, 5.551115123125782702E-14, 45.75049248394338974 ) ) ;
#2533 = CARTESIAN_POINT ( 'NONE',  ( -127.9853351376479367, 6.941595403442450653E-14, 15.86627060831177616 ) ) ;
#2534 = APPROVAL_STATUS ( 'not_yet_approved' ) ;
#2535 = CARTESIAN_POINT ( 'NONE',  ( 4.124921580705903423, 5.206442828893666338E-14, -118.0432716656920604 ) ) ;
#2536 = CARTESIAN_POINT ( 'NONE',  ( -25.45114412520170433, 0.000000000000000000, 72.14647418546363156 ) ) ;
#2537 = DIRECTION ( 'NONE',  ( 0.000000000000000000, 0.000000000000000000, 1.000000000000000000 ) ) ;
#2538 = CARTESIAN_POINT ( 'NONE',  ( -1.636029221319765359, 7.632783294297951215E-14, 60.43981166104636316 ) ) ;
#2539 = CARTESIAN_POINT ( 'NONE',  ( -128.3479233113372118, -19.99999999999996092, 13.75902508009009928 ) ) ;
#2540 = CARTESIAN_POINT ( 'NONE',  ( 49.86397337730661405, -19.99999999999996092, -9.303551122066266998 ) ) ;
#2541 = CARTESIAN_POINT ( 'NONE',  ( -66.47054351877997647, 7.632783294297951215E-14, 77.68918181519318011 ) ) ;
#2542 = CARTESIAN_POINT ( 'NONE',  ( -0.2581821330022430194, 0.000000000000000000, -119.5577400436045536 ) ) ;
#2543 = CARTESIAN_POINT ( 'NONE',  ( 50.32008439490863339, -20.00000000000013856, -54.66926620072963772 ) ) ;
#2544 = CARTESIAN_POINT ( 'NONE',  ( -125.7181023157574771, -20.00000000000001776, 24.70927758410383746 ) ) ;
#2545 = CARTESIAN_POINT ( 'NONE',  ( -129.4691628007138888, 0.000000000000000000, -2.825930586947254408 ) ) ;
#2546 = CARTESIAN_POINT ( 'NONE',  ( 49.91242943906904372, 0.000000000000000000, -9.959598821137969793 ) ) ;
#2547 = CARTESIAN_POINT ( 'NONE',  ( 49.49989625310188046, -20.00000000000012790, -0.3658254723889683979 ) ) ;
#2548 = CARTESIAN_POINT ( 'NONE',  ( -129.4977286896949238, 7.632783294297951215E-14, 0.9393636428174244601 ) ) ;
#2549 = COORDINATED_UNIVERSAL_TIME_OFFSET ( 8, 0, .AHEAD. ) ;
#2550 = CARTESIAN_POINT ( 'NONE',  ( 20.68894613626922663, 5.551115123125782702E-14, -109.0623157083288675 ) ) ;
#2551 = CARTESIAN_POINT ( 'NONE',  ( -19.60383248577016246, 0.000000000000000000, 69.84562531224278814 ) ) ;
#2552 = CARTESIAN_POINT ( 'NONE',  ( 0.000000000000000000, -20.00000000000001776, 0.000000000000000000 ) ) ;
#2553 = CARTESIAN_POINT ( 'NONE',  ( 2.632865330328375109, 5.551220176480506806E-14, 57.69423138867008305 ) ) ;
#2554 = CARTESIAN_POINT ( 'NONE',  ( -109.9028091002120107, -19.99999999999996092, 53.15380114543378909 ) ) ;
#2555 = CARTESIAN_POINT ( 'NONE',  ( 51.12277894026831859, -19.99999999999996092, -24.26634888399338408 ) ) ;
#2556 = CARTESIAN_POINT ( 'NONE',  ( -68.22578163420838848, 7.632783294297951215E-14, 77.39108860981959026 ) ) ;
#2557 = CARTESIAN_POINT ( 'NONE',  ( -0.8856510321941735153, 0.000000000000000000, -119.7547863644266641 ) ) ;
#2558 = CARTESIAN_POINT ( 'NONE',  ( 49.50323625164307373, -20.00000000000012790, -59.48821027197034539 ) ) ;
#2559 = CARTESIAN_POINT ( 'NONE',  ( -125.8572559191313616, -20.00000000000001776, 24.26408533096678255 ) ) ;
#2560 = CARTESIAN_POINT ( 'NONE',  ( -55.22628520282423636, -20.00000000000012790, -116.8633124305262356 ) ) ;
#2561 = CARTESIAN_POINT ( 'NONE',  ( 25.69962088368446018, 0.000000000000000000, 42.30578549601567317 ) ) ;
#2562 = CARTESIAN_POINT ( 'NONE',  ( 49.59177519026921033, -20.00000000000012790, -4.526517841407068588 ) ) ;
#2563 = CARTESIAN_POINT ( 'NONE',  ( -129.4518692242762370, -20.00000000000001776, 2.817679880413296978 ) ) ;
#2564 = CARTESIAN_POINT ( 'NONE',  ( 19.54502513277726905, 5.551115123125782702E-14, -109.8706579685754292 ) ) ;
#2565 = CARTESIAN_POINT ( 'NONE',  ( 47.54017579123219406, -20.00000000000012790, -68.11600439720524491 ) ) ;
#2566 = CARTESIAN_POINT ( 'NONE',  ( -43.46942103264829882, 0.000000000000000000, 77.14499561982570697 ) ) ;
#2567 = CARTESIAN_POINT ( 'NONE',  ( 10.88933467041642267, -19.99999999999992895, 51.99606392884955142 ) ) ;
#2568 = CARTESIAN_POINT ( 'NONE',  ( 4.807464854519189146, -20.00000000000001776, 56.22870069804061899 ) ) ;
#2569 = CARTESIAN_POINT ( 'NONE',  ( -117.2342658171822194, -19.99999999999996092, 43.20516329266511946 ) ) ;
#2570 = CARTESIAN_POINT ( 'NONE',  ( 51.59698974769748503, -19.99999999999996092, -34.86910438421589475 ) ) ;
#2571 = CARTESIAN_POINT ( 'NONE',  ( -65.58979988085833668, -20.00000000000001776, 77.81803963260414037 ) ) ;
#2572 = CARTESIAN_POINT ( 'NONE',  ( 36.12789818374803730, -19.99999999999996092, -93.67741564871558069 ) ) ;
#2573 = CARTESIAN_POINT ( 'NONE',  ( 10.08052372452229584, 0.000000000000000000, -115.4202727622199376 ) ) ;
#2574 = CARTESIAN_POINT ( 'NONE',  ( 49.45627457812179983, 5.551115123125782702E-14, -59.73667303977961751 ) ) ;
#2575 = CARTESIAN_POINT ( 'NONE',  ( -123.3657692343279564, -20.00000000000001776, 31.22307011933158094 ) ) ;
#2576 = CARTESIAN_POINT ( 'NONE',  ( -64.75000000054512839, -20.00000000000012790, -112.1502897897701132 ) ) ;
#2577 = CARTESIAN_POINT ( 'NONE',  ( 0.000000000000000000, 0.000000000000000000, 0.000000000000000000 ) ) ;
#2578 = CARTESIAN_POINT ( 'NONE',  ( 51.59698974769748503, 0.000000000000000000, -34.86910438421589475 ) ) ;
#2579 = CARTESIAN_POINT ( 'NONE',  ( 49.51298643245002040, -20.00000000000011013, -1.834253210643385312 ) ) ;
#2580 = CARTESIAN_POINT ( 'NONE',  ( -128.3479233113372118, 7.632783294297951215E-14, 13.75902508009009928 ) ) ;
#2581 = CARTESIAN_POINT ( 'NONE',  ( 9.213887237051345380, 5.551115123125782702E-14, -115.8395525048318007 ) ) ;
#2582 = CARTESIAN_POINT ( 'NONE',  ( 42.26731446118829894, -20.00000000000013145, -83.31553689717276256 ) ) ;
#2583 = CARTESIAN_POINT ( 'NONE',  ( -35.72907972730385495, 0.000000000000000000, 75.36479642356148645 ) ) ;
#2584 = CARTESIAN_POINT ( 'NONE',  ( 8.289727415466247251, -19.99999999999996092, 53.82363855923255613 ) ) ;
#2585 = CARTESIAN_POINT ( 'NONE',  ( -76.07161900691700396, -19.99999999999996092, 75.47360850646779795 ) ) ;
#2586 = CARTESIAN_POINT ( 'NONE',  ( 50.32008439490863339, -19.99999999999997158, -54.66926620072963772 ) ) ;
#2587 = CARTESIAN_POINT ( 'NONE',  ( -36.25887736227033287, -20.00000000000001776, 75.50423910929383453 ) ) ;
#2588 = CARTESIAN_POINT ( 'NONE',  ( 26.19724553481832530, -19.99999999999996092, -104.6435958490237681 ) ) ;
#2589 = CARTESIAN_POINT ( 'NONE',  ( 0.3191961540255097152, 0.000000000000000000, -119.3723574335658242 ) ) ;
#2590 = CARTESIAN_POINT ( 'NONE',  ( 49.11103017930160064, 5.551115123125782702E-14, -61.47273330371334765 ) ) ;
#2591 = CARTESIAN_POINT ( 'NONE',  ( -103.6691311631655168, 7.632783294297951215E-14, 59.55527773595928664 ) ) ;
#2592 = CARTESIAN_POINT ( 'NONE',  ( -85.03287892652217295, 5.402238550073445103E-14, -98.29153084069817226 ) ) ;
#2593 = CARTESIAN_POINT ( 'NONE',  ( 20.34646017237346172, -19.99999999999996092, 45.54737814320932188 ) ) ;
#2594 = CARTESIAN_POINT ( 'NONE',  ( 51.41598157247413070, 0.000000000000000000, -29.03409751142283568 ) ) ;
#2595 = CARTESIAN_POINT ( 'NONE',  ( 49.86397337730661405, -20.00000000000012790, -9.303551122066266998 ) ) ;
#2596 = CARTESIAN_POINT ( 'NONE',  ( -52.01191719506145716, -19.99999999999996092, -118.1229046015597248 ) ) ;
#2597 = CARTESIAN_POINT ( 'NONE',  ( 21.14100974632476948, 5.551115123125782702E-14, -108.7314013359610385 ) ) ;
#2598 = CARTESIAN_POINT ( 'NONE',  ( 51.34674632723962873, 0.000000000000000000, -44.82015892852106020 ) ) ;
#2599 = CARTESIAN_POINT ( 'NONE',  ( 44.62300543444951728, 5.551115123125782702E-14, -77.51109135463727284 ) ) ;
#2600 = CARTESIAN_POINT ( 'NONE',  ( 6.557318504557803962, 0.000000000000000000, 55.02897804736889498 ) ) ;
#2601 = CARTESIAN_POINT ( 'NONE',  ( 6.123233995736766282E-16, -291.0347536423743122, -5.000000000000000000 ) ) ;
#2602 = CARTESIAN_POINT ( 'NONE',  ( -109.5409041180269156, -19.99999999999996092, 53.56693451432044384 ) ) ;
#2603 = CARTESIAN_POINT ( 'NONE',  ( 49.83482081050772905, -19.99999999999996092, -57.65594381449523809 ) ) ;
#2604 = CARTESIAN_POINT ( 'NONE',  ( -35.22010231652344459, 7.632783294297951215E-14, 75.22900213415194060 ) ) ;
#2605 = CARTESIAN_POINT ( 'NONE',  ( 35.62807943856389414, -19.99999999999996092, -94.36307671759372795 ) ) ;
#2606 = CARTESIAN_POINT ( 'NONE',  ( 50.10913760715087761, 4.510743695363289905E-14, -56.04984635634863821 ) ) ;
#2607 = CARTESIAN_POINT ( 'NONE',  ( -98.74346293034568589, -20.00000000000002132, 63.71400582475243368 ) ) ;
#2608 = CARTESIAN_POINT ( 'NONE',  ( -117.3755861750766485, 0.000000000000000000, 42.97635088227298894 ) ) ;
#2609 = CARTESIAN_POINT ( 'NONE',  ( 49.56025171902470561, -19.99999999999996092, -3.667940681710162298 ) ) ;
#2610 = CARTESIAN_POINT ( 'NONE',  ( 51.39934733251038068, 0.000000000000000000, -28.70507894506157243 ) ) ;
#2611 = CARTESIAN_POINT ( 'NONE',  ( 49.92233151645315559, 5.551115123125782702E-14, -10.09079242440099122 ) ) ;
#2612 = CARTESIAN_POINT ( 'NONE',  ( -13.54398843061486346, 5.551115123125782702E-14, -122.5020150523949383 ) ) ;
#2613 = CARTESIAN_POINT ( 'NONE',  ( 46.35082716652500068, 0.000000000000000000, -72.31242910035031457 ) ) ;
#2614 = CARTESIAN_POINT ( 'NONE',  ( 45.33770611185969557, 5.551115123125782702E-14, -75.43954745966217956 ) ) ;
#2615 = CARTESIAN_POINT ( 'NONE',  ( -11.99568713701364686, 0.000000000000000000, 66.30211285429210477 ) ) ;
#2616 = CARTESIAN_POINT ( 'NONE',  ( -73.61714511069955336, -19.99999999999996092, 76.18061813125923720 ) ) ;
#2617 = CARTESIAN_POINT ( 'NONE',  ( 50.91145352320522477, -19.99999999999996092, -49.93212253141489754 ) ) ;
#2618 = CARTESIAN_POINT ( 'NONE',  ( -35.46441832298955177, 7.632783294297951215E-14, 75.29418522044761630 ) ) ;
#2619 = CARTESIAN_POINT ( 'NONE',  ( 28.76741398491165924, -19.99999999999996092, -102.2414406384184247 ) ) ;
#2620 = CARTESIAN_POINT ( 'NONE',  ( -110.7920837712101871, 7.632783294297951215E-14, 52.10748862797155567 ) ) ;
#2621 = CARTESIAN_POINT ( 'NONE',  ( -119.8837435865156067, 0.000000000000000000, 38.66141645026768003 ) ) ;
#2622 = CARTESIAN_POINT ( 'NONE',  ( 50.28750706509866575, 5.551115123125782702E-14, -14.47016087134193718 ) ) ;
#2623 = CARTESIAN_POINT ( 'NONE',  ( -0.2581821330022430194, -20.00000000000012790, -119.5577400436045536 ) ) ;
#2624 = CARTESIAN_POINT ( 'NONE',  ( 51.10596113655772399, 0.000000000000000000, -48.01787158979779946 ) ) ;
#2625 = CARTESIAN_POINT ( 'NONE',  ( 45.33770611185969557, -20.00000000000012790, -75.43954745966217956 ) ) ;
#2626 = CARTESIAN_POINT ( 'NONE',  ( -1.483541683495443575, 0.000000000000000000, 60.34487985667941246 ) ) ;
#2627 = CARTESIAN_POINT ( 'NONE',  ( -65.88356323938853620, 0.000000000000000000, 77.77637115800037293 ) ) ;
#2628 = CARTESIAN_POINT ( 'NONE',  ( -75.51059716021592294, -19.99999999999996092, 75.64398578034990805 ) ) ;
#2629 = CARTESIAN_POINT ( 'NONE',  ( 49.54646314728117318, -19.99999999999996092, -59.25950730359811303 ) ) ;
#2630 = CARTESIAN_POINT ( 'NONE',  ( -35.46441832298955177, -20.00000000000001776, 75.29418522044761630 ) ) ;
#2631 = CARTESIAN_POINT ( 'NONE',  ( 47.40328839015885620, -19.99999999999996092, -68.62468890959810608 ) ) ;
#2632 = CARTESIAN_POINT ( 'NONE',  ( -108.1464367951323595, 3.470911016186583319E-14, 55.14173609230107331 ) ) ;
#2633 = CARTESIAN_POINT ( 'NONE',  ( -122.6562147185706664, 0.000000000000000000, 32.89495036707205600 ) ) ;
#2634 = CARTESIAN_POINT ( 'NONE',  ( 50.93515218559669933, -20.00000000000011013, -21.83568461803147542 ) ) ;
#2635 = CARTESIAN_POINT ( 'NONE',  ( -9.728720907734265566, -20.00000000000012790, -121.9072767739475012 ) ) ;
#2636 = CARTESIAN_POINT ( 'NONE',  ( 51.21479659127105322, 0.000000000000000000, -46.73973678480606253 ) ) ;
#2637 = CARTESIAN_POINT ( 'NONE',  ( 14.16416037428063390, -20.00000000000001776, 49.69818416124040539 ) ) ;
#2638 = CARTESIAN_POINT ( 'NONE',  ( -11.82093474377541220, 0.000000000000000000, 66.21328390212673298 ) ) ;
#2639 = CARTESIAN_POINT ( 'NONE',  ( -63.90678189668969367, 0.000000000000000000, 78.03636024072366695 ) ) ;
#2640 = CARTESIAN_POINT ( 'NONE',  ( -30.36294514356157137, -19.99999999999996447, 73.82088577318062050 ) ) ;
#2641 = CARTESIAN_POINT ( 'NONE',  ( -45.08456346526175196, -20.00000000000001776, 77.44924956539111349 ) ) ;
#2642 = CARTESIAN_POINT ( 'NONE',  ( -2.779758497319880117, -19.99999999999996092, -120.3076996872682258 ) ) ;
#2643 = CARTESIAN_POINT ( 'NONE',  ( -64.47882907447802836, -19.99999999999996092, -112.3068503969331147 ) ) ;
#2644 = CARTESIAN_POINT ( 'NONE',  ( -102.1803053071303253, -20.00000000000001776, 60.88227345021810777 ) ) ;
#2645 = CARTESIAN_POINT ( 'NONE',  ( -111.1829728514031927, 0.000000000000000000, 51.63641580393029074 ) ) ;
#2646 = CARTESIAN_POINT ( 'NONE',  ( 51.11050652135115513, 5.551115123125782702E-14, -24.10208743479802251 ) ) ;
#2647 = CARTESIAN_POINT ( 'NONE',  ( -21.81712805980776793, -20.00000000000012790, -123.1487448981797570 ) ) ;
#2648 = LOCAL_TIME ( 13, 59, 22.00000000000000000, #1207 ) ;
#2649 = ORIENTED_EDGE ( 'NONE', *, *, #968, .F. ) ;
#2650 = CARTESIAN_POINT ( 'NONE',  ( 16.87487507180183144, -20.00000000000001776, 47.83524323923181498 ) ) ;
#2651 = CARTESIAN_POINT ( 'NONE',  ( -0.2682689708017798602, 0.000000000000000000, 59.57803667443895534 ) ) ;
#2652 = CARTESIAN_POINT ( 'NONE',  ( -105.5794034487033741, 0.000000000000000000, 57.74650836856939407 ) ) ;
#2653 = CARTESIAN_POINT ( 'NONE',  ( -31.81300387485141457, -19.99999999999996447, 74.26752345192460325 ) ) ;
#2654 = EDGE_CURVE ( 'NONE', #1843, #2265, #466, .T. ) ;
#2655 = CARTESIAN_POINT ( 'NONE',  ( -10.60188634929150986, -20.00000000000001776, 65.58323180723385804 ) ) ;
#2656 = CARTESIAN_POINT ( 'NONE',  ( 49.63592549654524788, -19.99999999999996092, -5.529040127166795493 ) ) ;
#2657 = CARTESIAN_POINT ( 'NONE',  ( -10.26963300617390296, -19.99999999999996092, -122.0025033980326867 ) ) ;
#2658 = CARTESIAN_POINT ( 'NONE',  ( -55.22628520282423636, -19.99999999999996092, -116.8633124305262356 ) ) ;
#2659 = CARTESIAN_POINT ( 'NONE',  ( -85.37826836450481949, 7.632783294297951215E-14, 71.86181726706877271 ) ) ;
#2660 = CARTESIAN_POINT ( 'NONE',  ( -129.2598283783068496, 0.000000000000000000, 6.570587247454587221 ) ) ;
#2661 = CARTESIAN_POINT ( 'NONE',  ( 50.54985171713744307, 5.551115123125782702E-14, -17.40652414260651781 ) ) ;
#2662 = CARTESIAN_POINT ( 'NONE',  ( -21.20036392216272247, 5.551115123125782702E-14, -123.1304340380191036 ) ) ;
#2663 = CARTESIAN_POINT ( 'NONE',  ( 20.98186833761895542, 0.000000000000000000, 45.14402156672510102 ) ) ;
#2664 = CARTESIAN_POINT ( 'NONE',  ( 9.961671733638270965, 7.632783294297951215E-14, 52.64869109340931885 ) ) ;
#2665 = DIRECTION ( 'NONE',  ( 1.000000000000000000, 0.000000000000000000, 0.000000000000000000 ) ) ;
#2666 = CARTESIAN_POINT ( 'NONE',  ( -103.6691311631655168, 0.000000000000000000, 59.55527773595928664 ) ) ;
#2667 = CARTESIAN_POINT ( 'NONE',  ( -71.65388179840903149, -19.99999999999994316, 76.69771247719907592 ) ) ;
#2668 = CARTESIAN_POINT ( 'NONE',  ( -14.87040112620456256, 9.715253066485340367E-14, 67.72318329009642923 ) ) ;
#2669 = CARTESIAN_POINT ( 'NONE',  ( 20.13521060592572454, -19.99999999999996092, 45.68269667168101478 ) ) ;
#2670 = CARTESIAN_POINT ( 'NONE',  ( 16.96076102961903942, -19.99999999999996092, -111.5799928847266642 ) ) ;
#2671 = CARTESIAN_POINT ( 'NONE',  ( -54.21736718819953182, -19.99999999999996092, -117.2736892399965001 ) ) ;
#2672 = CARTESIAN_POINT ( 'NONE',  ( -84.87125771882590186, -20.00000000000001776, 72.10015590158110399 ) ) ;
#2673 = CARTESIAN_POINT ( 'NONE',  ( 50.14426547947343948, -20.00000000000012790, -12.84475672941776381 ) ) ;
#2674 = CARTESIAN_POINT ( 'NONE',  ( -52.75018560783173172, 5.551115123125782702E-14, -117.8480569688450004 ) ) ;
#2675 = DIRECTION ( 'NONE',  ( 0.000000000000000000, 1.000000000000000000, 0.000000000000000000 ) ) ;
#2676 = CARTESIAN_POINT ( 'NONE',  ( 14.92024357882816155, 6.938938348339045991E-14, 49.17232787526844362 ) ) ;
#2677 = CARTESIAN_POINT ( 'NONE',  ( 16.33094912897125894, 0.000000000000000000, 48.20523126937127500 ) ) ;
#2678 = CARTESIAN_POINT ( 'NONE',  ( -94.91662646091890565, 0.000000000000000000, 66.44012601042292943 ) ) ;
#2679 = CARTESIAN_POINT ( 'NONE',  ( -1.636029221319765359, -19.99999999999996092, 60.43981166104636316 ) ) ;
#2680 = CARTESIAN_POINT ( 'NONE',  ( -20.89294423600530948, -20.00000000000001776, 70.38275560592806812 ) ) ;
#2681 = CARTESIAN_POINT ( 'NONE',  ( -34.64291270945446399, 0.000000000000000000, -122.4494251740340047 ) ) ;
#2682 = CARTESIAN_POINT ( 'NONE',  ( -67.18190907798469880, -19.99999999999996092, -110.7106186986478775 ) ) ;
#2683 = CARTESIAN_POINT ( 'NONE',  ( -94.22012091887013696, -20.00000000000001776, 66.90506011229875583 ) ) ;
#2684 = CARTESIAN_POINT ( 'NONE',  ( 51.55042934964712487, -20.00000000000013856, -40.60193007014022015 ) ) ;
#2685 = CARTESIAN_POINT ( 'NONE',  ( -41.23241196420706700, 5.551115123125782702E-14, -121.2797746702288180 ) ) ;
#2686 = ORIENTED_EDGE ( 'NONE', *, *, #2482, .F. ) ;
#2687 = CARTESIAN_POINT ( 'NONE',  ( 8.768046514931468138, 7.632783294297951215E-14, 53.48882421083186500 ) ) ;
#2688 = APPROVAL_ROLE ( '' ) ;
#2689 = CARTESIAN_POINT ( 'NONE',  ( 25.50749373707376222, -20.00000000000012790, -105.2456952650657200 ) ) ;
#2690 = CARTESIAN_POINT ( 'NONE',  ( -23.48602201923717558, -19.99999999999997158, 71.42070930769716597 ) ) ;
#2691 = CARTESIAN_POINT ( 'NONE',  ( -20.89294423600530948, 7.632783294297951215E-14, 70.38275560592806812 ) ) ;
#2692 = CARTESIAN_POINT ( 'NONE',  ( -64.47882907447802836, 0.000000000000000000, -112.3068503969331147 ) ) ;
#2693 = CARTESIAN_POINT ( 'NONE',  ( -128.8197399366202376, -19.99999999999996092, 10.60429027317190886 ) ) ;
#2694 = CARTESIAN_POINT ( 'NONE',  ( -96.50144569378835513, 7.632783294297951215E-14, 65.34637712929919928 ) ) ;
#2695 = CARTESIAN_POINT ( 'NONE',  ( 11.57727768316423678, 0.000000000000000000, -114.6684867550572733 ) ) ;
#2696 = CARTESIAN_POINT ( 'NONE',  ( 51.49580163270221789, 5.551115123125782702E-14, -41.97311881014217505 ) ) ;
#2697 = CARTESIAN_POINT ( 'NONE',  ( -32.22284460518721971, -20.00000000000012790, -122.7375199821938168 ) ) ;
#2698 = CARTESIAN_POINT ( 'NONE',  ( 25.49029846729136040, -20.00000000000012790, 42.43294320460533697 ) ) ;
#2699 = CALENDAR_DATE ( 2025, 23, 6 ) ;
#2700 = CARTESIAN_POINT ( 'NONE',  ( 26.19724553481832530, 5.551115123125782702E-14, -104.6435958490237681 ) ) ;
#2701 = CARTESIAN_POINT ( 'NONE',  ( -5.327846296278016425, -19.99999999999996092, 62.66552467598075538 ) ) ;
#2702 = CARTESIAN_POINT ( 'NONE',  ( -23.48602201923717558, -20.00000000000002842, 71.42070930769716597 ) ) ;
#2703 = CARTESIAN_POINT ( 'NONE',  ( -57.22483542718588723, 0.000000000000000000, -115.9962497806018717 ) ) ;
#2704 = CARTESIAN_POINT ( 'NONE',  ( -117.3755861750766485, -19.99999999999996092, 42.97635088227298894 ) ) ;
#2705 = CARTESIAN_POINT ( 'NONE',  ( -78.39169886996567982, -20.00000000000001776, 74.71298519571119812 ) ) ;
#2706 = CARTESIAN_POINT ( 'NONE',  ( 37.14047082972140146, 0.000000000000000000, -92.27565682143159620 ) ) ;
#2707 = CARTESIAN_POINT ( 'NONE',  ( 51.60688421601678044, -20.00000000000012790, -37.07378121181979225 ) ) ;
#2708 = CARTESIAN_POINT ( 'NONE',  ( -46.29613354169254080, 5.551115123125782702E-14, -119.9968429281379230 ) ) ;
#2709 = CARTESIAN_POINT ( 'NONE',  ( 50.47457959439152830, 0.000000000000000000, -16.56759150953199011 ) ) ;
#2710 = CARTESIAN_POINT ( 'NONE',  ( 18.03507939691665385, 7.632783294297951215E-14, 47.05494426100010941 ) ) ;
#2711 = CARTESIAN_POINT ( 'NONE',  ( 13.18665676102053652, 0.000000000000000000, 50.38195317046943700 ) ) ;
#2712 = CARTESIAN_POINT ( 'NONE',  ( 29.36371972654129081, -20.00000000000012790, -101.6449902250432160 ) ) ;
#2713 = CARTESIAN_POINT ( 'NONE',  ( -26.76668319554417153, -19.99999999999996092, 72.61516529951001075 ) ) ;
#2714 = CARTESIAN_POINT ( 'NONE',  ( -7.327202959124728743, 7.632783294297951215E-14, 63.80880633059798868 ) ) ;
#2715 = CARTESIAN_POINT ( 'NONE',  ( -48.47109339016709129, 0.000000000000000000, -119.3599668928096520 ) ) ;
#2716 = CARTESIAN_POINT ( 'NONE',  ( -127.9853351376479225, -19.99999999999996803, 15.86627060831177438 ) ) ;
#2717 = CARTESIAN_POINT ( 'NONE',  ( 51.33968084773972862, -19.99999999999998224, -27.55357721710938179 ) ) ;
#2718 = CARTESIAN_POINT ( 'NONE',  ( -73.61714511069955336, -20.00000000000001776, 76.18061813125923720 ) ) ;
#2719 = CARTESIAN_POINT ( 'NONE',  ( 40.71007645442282552, 0.000000000000000000, -86.36526296796421320 ) ) ;
#2720 = CARTESIAN_POINT ( 'NONE',  ( 51.59908559496192737, -20.00000000000012790, -35.04871536410139754 ) ) ;
#2721 = CARTESIAN_POINT ( 'NONE',  ( -118.7983679148496066, 7.632783294297951215E-14, 40.58235565491597185 ) ) ;
#2722 = CARTESIAN_POINT ( 'NONE',  ( -35.36212523994198165, -20.00000000000012790, -122.3473815124500419 ) ) ;
#2723 = CARTESIAN_POINT ( 'NONE',  ( 50.21297094262821759, 0.000000000000000000, -13.63116255152852574 ) ) ;
#2724 = CARTESIAN_POINT ( 'NONE',  ( 22.53991191228896440, -20.00000000000011013, 44.17595457144954452 ) ) ;
#2725 = CARTESIAN_POINT ( 'NONE',  ( -128.8197399366202376, 7.632783294297951215E-14, 10.60429027317190886 ) ) ;
#2726 = APPROVAL_DATE_TIME ( #2077, #1306 ) ;
#2727 = CARTESIAN_POINT ( 'NONE',  ( 39.14474852173184871, -20.00000000000012790, -89.11114154477184002 ) ) ;
#2728 = CARTESIAN_POINT ( 'NONE',  ( -17.39640560672453873, -19.99999999999996092, 68.88221302896101861 ) ) ;
#2729 = CARTESIAN_POINT ( 'NONE',  ( -6.303394235830309000, -20.00000000000001776, 63.22976334717490943 ) ) ;
#2730 = EDGE_CURVE ( 'NONE', #1587, #1381, #2356, .T. ) ;
#2731 = CARTESIAN_POINT ( 'NONE',  ( -122.6562147185706664, -19.99999999999996092, 32.89495036707205600 ) ) ;
#2732 = CARTESIAN_POINT ( 'NONE',  ( 50.11091833051023769, -19.99999999999996092, -12.45146762077314229 ) ) ;
#2733 = CARTESIAN_POINT ( 'NONE',  ( -67.34939302101429348, 7.632783294297951215E-14, 77.54683420850896880 ) ) ;
#2734 = CARTESIAN_POINT ( 'NONE',  ( 10.83142123908771204, 0.000000000000000000, -115.0495483197614135 ) ) ;
#2735 = CARTESIAN_POINT ( 'NONE',  ( 51.28110269957004874, -20.00000000000015277, -26.56698743352724534 ) ) ;
#2736 = CARTESIAN_POINT ( 'NONE',  ( -126.1917675709070323, 7.632783294297951215E-14, 23.14696292378046039 ) ) ;
#2737 = CARTESIAN_POINT ( 'NONE',  ( -62.28575225596777187, -20.00000000000012790, -113.5174472558108505 ) ) ;
#2738 = CARTESIAN_POINT ( 'NONE',  ( 49.56025171902470561, 0.000000000000000000, -3.667940681710162298 ) ) ;
#2739 = CARTESIAN_POINT ( 'NONE',  ( 17.51357088440134291, -20.00000000000001776, 47.40335867023027561 ) ) ;
#2740 = CARTESIAN_POINT ( 'NONE',  ( -116.0957921304937202, 4.885503462624498950E-14, -66.42701805493732081 ) ) ;
#2741 = SECURITY_CLASSIFICATION_LEVEL ( 'unclassified' ) ;
#2742 =( BOUNDED_CURVE ( )  B_SPLINE_CURVE ( 3, ( #1887, #1849, #2524, #2314, #993, #595, #2298, #1236, #2747, #792, #383, #1684, #1838, #2498, #2081, #173, #1436, #1043, #2286, #2693, #372, #2260, #349, #834, #361, #2539, #780, #2716, #1641, #2096, #2069, #1200, #1029, #2045, #2272, #136, #1224, #1005, #1212, #1861, #1873, #160, #574, #805, #1017, #1652, #2731, #2509, #1446, #819, #1669, #1461, #398, #2486, #1252, #188, #1629, #1424, #2057, #148, #2704, #2569, #915, #1936, #1476, #2344, #460, #2361, #1299, #218, #1524, #2398, #1490, #1267, #691, #427, #2554, #2602, #622, #1541, #45, #12, #673, #202, #865, #640, #2379, #2761, #1954, #2146, #900, #1089, #1713, #236, #1318, #61, #1746, #2329, #1072, #2165, #1919, #412, #2112, #479, #2128, #1762, #656, #1283, #256, #1335, #2182, #28, #1106, #273, #1506, #1057, #443, #883, #1902, #1123, #1970, #849, #1698, #1729, #2585, #967, #2628, #1159, #2206, #2616, #1982, #2667, #2243, #1360, #743, #1774, #1812, #756, #297, #2007, #952, #310, #2447, #928, #504, #335, #1147, #1603, #2460, #2194, #1798, #1591, #532, #1185, #1995, #1385, #122, #285, #940, #2231, #323, #1347, #1172, #517, #545, #718, #706, #1554, #2031, #1567, #981, #1135, #97, #85, #1397, #1372, #2411, #2019, #492, #2423, #73, #110, #1786, #2653, #2640, #730, #1578, #2434, #2218, #2079, #2713, #157, #171, #1014, #2507, #607, #2690, #766, #1858, #2296, #145, #1871, #1459, #571, #801, #990, #1027, #2728, #1421, #369, #1650, #817, #1667, #1002, #2522, #593, #1209, #2066, #346, #2042, #1197, #1444, #381, #396, #2054, #1234, #2094, #1409, #1846, #2312, #1250, #2701, #185, #789, #2257, #1638, #1824, #2679, #1614, #358, #2495, #133, #1221, #583, #2470, #1433, #558, #1835, #777, #1626, #2483, #2281, #2269, #847, #1504, #1728, #216, #1334, #2360, #1885, #2759, #1935, #1070, #235, #2584, #459, #27, #255, #2109, #2567, #442, #1041, #1298, #690, #1711, #1696, #425, #1087, #620, #1281, #1055, #410, #2378, #653, #1317, #2145, #2126, #882, #672, #478, #2164, #1474, #862, #1522, #2397, #2745, #832, #1682 ),
 .UNSPECIFIED., .F., .F. ) 
 B_SPLINE_CURVE_WITH_KNOTS ( ( 4, 3, 1, 1, 3, 1, 1, 3, 3, 1, 1, 3, 1, 1, 3, 3, 1, 1, 3, 1, 1, 3, 3, 1, 1, 3, 1, 1, 3, 3, 1, 1, 3, 1, 1, 3, 3, 1, 1, 3, 1, 1, 3, 3, 1, 1, 3, 1, 1, 3, 3, 1, 1, 3, 1, 1, 3, 3, 1, 1, 3, 1, 1, 3, 3, 1, 1, 3, 1, 1, 3, 3, 1, 1, 3, 1, 1, 3, 3, 1, 1, 3, 1, 1, 3, 3, 1, 1, 3, 1, 1, 3, 3, 1, 1, 3, 1, 1, 3, 3, 1, 1, 3, 1, 1, 3, 3, 1, 1, 3, 1, 1, 3, 3, 1, 1, 3, 1, 1, 3, 3, 1, 1, 3, 1, 1, 3, 3, 1, 1, 3, 1, 1, 3, 3, 1, 1, 3, 1, 1, 3, 3, 1, 1, 3, 3, 1, 1, 3, 1, 1, 3, 3, 1, 1, 3, 1, 1, 3, 4 ),
 ( 0.5000000000000000000, 0.6550764138353046828, 0.6566521526677713272, 0.6582278915002377495, 0.6598036303327043939, 0.6613749042232889286, 0.6629461781138734633, 0.6645174520044579980, 0.6739437293513814708, 0.6757655925086223370, 0.6775874556658632031, 0.6794093188231040692, 0.6807270151620066212, 0.6820447115009091732, 0.6833624078398117252, 0.6927708163343087033, 0.6947312072012420403, 0.6966915980681753773, 0.6986519889351086032, 0.6998222824594080294, 0.7009925759837073445, 0.7021628695080066596, 0.7115359789649384759, 0.7133585516330370746, 0.7151811243011356733, 0.7170036969692343831, 0.7182972990670370983, 0.7195909011648400355, 0.7208845032626427507, 0.7302057314729579751, 0.7319525319784347950, 0.7336993324839115038, 0.7354461329893882127, 0.7367956809228444204, 0.7381452288563006281, 0.7394947767897567248, 0.7487488558399204575, 0.7504425610849740913, 0.7521362663300275031, 0.7538299715750811369, 0.7552079995591323147, 0.7565860275431834925, 0.7579640555272347813, 0.7671375254812151656, 0.7687876468972852928, 0.7704377683133555310, 0.7720878897294256582, 0.7734807921110011808, 0.7748736944925765924, 0.7762665968741521150, 0.7853483461110593034, 0.7869586947502136276, 0.7885690433893678408, 0.7901793920285221651, 0.7915801464777876273, 0.7929809009270532005, 0.7943816553763186628, 0.8033635170333561781, 0.8049349413049555757, 0.8065063655765549733, 0.8080777898481542598, 0.8094834284617473674, 0.8108890670753404750, 0.8122947056889335826, 0.8211721165240093434, 0.8227035880850090965, 0.8242350596460087386, 0.8257665312070083807, 0.8271772845674514318, 0.8285880379278944829, 0.8299987912883375341, 0.8387715136697670992, 0.8402604035507472702, 0.8417492934317275521, 0.8432381833127078341, 0.8446574539534008608, 0.8460767245940939985, 0.8474959952347871361, 0.8561688937974085700, 0.8576146608714457775, 0.8590604279454829850, 0.8605061950195200815, 0.8619378661035769218, 0.8633695371876337621, 0.8648012082716907134, 0.8733894565979478664, 0.8748211276820692106, 0.8762527987661906659, 0.8776844698503120101, 0.8790590229074246587, 0.8804335759645373072, 0.8818081290216499557, 0.8900550277994588866, 0.8914295808565921853, 0.8928041339137255950, 0.8941786869708590046, 0.8954475735864373398, 0.8967164602020157860, 0.8979853468175942321, 0.9055983229405699664, 0.9068672095561753910, 0.9081360961717808156, 0.9094049827873862402, 0.9105729571206157003, 0.9117409314538452714, 0.9129089057870747315, 0.9199164822382096540, 0.9210844565713390830, 0.9222524309044685120, 0.9234204052375978300, 0.9244931866290468925, 0.9255659680204959550, 0.9266387494119450174, 0.9330752385992523434, 0.9341480199905981552, 0.9352208013819438559, 0.9362935827732896676, 0.9372772967450953008, 0.9382610107169009339, 0.9392447246887066781, 0.9451468739764307125, 0.9461305879481843872, 0.9471143019199381730, 0.9480980158916918477, 0.9489993832959422448, 0.9499007507001925310, 0.9508021181044428172, 0.9562102438845780927, 0.9571116112887866345, 0.9580129786929951763, 0.9589143460972037181, 0.9597409240073248027, 0.9605675019174459983, 0.9613940798275670829, 0.9663535120923015809, 0.9671800900021211289, 0.9680066679119405659, 0.9688332458217601140, 0.9695937138286618850, 0.9703541818355635451, 0.9711146498424653162, 0.9756774497501511378, 0.9771423771283525017, 0.9786073045065537546, 0.9800722318847550074, 0.9842989918398307170, 0.9850034518328271149, 0.9857079118258235129, 0.9864123718188200218, 0.9870725871294360187, 0.9877328024400520157, 0.9883930177506680126, 0.9923543000466041875, 0.9930145153483714848, 0.9936747306501387822, 0.9943349459519059685, 0.9949643995628596471, 0.9955938531738132147, 0.9962233067847667822, 1.000000000000000000 ),
 .UNSPECIFIED. ) 
 CURVE ( )  GEOMETRIC_REPRESENTATION_ITEM ( )  RATIONAL_B_SPLINE_CURVE ( ( 0.9530689267635147344, 0.9231967743027182927, 0.9388404653815467515, 1.000000000000000000, 1.000000000000000000, 1.000000000000000000, 1.000000000000000000, 1.000000000000000000, 1.000000000000000000, 1.000000000000000000, 1.000000000000000000, 1.000000000000000000, 1.000000000000000000, 1.000000000000000000, 0.9996136474098020752, 0.9996136474098020752, 1.000000000000000000, 1.000000000000000000, 1.000000000000000000, 1.000000000000000000, 1.000000000000000000, 1.000000000000000000, 1.000000000000000000, 1.000000000000000000, 1.000000000000000000, 1.000000000000000000, 1.000000000000000000, 0.9996108244030065260, 0.9996108244030065260, 1.000000000000000000, 1.000000000000000000, 1.000000000000000000, 1.000000000000000000, 1.000000000000000000, 1.000000000000000000, 1.000000000000000000, 1.000000000000000000, 1.000000000000000000, 1.000000000000000000, 1.000000000000000000, 0.9996063078272393598, 0.9996063078272393598, 1.000000000000000000, 1.000000000000000000, 1.000000000000000000, 1.000000000000000000, 1.000000000000000000, 1.000000000000000000, 1.000000000000000000, 1.000000000000000000, 1.000000000000000000, 1.000000000000000000, 1.000000000000000000, 0.9995994386224308359, 0.9995994386224308359, 1.000000000000000000, 1.000000000000000000, 1.000000000000000000, 1.000000000000000000, 1.000000000000000000, 1.000000000000000000, 1.000000000000000000, 1.000000000000000000, 1.000000000000000000, 1.000000000000000000, 1.000000000000000000, 0.9995901096559622889, 0.9995901096559622889, 1.000000000000000000, 1.000000000000000000, 1.000000000000000000, 1.000000000000000000, 1.000000000000000000, 1.000000000000000000, 1.000000000000000000, 1.000000000000000000, 1.000000000000000000, 1.000000000000000000, 1.000000000000000000, 0.9995781902139980746, 0.9995781902139980746, 1.000000000000000000, 1.000000000000000000, 1.000000000000000000, 1.000000000000000000, 1.000000000000000000, 1.000000000000000000, 1.000000000000000000, 1.000000000000000000, 1.000000000000000000, 1.000000000000000000, 1.000000000000000000, 0.9995635405903942061, 0.9995635405903942061, 1.000000000000000000, 1.000000000000000000, 1.000000000000000000, 1.000000000000000000, 1.000000000000000000, 1.000000000000000000, 1.000000000000000000, 1.000000000000000000, 1.000000000000000000, 1.000000000000000000, 1.000000000000000000, 0.9995460358774242993, 0.9995460358774242993, 1.000000000000000000, 1.000000000000000000, 1.000000000000000000, 1.000000000000000000, 1.000000000000000000, 1.000000000000000000, 1.000000000000000000, 1.000000000000000000, 1.000000000000000000, 1.000000000000000000, 1.000000000000000000, 0.9995256028155401484, 0.9995256028155401484, 1.000000000000000000, 1.000000000000000000, 1.000000000000000000, 1.000000000000000000, 1.000000000000000000, 1.000000000000000000, 1.000000000000000000, 1.000000000000000000, 1.000000000000000000, 1.000000000000000000, 1.000000000000000000, 0.9995022737163351545, 0.9995022737163351545, 1.000000000000000000, 1.000000000000000000, 1.000000000000000000, 1.000000000000000000, 1.000000000000000000, 1.000000000000000000, 1.000000000000000000, 1.000000000000000000, 1.000000000000000000, 1.000000000000000000, 1.000000000000000000, 0.9994762600386840612, 0.9994762600386840612, 1.000000000000000000, 1.000000000000000000, 1.000000000000000000, 1.000000000000000000, 1.000000000000000000, 1.000000000000000000, 1.000000000000000000, 1.000000000000000000, 1.000000000000000000, 1.000000000000000000, 1.000000000000000000, 0.9994480436684125557, 0.9994480436684125557, 1.000000000000000000, 1.000000000000000000, 1.000000000000000000, 1.000000000000000000, 1.000000000000000000, 1.000000000000000000, 1.000000000000000000, 1.000000000000000000, 1.000000000000000000, 1.000000000000000000, 1.000000000000000000, 0.9998643425550017838, 0.9998643425550017838, 1.000000000000000000, 1.000000000000000000, 1.000000000000000000, 1.000000000000000000, 1.000000000000000000, 1.000000000000000000, 1.000000000000000000, 1.000000000000000000, 1.000000000000000000, 1.000000000000000000, 1.000000000000000000, 0.9998796623900645386, 0.9998796623900645386, 1.000000000000000000, 1.000000000000000000, 1.000000000000000000, 1.000000000000000000, 1.000000000000000000, 1.000000000000000000, 1.000000000000000000, 1.000000000000000000, 1.000000000000000000, 1.000000000000000000, 1.000000000000000000, 0.9998974320300959562, 0.9998974320300959562, 1.000000000000000000, 1.000000000000000000, 1.000000000000000000, 1.000000000000000000, 1.000000000000000000, 1.000000000000000000, 1.000000000000000000, 1.000000000000000000, 1.000000000000000000, 1.000000000000000000, 1.000000000000000000, 0.9999174904647635254, 0.9999174904647635254, 1.000000000000000000, 1.000000000000000000, 1.000000000000000000, 1.000000000000000000, 1.000000000000000000, 1.000000000000000000, 1.000000000000000000, 1.000000000000000000, 1.000000000000000000, 1.000000000000000000, 1.000000000000000000, 0.9999392139473748387, 0.9999392139473748387, 1.000000000000000000, 1.000000000000000000, 1.000000000000000000, 1.000000000000000000, 1.000000000000000000, 1.000000000000000000, 1.000000000000000000, 1.000000000000000000, 1.000000000000000000, 1.000000000000000000, 1.000000000000000000, 0.9999612219496049059, 0.9999612219496049059, 1.000000000000000000, 1.000000000000000000, 1.000000000000000000, 1.000000000000000000, 1.000000000000000000, 1.000000000000000000, 1.000000000000000000, 1.000000000000000000, 1.000000000000000000, 1.000000000000000000, 1.000000000000000000, 0.9999810756281709567, 0.9999810756281709567, 1.000000000000000000, 1.000000000000000000, 1.000000000000000000, 1.000000000000000000, 1.000000000000000000, 1.000000000000000000, 1.000000000000000000, 1.000000000000000000, 1.000000000000000000, 1.000000000000000000, 1.000000000000000000, 0.9999952472409281423, 0.9999952472409281423, 1.000000000000000000, 1.000000000000000000, 1.000000000000000000, 1.000000000000000000, 1.000000000000000000, 1.000000000000000000, 0.9999999646649723184, 0.9999999646649723184, 1.000000000000000000, 1.000000000000000000, 1.000000000000000000, 1.000000000000000000, 1.000000000000000000, 1.000000000000000000, 1.000000000000000000, 1.000000000000000000, 1.000000000000000000, 1.000000000000000000, 1.000000000000000000, 0.9999935949233750287, 0.9999935949233750287, 1.000000000000000000, 1.000000000000000000, 1.000000000000000000, 1.000000000000000000, 1.000000000000000000, 1.000000000000000000, 1.000000000000000000, 1.000000000000000000, 1.000000000000000000, 1.000000000000000000, 1.000000000000000000, 0.9999799117517673697, 0.9999799117517673697, 1.000000000000000000 ) ) 
 REPRESENTATION_ITEM ( '' )  );
#2743 = CARTESIAN_POINT ( 'NONE',  ( 34.77191147670843918, -20.00000000000012790, -95.48880209419294829 ) ) ;
#2744 = CARTESIAN_POINT ( 'NONE',  ( -28.20153311051890199, 0.000000000000000000, 73.10822117639575879 ) ) ;
#2745 = CARTESIAN_POINT ( 'NONE',  ( 18.76638974813169725, -19.99999999999998579, 46.56895594186020304 ) ) ;
#2746 = CARTESIAN_POINT ( 'NONE',  ( -4.862863974609586748, 7.632783294297951215E-14, 62.39316224379291498 ) ) ;
#2747 = CARTESIAN_POINT ( 'NONE',  ( -129.5000000000000000, -19.99999999999996092, 8.581040066880929462E-11 ) ) ;
#2748 = CARTESIAN_POINT ( 'NONE',  ( 50.17809600094982869, -19.99999999999996092, -13.23800602164816631 ) ) ;
#2749 = CARTESIAN_POINT ( 'NONE',  ( -59.61695752531898052, 9.025288979580427996E-14, 78.41014084394873862 ) ) ;
#2750 = CARTESIAN_POINT ( 'NONE',  ( 18.53755701006575407, 0.000000000000000000, -110.5579486497398847 ) ) ;
#2751 = CARTESIAN_POINT ( 'NONE',  ( 51.38624037564420632, -20.00000000000012790, -44.18000575749566394 ) ) ;
#2752 = CARTESIAN_POINT ( 'NONE',  ( -126.2565438054511446, 7.632783294297951215E-14, 22.92292496891065312 ) ) ;
#2753 = CARTESIAN_POINT ( 'NONE',  ( -92.72927147329481556, -20.00000000000013500, -90.39652765472796148 ) ) ;
#2754 = CARTESIAN_POINT ( 'NONE',  ( 49.59177519026921033, 0.000000000000000000, -4.526517841407068588 ) ) ;
#2755 = CARTESIAN_POINT ( 'NONE',  ( 49.58680367459361094, 5.551115123125782702E-14, -4.401179784317896804 ) ) ;
#2756 = CARTESIAN_POINT ( 'NONE',  ( -128.9522483117305001, -20.00000000000001776, 9.522968386197320001 ) ) ;
#2757 = CARTESIAN_POINT ( 'NONE',  ( 0.3191961540255097152, -20.00000000000012790, -119.3723574335658242 ) ) ;
#2758 = CARTESIAN_POINT ( 'NONE',  ( -57.60013807714198464, 0.000000000000000000, 78.45591741695893973 ) ) ;
#2759 = CARTESIAN_POINT ( 'NONE',  ( 5.807865519963151257, -19.99999999999996092, 55.54385358363959568 ) ) ;
#2760 = CARTESIAN_POINT ( 'NONE',  ( -1.178907913980798305, 7.632783294297951215E-14, 60.15446801300607405 ) ) ;
#2761 = CARTESIAN_POINT ( 'NONE',  ( -103.2198959699369993, -19.99999999999996092, 59.96261069509812813 ) ) ;
#2762 = CARTESIAN_POINT ( 'NONE',  ( 49.89281698080696970, -19.99999999999996092, -9.697197145967182408 ) ) ;
#2763 = CARTESIAN_POINT ( 'NONE',  ( -54.43947350759615489, 7.632783294297951215E-14, 78.43859188351987655 ) ) ;
#2764 = CARTESIAN_POINT ( 'NONE',  ( -26.46010300103632673, 0.000000000000000000, -123.1530756718361062 ) ) ;
#2765 = CARTESIAN_POINT ( 'NONE',  ( 50.53789653535024939, 5.551115123125782702E-14, -53.05453507092891385 ) ) ;
ENDSEC;
END-ISO-10303-21;
